old_clause_number,new_clause_number,predicted_change_type,similarity,method,old_text,new_text,gold_change_type,notes
12.1,12.1,modified,0.945,exact_number+difflib,"to 12.3 Cavity barriers Diagram 2.3 Small residential buildings Diagram 11.7 See also Loft conversions Residential (institutional) purpose group 1.13, Rooftop plant Table 0.1 Height of top storey in building Diagram D6 Residential use Rooms Purpose groups Table 0.1 Definition Appendix A 163 Building Regulations 2010 Approved Document B Volume 1, 2019 edition O N L I N E V E R S I O N O N L I N E V E R S I O N S Smoke alarms Access rooms 2.12, 3.8 Safety signs and signals Circulation spaces 1.9 Fire doors Appendix C11 Material alterations 1.9 Seals Multi-storey flats 3.21 Proprietary pipe seals 9.3 Power supply 1.4 Security Standards 1.2 Compatibility with escape 3.77, 3.91–3.92 Smoke and fumes Self‑closing devices Smoke leakage of fire doors Appendix C1 to C2, Common corridors 3.35–3.36 Table C1 Definition Appendix A Smoke control External escape stairs 3.68 Common escape routes 3.49–3.54 Fire doorsets 3.36, Appendix C5 to C6 Compatibility with ventilation and air- See also Automatic release mechanisms conditioning systems 9.11 Semi‑detached houses By pressure differentials 3.54 B3 requirement page 49, 5.5 Smoke detectors Separated parts of buildings Extract ductwork 9.9 Compartment walls 7.9 Fire and smoke damper activation 9.14, 9.22 Definition Appendix A Smoke outlets Separation distances Free area of smoke ventilators Appendix D5, Buildings with sprinkler systems 11.21 Diagram D7 Canopies 11.12–11.13, Diagram 11.6 Mechanical 16.11–16.12 Roofs 11.14, 12.3–12.9, Table 12.1 Natural 16.5–16.10 See also Unprotected areas Outlet ducts or shafts 16.13–16.14 Service openings Provision 16.1–16.12 See Openings Space separation Shafts See Separation distances See Firefighting shafts; Protected shafts Specified attachments 10.9–10.15 Sheltered housing 0.11, 0.17 Definition Appendix A Central alarm monitoring 1.12 Spiral stairs 3.86 Definition Appendix A Sprinkler systems Appendix E Fire detection and alarm systems 1.12–1.13 Basement storeys 16.11 Shop and commercial purpose group Table 0.1 As a compensatory feature Appendix E4 Showers Dwellinghouses with floor more than 4.5m above Inner rooms 2.11, 3.7 ground level 2.6 Single storey buildings Appendix B26 to B27 Effect on boundary distance and permitted Definition Appendix A unprotected area 11.21 Minimum periods of fire resistance Table B4 Effect on hose laying distance 15.7, Diagram 15.3 Site (of a building) Effect on minimum periods of fire resistance Definition Appendix A Table B4 Skirtings Loft conversions 2.23 Definition of walls 4.3 Multi-storey flats 3.21, 7.4 Slates and tiles Portal frames 11.15 Fire-stopping of junctions 5.22 Provision Appendix E2 to E4 Sleeving for pipes 9.5, Diagram 9.2 Water supplies and pumps Appendix E5 to E6 Sloping floors 3.40 164 Approved Document B Volume 1, 2019 edition Building Regulations 2010 O N L I N E V E R S I O N O N L I N E V E R S I O N Stability T B3 requirement page 49 See also Integrity Tension‑membrane roofs and structures 4.9 Stairs Terrace houses Width measurement Appendix D4 B3 requirement page 49, 5.5 See also Common stairs; Escape stairs; Protected Thatch 12.9 stairways Thermal radiation Standard fire tests See Heat radiation See Fire performance Thermoplastic materials Standby power supplies 1.4 Classification Appendix B13 Storage and other non‑residential purpose Definition Appendix A group Table 0.1 Fire performance Appendix B11 to B14 Storey exits 2.13, 3.10, 3.30, 3.35, Diagram 2.5 Glazing 4.13 Definition Appendix A Insulated roof sheeting 5.14 Storeys Lighting diffusers Definition Appendix A Forming part of a ceiling 4.15–4.16, Diagram 4.1 Height of top storey Diagram D6 Layout restrictions Diagrams 4.2 to 4.3 Number Diagram D5 Suspended ceilings 4.17, Appendix B12, Table 4.2 Stretched‑skin ceilings Rooflights 4.14, 5.12 Thermoplastic material 4.17 Layout restrictions Diagrams 4.2 to 4.3 Structural frames Limitations on spacing and size Diagram 12.1 Fire resistance Table B3 Limitations on use 12.6, Table 4.2, Table 12.3 Structural loadbearing elements Suspended or stretched-skin ceiling 4.17 See Elements of structure Windows 4.13 Student accommodation Tiles and slates Fire detection and alarm systems 1.11 Fire-stopping of junctions 5.22 Stud walls Toilets 2.11, 3.7 Cavity barriers 5.21 Escape lighting 3.42 See also Partitions Trap doors Substrates Definition of ceiling 4.6 Fire tests Appendix B8 Travel distance Lining to wall or ceiling Appendix B14 Common corridors Diagrams 3.7 to 3.8, Table 3.1 Roof coverings 5.13, 7.16, Diagram 5.2 Definition Appendix A Suppliers Measurement methods Appendix D3 Accreditation page iii Single storey flats 3.18, Diagram 3.3 Suspended ceilings Turning circles Definition Appendix A Fire service vehicle access route specification Insulating core panels 4.10 13.4, Diagram 13.1, Table 13.1 Lighting diffusers 4.15–4.16, Appendix B12, Turntable ladders Diagrams 4.1 to 4.3, Table 4.2 See High reach appliances Thermoplastic material 4.17 165 Building Regulations 2010 Approved Document B Volume 1, 2019 edition O N L I N E V E R S I O N O N L I N E V E R S I O N U W Unprotected areas Walls Areas disregarded in assessing separation distance Cavity barriers in stud walls or partitions 5.21 11.11, Diagram 11.5 Definition 4.2–4.3 Calculation of acceptable unprotected area Elements of structure 5.3, 6.2 11.16–11.20, Table 11.1 Fire resistance 8.3, Table B3 Effect of sprinkler systems 11.21 See also Cavity walls; Compartment walls; Definition 11.6–11.7, Appendix A External walls; Internal linings External wall 1000mm or more from relevant Water supplies boundary 11.9 Firefighting 14.12–14.13 Permitted unprotected areas 11.11, Diagram 11.7, Sprinkler systems Appendix E5 to E6 Table 11.1 Water supply pipes External walls of protected stairways 11.10 Enclosure Diagram 9.1 External wall within 1000mm of relevant Windows boundary 11.8 Definition of walls and ceilings 4.2–4.3, 4.5–4.6 Fire resistance 11.6–11.7, Diagram 11.4 Emergency egress 2.10, 3.6 Small unprotected areas 11.11, Diagram 11.5 Replacement 2.18–2.20 Space separation Diagram 11.1 Thermoplastic materials 4.13 uPVC See also Glazing; Rooflights Rooflights 12.7, Tables 12.1 to 12.3 Wiring TP(a) rigid sheet Appendix B13 See Electrical wiring Utility rooms Wood shingles 12.9 Inner rooms 2.11, 3.7 Workmanship and materials page iii Regulation 7 pages 76–77 V Vehicle access See Fire service facilities Ventilation Protected shafts 7.28 Smoke control 3.49–3.54 Ventilation ducts 9.6–9.22 Appliances 9.23 Openings in compartment walls or floors 7.20 Passing through fire-separating elements 9.12–9.22 Protected escape routes 9.16–9.17, Diagrams 9.3 to 9.4 Protected shafts 7.26 Protected stairways and entrance halls 2.9, 3.23 Vertical escape See Escape stairs; Protected stairways Vision panels 3.97 166 Approved Document B Volume 1, 2019 edition Building Regulations 2010 O N L I N E V E R S I O N O N L I N E V E R S I O N O N L I N E V E R S I O N O N L I N E V E R S I O N List of approved documents The following documents have been published to give guidance on how to meet the Building Regulations. You can find the date of the edition approved by the Secretary of State at www.gov.uk. Approved Document A Approved Document L2B Structure Conservation of fuel and power in existing buildings other than dwellings Approved Document B Fire safety Approved Document M Volume 1: Dwellings Access to and use of buildings Volume 1: Dwellings Approved Document B Fire safety Approved Document M Volume 2: Buildings other than dwellings Access to and use of buildings Volume 2: Buildings other than dwellings Approved Document C Site preparation and resistance to Approved Document P contaminants and moisture Electrical safety – Dwellings Approved Document D Approved Document Q Toxic substances Security – Dwellings Approved Document E Approved Document 7 Resistance to the passage of sound Materials and workmanship Approved Document F Ventilation Approved Document G Sanitation, hot water safety and water efficiency Approved Document H Drainage and waste disposal Approved Document J Combustion appliances and fuel storage systems Approved Document K Protection from falling, collision and impact Approved Document L1A Conservation of fuel and power in new dwellings Approved Document L1B Conservation of fuel and power in existing dwellings Approved Document L2A Conservation of fuel and power in new buildings other than dwellings O N L I N E V E R S I O N O N L I N E V E R S I O N The Building Regulations 2010, Approved Documents are available from: RIBA Books Online: www.architecture.com/ribabooks Telephone: +44 (0)20 7496 8383 Email: sales@books.architecture.com ISBN 978 1 85946 915 6 © Crown Copyright 2019 The content of this publication, excluding logos, may be If you require this publication in an alternative format, reproduced free of charge in any format or medium for please email: alternativeformats@communities.gov.uk. research, private study or for internal circulation within Copyright in the typographical arrangement, excluding an organisation. This is subject to it being reproduced logos, of the cover and internal page layouts of this accurately and not used in a misleading context. The publication rests with the Publisher. material must be acknowledged as Crown copyright and the title and edition of the publication specified. This document/publication is value added. You may re-use the content (not including logos) free of charge in any format or medium, under the terms of the Open Government Licence. To view this licence, visit: http://www.nationalarchives.gov.uk/doc/open- government-licence/ or write to the Information Policy Team, The National Archives, Kew, London TW9 4DU, or e-mail: psi@nationalarchives.gov.uk. O N L I N E V E R S I O N","to 12.3 See also Loft conversions Small residential buildings Diagram 11.7 Rooftop plant Residential (institutional) purpose group 1.13, Height of top storey in building Diagram D6 Table 0.1 Rooms Residential use Definition Appendix A Purpose groups Table 0.1 164 Approved Document B Volume 1, 2019 edition Building Regulations 2010 O N L I N E V E R S I O N O N L I N E V E R S I O N S Smoke alarms Access rooms 2.12, 3.8 Safety signs and signals Circulation spaces 1.9 Fire doors Appendix C11 Material alterations 1.9 Seals Multi-storey flats 3.21 Proprietary pipe seals 9.3 Power supply 1.4 Security Standards 1.2 Compatibility with escape 3.77, 3.91–3.92 Smoke and fumes Self‑closing devices Smoke leakage of fire doors Appendix C1 to C2, Common corridors 3.35–3.36 Table C1 Definition Appendix A Smoke control External escape stairs 3.68 Common escape routes 3.49–3.54 Fire doorsets 3.36, Appendix C5 to C6 Compatibility with ventilation and air- See also Automatic release mechanisms conditioning systems 9.11 Semi‑detached houses By pressure differentials 3.54 B3 requirement page 49, 5.5 Smoke detectors Separated parts of buildings Extract ductwork 9.9 Compartment walls 7.9 Fire and smoke damper activation 9.14, 9.22 Definition Appendix A Smoke outlets Separation distances Free area of smoke ventilators Appendix D5, Buildings with sprinkler systems 11.21 Diagram D7 Canopies 11.12–11.13, Diagram 11.6 Mechanical 16.11–16.12 Roofs 11.14, 12.3–12.9, Table 12.1 Natural 16.5–16.10 See also Unprotected areas Outlet ducts or shafts 16.13–16.14 Service openings Provision 16.1–16.12 See Openings Space separation Shafts See Separation distances See Firefighting shafts; Protected shafts Specified attachments 10.9–10.15 Sheltered housing 0.11, 0.17 Definition Appendix A Central alarm monitoring 1.12 Spiral stairs 3.86 Definition Appendix A Sprinkler systems Appendix E Fire detection and alarm systems 1.12–1.13 Basement storeys 16.11 Shop and commercial purpose group Table 0.1 As a compensatory feature Appendix E4 Showers Dwellinghouses with floor more than 4.5m above Inner rooms 2.11, 3.7 ground level 2.6 Single storey buildings Appendix B26 to B27 Effect on boundary distance and permitted Definition Appendix A unprotected area 11.21 Minimum periods of fire resistance Table B4 Effect on hose laying distance 15.7, Diagram 15.3 Site (of a building) Effect on minimum periods of fire resistance Definition Appendix A Table B4 Skirtings Loft conversions 2.23 Definition of walls 4.3 Multi-storey flats 3.21, 7.4 Slates and tiles Portal frames 11.15 Fire-stopping of junctions 5.22 Provision Appendix E2 to E4 Sleeving for pipes 9.5, Diagram 9.2 Water supplies and pumps Appendix E5 to E6 Sloping floors 3.40 165 Building Regulations 2010 Approved Document B Volume 1, 2019 edition O N L I N E V E R S I O N O N L I N E V E R S I O N Stability T B3 requirement page 49 See also Integrity Tension‑membrane roofs and structures 4.9 Stairs Terrace houses Width measurement Appendix D4 B3 requirement page 49, 5.5 See also Common stairs; Escape stairs; Protected Thatch 12.9 stairways Thermal radiation Standard fire tests See Heat radiation See Fire performance Thermoplastic materials Standby power supplies 1.4 Classification Appendix B13 Storage and other non‑residential purpose Definition Appendix A group Table 0.1 Fire performance Appendix B11 to B14 Storey exits 2.13, 3.10, 3.30, 3.35, Diagram 2.5 Glazing 4.13 Definition Appendix A Insulated roof sheeting 5.14 Storeys Lighting diffusers Definition Appendix A Forming part of a ceiling 4.15–4.16, Diagram 4.1 Height of top storey Diagram D6 Layout restrictions Diagrams 4.2 to 4.3 Number Diagram D5 Suspended ceilings 4.17, Appendix B12, Table 4.2 Stretched‑skin ceilings Rooflights 4.14, 5.12 Thermoplastic material 4.17 Layout restrictions Diagrams 4.2 to 4.3 Structural frames Limitations on spacing and size Diagram 12.1 Fire resistance Table B3 Limitations on use 12.6, Table 4.2, Table 12.3 Structural loadbearing elements Suspended or stretched-skin ceiling 4.17 See Elements of structure Windows 4.13 Student accommodation Tiles and slates Fire detection and alarm systems 1.11 Fire-stopping of junctions 5.22 Stud walls Toilets 2.11, 3.7 Cavity barriers 5.21 Escape lighting 3.42 See also Partitions Trap doors Substrates Definition of ceiling 4.6 Fire tests Appendix B8 Travel distance Lining to wall or ceiling Appendix B14 Common corridors Diagrams 3.7 to 3.8, Table 3.1 Roof coverings 5.13, 7.16, Diagram 5.2 Definition Appendix A Suppliers Measurement methods Appendix D3 Accreditation page iii Single storey flats 3.18, Diagram 3.3 Suspended ceilings Turning circles Definition Appendix A Fire service vehicle access route specification Insulating core panels 4.10 13.4, Diagram 13.1, Table 13.1 Lighting diffusers 4.15–4.16, Appendix B12, Turntable ladders Diagrams 4.1 to 4.3, Table 4.2 See High reach appliances Thermoplastic material 4.17 166 Approved Document B Volume 1, 2019 edition Building Regulations 2010 O N L I N E V E R S I O N O N L I N E V E R S I O N U W Unprotected areas Walls Areas disregarded in assessing separation distance Cavity barriers in stud walls or partitions 5.21 11.11, Diagram 11.5 Definition 4.2–4.3 Calculation of acceptable unprotected area Elements of structure 5.3, 6.2 11.16–11.20, Table 11.1 Fire resistance 8.3, Table B3 Effect of sprinkler systems 11.21 See also Cavity walls; Compartment walls; Definition 11.6–11.7, Appendix A External walls; Internal linings External wall 1000mm or more from relevant Water supplies boundary 11.9 Firefighting 14.12–14.13 Permitted unprotected areas 11.11, Diagram 11.7, Sprinkler systems Appendix E5 to E6 Table 11.1 Water supply pipes External walls of protected stairways 11.10 Enclosure Diagram 9.1 External wall within 1000mm of relevant Wayfinding signage 15.13–15.16 boundary 11.8 Windows Fire resistance 11.6–11.7, Diagram 11.4 Definition of walls and ceilings 4.2–4.3, 4.5–4.6 Small unprotected areas 11.11, Diagram 11.5 Emergency egress 2.10, 3.6 Space separation Diagram 11.1 Replacement 2.18–2.20 uPVC Thermoplastic materials 4.13 Rooflights 12.7, Tables 12.1 to 12.3 See also Glazing; Rooflights TP(a) rigid sheet Appendix B13 Wiring Utility rooms See Electrical wiring Inner rooms 2.11, 3.7 Wood shingles 12.9 Workmanship and materials page iii V Regulation 7 pages 76–77 Vehicle access See Fire service facilities Ventilation Protected shafts 7.28 Smoke control 3.49–3.54 Ventilation ducts 9.6–9.22 Appliances 9.23 Openings in compartment walls or floors 7.20 Passing through fire-separating elements 9.12–9.22 Protected escape routes 9.16–9.17, Diagrams 9.3 to 9.4 Protected shafts 7.26 Protected stairways and entrance halls 2.9, 3.23 Vertical escape See Escape stairs; Protected stairways Vision panels 3.97 167 Building Regulations 2010 Approved Document B Volume 1, 2019 edition O N L I N E V E R S I O N O N L I N E V E R S I O N List of approved documents The following documents have been published to give guidance on how to meet the Building Regulations. You can find the date of the edition approved by the Secretary of State at www.gov.uk. Approved Document A Approved Document L2B Structure Conservation of fuel and power in existing buildings other than dwellings Approved Document B Fire safety Approved Document M Volume 1: Dwellings Access to and use of buildings Volume 1: Dwellings Approved Document B Fire safety Approved Document M Volume 2: Buildings other than dwellings Access to and use of buildings Volume 2: Buildings other than dwellings Approved Document C Site preparation and resistance to Approved Document P contaminants and moisture Electrical safety – Dwellings Approved Document D Approved Document Q Toxic substances Security – Dwellings Approved Document E Approved Document 7 Resistance to the passage of sound Materials and workmanship Approved Document F Ventilation Approved Document G Sanitation, hot water safety and water efficiency Approved Document H Drainage and waste disposal Approved Document J Combustion appliances and fuel storage systems Approved Document K Protection from falling, collision and impact Approved Document L1A Conservation of fuel and power in new dwellings Approved Document L1B Conservation of fuel and power in existing dwellings Approved Document L2A Conservation of fuel and power in new buildings other than dwellings O N L I N E V E R S I O N O N L I N E V E R S I O N The Building Regulations 2010, Approved Documents are available from: RIBA Books Online: www.architecture.com/ribabooks Telephone: +44 (0)20 7496 8383 Email: sales@books.architecture.com ISBN 978 1 914124 02 0 © Crown Copyright 2020 The content of this publication, excluding logos, may be If you require this publication in an alternative format, reproduced free of charge in any format or medium for please email: alternativeformats@communities.gov.uk. research, private study or for internal circulation within Copyright in the typographical arrangement, excluding an organisation. This is subject to it being reproduced logos, of the cover and internal page layouts of this accurately and not used in a misleading context. The publication rests with the Publisher. material must be acknowledged as Crown copyright and the title and edition of the publication specified. This document/publication is value added. You may re-use the content (not including logos) free of charge in any format or medium, under the terms of the Open Government Licence. To view this licence, visit: http://www.nationalarchives.gov.uk/doc/open- government-licence/ or write to the Information Policy Team, The National Archives, Kew, London TW9 4DU, or e-mail: psi@nationalarchives.gov.uk. ISBN 978-1-914124-02-0 9 781914 124020 O N L I N E V E R S I O N",modified,
,15.13,added,0.0,no_candidate,,"To assist the fire service to identify each floor in a block of flats with a top storey more than 11m above ground level (see Diagram D6), floor identification signs and flat indicator signs should be provided.",added,
3.83,3.83,unchanged,1.0,exact_number+difflib,Further guidance on the construction of firefighting stairs is given in Section 15 (see also paragraph 3.60). Dimensional constraints on the design of stairs are given in Approved Document K. Single steps,Further guidance on the construction of firefighting stairs is given in Section 15 (see also paragraph 3.60). Dimensional constraints on the design of stairs are given in Approved Document K. Single steps,unchanged,
15.12,15.12,modified,0.653,exact_number+difflib,"The fire and rescue service should be able to manually open and close rolling shutters without the use of a ladder. 105 Building Regulations 2010 Approved Document B Volume 1, 2019 edition O N L I N E V E R S I O N B5 O N L I N E V E R S I O N",The fire and rescue service should be able to manually open and close rolling shutters without the use of a ladder. Wayfinding signage for the fire service,modified,
7.4,7.4,modified,0.725,exact_number+difflib,"Blocks of flats with a floor more than 30m above ground level should be fitted with a sprinkler system throughout the building in accordance with Appendix E. NOTE: Sprinklers are not required in the common areas such as stairs, corridors or landings when these areas are fire sterile. Construction of compartment walls and compartment floors General provisions","Blocks of flats with a top storey more than 11m above ground level (see Diagram D6) should be fitted with a sprinkler system throughout the building in accordance with Appendix E. NOTE: Sprinklers should be provided within the individual flats, they do not need to be provided in the common areas such as stairs, corridors or landings when these areas are fire sterile. Construction of compartment walls and compartment floors General provisions",modified,
,15.16,added,0.0,no_candidate,,"All floor identification signs should be supplemented by flat indicator signs, which provide information relating to the flats accessed on each storey. The flat indicator signs should meet all of the following conditions. a. The signs should be sited immediately below the floor identification signs, such that the top edge of the sign is no more than 50mm below the bottom edge of the floor identification sign. b. The wording should take the form Flats X–Y, with the lowest flat number first. c. The text should be in sans serif typeface with a letter height of at least half that of the floor indicator sign. d. The wording should be supplemented by arrows when flats are in more than one direction. e. The text and arrows should be on a contrasting background, easily legible and readable in low level lighting conditions or when illuminated with a torch. NOTE: In the case of multi-storey flats with two or more entrances, the flat number should only be indicated on the normal access storey. 106 Approved Document B Volume 1, 2019 edition Building Regulations 2010 O N L I N E V E R S I O N O N L I N E V E R S I O N B5",added,
2.23,2.23,unchanged,1.0,exact_number+difflib,"An alternative approach to that described in paragraph 2.21 would be to comply with all of the following. a. Provide sprinkler protection to the open-plan areas. b. Provide a fire resisting partition (minimum REI 30) and door (minimum E 20) to separate the ground storey from the upper storeys. The door should allow occupants of the loft room access to a first storey escape window. c. Separate cooking facilities from the open-plan area with fire resisting construction (minimum REI 30). 18 Approved Document B Volume 1, 2019 edition Building Regulations 2010 O N L I N E V E R S I O N O N L I N E V E R S I O N B1","An alternative approach to that described in paragraph 2.21 would be to comply with all of the following. a. Provide sprinkler protection to the open-plan areas. b. Provide a fire resisting partition (minimum REI 30) and door (minimum E 20) to separate the ground storey from the upper storeys. The door should allow occupants of the loft room access to a first storey escape window. c. Separate cooking facilities from the open-plan area with fire resisting construction (minimum REI 30). 18 Approved Document B Volume 1, 2019 edition Building Regulations 2010 O N L I N E V E R S I O N O N L I N E V E R S I O N B1",unchanged,
6.7,6.7,unchanged,1.0,exact_number+difflib,"In a converted building with four or more storeys, the full standard of fire resistance given in Appendix B is necessary. 58 Approved Document B Volume 1, 2019 edition Building Regulations 2010 O N L I N E V E R S I O N O N L I N E V E R S I O N B3","In a converted building with four or more storeys, the full standard of fire resistance given in Appendix B is necessary. 58 Approved Document B Volume 1, 2019 edition Building Regulations 2010 O N L I N E V E R S I O N O N L I N E V E R S I O N B3",unchanged,
7.14,7.14,unchanged,1.0,exact_number+difflib,"Compartment walls should be able to accommodate deflection of the floor, when exposed to fire, by either of the following means. a. Between the wall and floor, provide a head detail that is capable of maintaining its integrity while deforming. b. Design the wall so it maintains its integrity by resisting the additional vertical load from the floor above. Where compartment walls are located within the middle half of a floor between vertical supports, the deflection may be assumed to be 40mm unless a smaller value can be justified by assessment. Outside this area, the limit can be reduced linearly to zero at the supports. For steel beams that do not have the required fire resistance, reference should be made to SCI Publication P288. Junction of compartment wall with roof","Compartment walls should be able to accommodate deflection of the floor, when exposed to fire, by either of the following means. a. Between the wall and floor, provide a head detail that is capable of maintaining its integrity while deforming. b. Design the wall so it maintains its integrity by resisting the additional vertical load from the floor above. Where compartment walls are located within the middle half of a floor between vertical supports, the deflection may be assumed to be 40mm unless a smaller value can be justified by assessment. Outside this area, the limit can be reduced linearly to zero at the supports. For steel beams that do not have the required fire resistance, reference should be made to SCI Publication P288. Junction of compartment wall with roof",unchanged,
9.5,9.5,unchanged,1.0,exact_number+difflib,"A pipe with a maximum nominal internal diameter of 160mm may be used with a sleeve made out of a high melting point metal, as shown in Diagram 9.2, if the pipe is made of one of the following. a. Lead. b. Aluminium. c. Aluminium alloy. d. Fibre-cement. e. uPVC (pipes should also comply with either BS 4514 or BS 5255). A high melting point metal means any metal (such as cast iron, copper or steel) which, if exposed to a temperature of 800°C, will not soften or fracture to the extent that flame or hot gas will pass through the wall of the pipe. 69 Building Regulations 2010 Approved Document B Volume 1, 2019 edition O N L I N E V E R S I O N B3 O N L I N E V E R S I O N See para 9.4 and Table 9.1 See para 9.4 and Table 9.1 Stack pipe NOTES: Casing Compartment wall 1. The enclosure should meet all of the following Compartment floor conditions. carried through to a. Be bounded by a compartment wall or floor, an seal enclosure – outside wall, an intermediate floor or a casing provide fire-stopping (see specification at 2 below). between stack pipe Enclosure b. Have internal surfaces (except framing members) and floor Branch pipe of class B-s3, d2 or better. Note: when a classification includes ‘s3, d2’, this means that there is no limit set for smoke Intermediate floor production and/or flaming droplets/particles). carried through to c. Not have an access panel which opens into a seal enclosure – Enclosure circulation space or bedroom. provide fire-stopping d. Be used only for drainage or water supply or vent between stack pipe pipes for a drainage system. and floor Compartment floor 2. The casing should meet all the following conditions. a. Be imperforate except for an opening for a pipe or an access panel. b Not be of sheet metal. c. Not have fire resistance less than E 30 Casing (including any access panel). Enclosure 3. The opening for a pipe, in either the element of Fire-stopping around pipe structure or the casing, should be as small as Compartment floor or wall possible and fire-stopped around the pipe. Diagram 9.1 Enclosure for drainage or water supply pipes See para 9.5 Structure Not less than Not less than NOTES: 1000mm 1000mm 1. Make the opening in the structure as small as possible and provide fire-stopping between pipe and structure. Pipe specification (b) Sleeve (or pipe) 2. See Table 9.1 for materials specification. of specification (a) to be in contact 3. The sleeve should be class A1 rated. with pipe Diagram 9.2 Pipes penetrating structure 70 Approved Document B Volume 1, 2019 edition Building Regulations 2010 O N L I N E V E R S I O N O N L I N E V E R S I O N B3 Table 9.1 M aximum nominal internal diameter of pipes passing through a compartment wall/floor Situation Pipe material and maximum nominal internal diameter (mm) (a) (b) (c) High melting point Lead, aluminium, Any other material metal(1) aluminium alloy, uPVC,(2) fibre cement 1. Structure (but not a wall separating 160 110 40 buildings) enclosing a protected shaft that is not a stair or a lift shaft 2. Compartment wall or compartment floor 160 160 (stack pipe)(3) 40 between flats 110 (branch pipe)(3) 3. Wall separating dwellinghouses 160 160 (stack pipe)(3) 40 110 (branch pipe)(3) 4. Wall or floor separating a dwellinghouse 160 110 40 from an attached garage 5. Any other situation 160 40 40 NOTES: 1. Any metal (such as cast iron, copper or steel) which, if exposed to a temperature of 800°C, will not soften or fracture to the extent that flame or hot gas will pass through the wall of the pipe. 2. uPVC pipes that comply with either BS 4514 or BS 5255. 3. These diameters are only in relation to pipes that form part of an above-ground drainage system and are enclosed as shown in Diagram 9.1. In other cases, the maximum diameters given for situation 5 apply. Mechanical ventilation and air‑conditioning systems General provisions","A pipe with a maximum nominal internal diameter of 160mm may be used with a sleeve made out of a high melting point metal, as shown in Diagram 9.2, if the pipe is made of one of the following. a. Lead. b. Aluminium. c. Aluminium alloy. d. Fibre-cement. e. uPVC (pipes should also comply with either BS 4514 or BS 5255). A high melting point metal means any metal (such as cast iron, copper or steel) which, if exposed to a temperature of 800°C, will not soften or fracture to the extent that flame or hot gas will pass through the wall of the pipe. 69 Building Regulations 2010 Approved Document B Volume 1, 2019 edition O N L I N E V E R S I O N B3 O N L I N E V E R S I O N See para 9.4 and Table 9.1 See para 9.4 and Table 9.1 Stack pipe NOTES: Casing Compartment wall 1. The enclosure should meet all of the following Compartment floor conditions. carried through to a. Be bounded by a compartment wall or floor, an seal enclosure – outside wall, an intermediate floor or a casing provide fire-stopping (see specification at 2 below). between stack pipe Enclosure b. Have internal surfaces (except framing members) and floor Branch pipe of class B-s3, d2 or better. Note: when a classification includes ‘s3, d2’, this means that there is no limit set for smoke Intermediate floor production and/or flaming droplets/particles). carried through to c. Not have an access panel which opens into a seal enclosure – Enclosure circulation space or bedroom. provide fire-stopping d. Be used only for drainage or water supply or vent between stack pipe pipes for a drainage system. and floor Compartment floor 2. The casing should meet all the following conditions. a. Be imperforate except for an opening for a pipe or an access panel. b Not be of sheet metal. c. Not have fire resistance less than E 30 Casing (including any access panel). Enclosure 3. The opening for a pipe, in either the element of Fire-stopping around pipe structure or the casing, should be as small as Compartment floor or wall possible and fire-stopped around the pipe. Diagram 9.1 Enclosure for drainage or water supply pipes See para 9.5 Structure Not less than Not less than NOTES: 1000mm 1000mm 1. Make the opening in the structure as small as possible and provide fire-stopping between pipe and structure. Pipe specification (b) Sleeve (or pipe) 2. See Table 9.1 for materials specification. of specification (a) to be in contact 3. The sleeve should be class A1 rated. with pipe Diagram 9.2 Pipes penetrating structure 70 Approved Document B Volume 1, 2019 edition Building Regulations 2010 O N L I N E V E R S I O N O N L I N E V E R S I O N B3 Table 9.1 M aximum nominal internal diameter of pipes passing through a compartment wall/floor Situation Pipe material and maximum nominal internal diameter (mm) (a) (b) (c) High melting point Lead, aluminium, Any other material metal(1) aluminium alloy, uPVC,(2) fibre cement 1. Structure (but not a wall separating 160 110 40 buildings) enclosing a protected shaft that is not a stair or a lift shaft 2. Compartment wall or compartment floor 160 160 (stack pipe)(3) 40 between flats 110 (branch pipe)(3) 3. Wall separating dwellinghouses 160 160 (stack pipe)(3) 40 110 (branch pipe)(3) 4. Wall or floor separating a dwellinghouse 160 110 40 from an attached garage 5. Any other situation 160 40 40 NOTES: 1. Any metal (such as cast iron, copper or steel) which, if exposed to a temperature of 800°C, will not soften or fracture to the extent that flame or hot gas will pass through the wall of the pipe. 2. uPVC pipes that comply with either BS 4514 or BS 5255. 3. These diameters are only in relation to pipes that form part of an above-ground drainage system and are enclosed as shown in Diagram 9.1. In other cases, the maximum diameters given for situation 5 apply. Mechanical ventilation and air‑conditioning systems General provisions",unchanged,
15.8,15.8,unchanged,1.0,exact_number+difflib,"Firefighting stairs and firefighting lifts should be approached from either of the following. a. A firefighting lobby. b. A protected corridor or protected lobby that complies with the following guidance. i. Means of escape (Section 3). ii. Compartmentation (Section 7). Both the stair and lobby of the firefighting shaft should be provided with a means of venting smoke and heat (see clause 27.1 of BS 9999). Only services associated with the firefighting shaft, such as ventilation systems and lighting for the firefighting shafts, should pass through or be contained within the firefighting shaft. Doors of a firefighting lift landing should be a maximum of 7.5m from the door to the firefighting stair (Diagram 15.1). 104 Approved Document B Volume 1, 2019 edition Building Regulations 2010 O N L I N E V E R S I O N O N L I N E V E R S I O N B5","Firefighting stairs and firefighting lifts should be approached from either of the following. a. A firefighting lobby. b. A protected corridor or protected lobby that complies with the following guidance. i. Means of escape (Section 3). ii. Compartmentation (Section 7). Both the stair and lobby of the firefighting shaft should be provided with a means of venting smoke and heat (see clause 27.1 of BS 9999). Only services associated with the firefighting shaft, such as ventilation systems and lighting for the firefighting shafts, should pass through or be contained within the firefighting shaft. Doors of a firefighting lift landing should be a maximum of 7.5m from the door to the firefighting stair (Diagram 15.1). 104 Approved Document B Volume 1, 2019 edition Building Regulations 2010 O N L I N E V E R S I O N O N L I N E V E R S I O N B5",unchanged,
3.51,3.51,unchanged,1.0,exact_number+difflib,"Smoke vents should comply with one of the following. a. They should be located on an external wall with minimum free area of 1.5m2. b. They should discharge into a vertical smoke shaft, closed at the base, that meets all of the following criteria. i. The shaft should conform to the following conditions. • Have a minimum cross-sectional area of 1.5m2 (minimum dimension 0.85m in any direction). • Open at roof level, minimum 0.5m above any surrounding structures within 2m of it horizontally. • Extend a minimum of 2.5m above the ceiling of the highest storey served by the shaft. ii. The free area of all the following vents should be a minimum of 1m2 in the following places. • From the corridor or lobby into the shaft. • At the opening at the head of the shaft. • At all internal locations within the shaft (e.g. safety grilles). iii. The smoke shaft should be constructed from a class A1 material. All vents should either be a fire doorset (see Appendix C, Table C1, item 2.e for minimum fire resistance) or fitted with a smoke control damper achieving the same period of fire resistance and designed to operate as described below. The shaft should be vertical from base to head, with a maximum of 4m at a maximum inclined angle of 30 degrees. iv. If smoke is detected in the common corridor or lobby, both of the following should occur. • Simultaneous opening of vents on the storey where the fire is located, at the top of the smoke shaft and to the stair. • Vents from the corridors or lobbies on all other storeys should remain closed, even if smoke is subsequently detected on storeys other than where the fire is located.","Smoke vents should comply with one of the following. a. They should be located on an external wall with minimum free area of 1.5m2. b. They should discharge into a vertical smoke shaft, closed at the base, that meets all of the following criteria. i. The shaft should conform to the following conditions. • Have a minimum cross-sectional area of 1.5m2 (minimum dimension 0.85m in any direction). • Open at roof level, minimum 0.5m above any surrounding structures within 2m of it horizontally. • Extend a minimum of 2.5m above the ceiling of the highest storey served by the shaft. ii. The free area of all the following vents should be a minimum of 1m2 in the following places. • From the corridor or lobby into the shaft. • At the opening at the head of the shaft. • At all internal locations within the shaft (e.g. safety grilles). iii. The smoke shaft should be constructed from a class A1 material. All vents should either be a fire doorset (see Appendix C, Table C1, item 2.e for minimum fire resistance) or fitted with a smoke control damper achieving the same period of fire resistance and designed to operate as described below. The shaft should be vertical from base to head, with a maximum of 4m at a maximum inclined angle of 30 degrees. iv. If smoke is detected in the common corridor or lobby, both of the following should occur. • Simultaneous opening of vents on the storey where the fire is located, at the top of the smoke shaft and to the stair. • Vents from the corridors or lobbies on all other storeys should remain closed, even if smoke is subsequently detected on storeys other than where the fire is located.",unchanged,
0.16,0.16,unchanged,1.0,exact_number+difflib,"Where there are multiple main uses that are not ancillary to one another (for example, shops with independent offices above), each use should be assigned to a purpose group in its own right. Where there is doubt as to which purpose group is appropriate, the more onerous guidance should be applied.","Where there are multiple main uses that are not ancillary to one another (for example, shops with independent offices above), each use should be assigned to a purpose group in its own right. Where there is doubt as to which purpose group is appropriate, the more onerous guidance should be applied.",unchanged,
3.55,3.55,unchanged,1.0,exact_number+difflib,"Refuse storage chambers, refuse chutes and refuse hoppers should be sited and constructed in accordance with BS 5906.","Refuse storage chambers, refuse chutes and refuse hoppers should be sited and constructed in accordance with BS 5906.",unchanged,
3.81,3.81,unchanged,1.0,exact_number+difflib,"Every protected stairway should lead to a final exit, either directly or via a protected exit passageway. Any protected exit corridor or stair should have the same standard of fire resistance and lobby protection as the stair it serves. Construction of escape stairs","Every protected stairway should lead to a final exit, either directly or via a protected exit passageway. Any protected exit corridor or stair should have the same standard of fire resistance and lobby protection as the stair it serves. Construction of escape stairs",unchanged,
2.18,2.18,unchanged,1.0,exact_number+difflib,"Work should comply with Parts K and L of Schedule 1 to the Building Regulations. When complete, the building should comply with other applicable parts of Schedule 1 to at least the same level as before.","Work should comply with Parts K and L of Schedule 1 to the Building Regulations. When complete, the building should comply with other applicable parts of Schedule 1 to at least the same level as before.",unchanged,
4.6,4.6,unchanged,1.0,exact_number+difflib,"For the purposes of this requirement, a ceiling does not include any of the following. a. Trap doors and their frames. b. The frames of windows or rooflights and frames in which glazing is fitted. c. Architraves, cover moulds, picture rails, exposed beams and similar narrow members. Rooflights","For the purposes of this requirement, a ceiling does not include any of the following. a. Trap doors and their frames. b. The frames of windows or rooflights and frames in which glazing is fitted. c. Architraves, cover moulds, picture rails, exposed beams and similar narrow members. Rooflights",unchanged,
11.5,11.5,unchanged,1.0,exact_number+difflib,"The boundary that a wall faces is the relevant boundary (Diagram 11.2). It may be one of the following. a. The site boundary. b. The centre line of a space where further development is unlikely, such as a road, railway, canal or river. c. An assumed notional boundary between two buildings on the same site (Diagram 11.3) where either of the following conditions is met. i. One or both of the buildings are in the ‘residential’ or ‘assembly and recreation’ purpose groups (purpose group 1 or 5). ii. The buildings will be operated/managed by different organisations. 83 Building Regulations 2010 Approved Document B Volume 1, 2019 edition O N L I N E V E R S I O N B4 O N L I N E V E R S I O N SeeS peaer ap a11r.a4 11.4 Wall on or very close to the Wall not on, or not very close Wall sufficiently distant from relevant boundary: very limited to, but not sufficiently far from relevant boundary to be a amounts of unprotected area relevant boundary that it can be a 100% unprotected area wholly unprotected area Fire resisting from Fire resisting No provision inside: reduced from both sides for fire resistance insulation criterion Relevant boundary Amount of unprotected area dependent on distance from relevant boundary Diagram 11.1 Principles of space separation See para 11.S5ee para 11.5 NOTES: This boundary is at less than 80 degrees to side C and is therefore This diagram sets out the rules relevant to side C that apply in respect of a boundary for it to be considered as a relevant boundary. < 80° For a boundary to be relevant it should comply with one of the following: C This boundary This boundary coincides is parallel to a. Coincide with the side of with and is therefore A Building B and therefore the building (A). relevant to side A 1 relevant to b. Be parallel to the side of the side B building (Bor B). B 2 1 c. Be at an an1 g le o2 f maximum 80 degrees to the side The boundary is of the building (C). parallel to side B 2 But the relevant boundary may be the centre line of a road, railway, canal or river Diagram 11.2 Relevant boundary 84 Approved Document B Volume 1, 2019 edition Building Regulations 2010 O N L I N E V E R S I O N O N L I N E V E R S I O N B4 See parSa e1e1.5 para 11.5 Site boundary Building A Notional Building B boundary Compliance with the provisions for Compliance with the provisions for space separation in respect of building A space separation in respect of building B NOTES: The notional boundary should be set in the area between the two buildings using the following rules: 1. The notional boundary is assumed to exist in the space between the buildings and is positioned so that one of the buildings would comply with the provisions for space separation having regard to the amount of its unprotected area. In practice, if one of the buildings is existing, the position of the boundary will be set by the space separation factors for that building. 2. The siting of the new building, or the second building if both are new, can then be checked to see that it also complies, using the notional boundary as the relevant boundary for the second building. Diagram 11.3 Notional boundary 85 Building Regulations 2010 Approved Document B Volume 1, 2019 edition O N L I N E V E R S I O N B4 O N L I N E V E R S I O N Unprotected areas and fire resistance","The boundary that a wall faces is the relevant boundary (Diagram 11.2). It may be one of the following. a. The site boundary. b. The centre line of a space where further development is unlikely, such as a road, railway, canal or river. c. An assumed notional boundary between two buildings on the same site (Diagram 11.3) where either of the following conditions is met. i. One or both of the buildings are in the ‘residential’ or ‘assembly and recreation’ purpose groups (purpose group 1, 2 or 5). ii. The buildings will be operated/managed by different organisations. 83 Building Regulations 2010 Approved Document B Volume 1, 2019 edition O N L I N E V E R S I O N B4 O N L I N E V E R S I O N SeeS peaer ap a11r.a4 11.4 Wall on or very close to the Wall not on, or not very close Wall sufficiently distant from relevant boundary: very limited to, but not sufficiently far from relevant boundary to be a amounts of unprotected area relevant boundary that it can be a 100% unprotected area wholly unprotected area Fire resisting from Fire resisting No provision inside: reduced from both sides for fire resistance insulation criterion Relevant boundary Amount of unprotected area dependent on distance from relevant boundary Diagram 11.1 Principles of space separation See para 11.S5ee para 11.5 NOTES: This boundary is at less than 80 degrees to side C and is therefore This diagram sets out the rules relevant to side C that apply in respect of a boundary for it to be considered as a relevant boundary. < 80° For a boundary to be relevant it should comply with one of the following: C This boundary This boundary coincides is parallel to a. Coincide with the side of with and is therefore A Building B and therefore the building (A). relevant to side A 1 relevant to b. Be parallel to the side of the side B building (Bor B). B 2 1 c. Be at an an1 g le o2 f maximum 80 degrees to the side The boundary is of the building (C). parallel to side B 2 But the relevant boundary may be the centre line of a road, railway, canal or river Diagram 11.2 Relevant boundary 84 Approved Document B Volume 1, 2019 edition Building Regulations 2010 O N L I N E V E R S I O N O N L I N E V E R S I O N B4 See parSa e1e1.5 para 11.5 Site boundary Building A Notional Building B boundary Compliance with the provisions for Compliance with the provisions for space separation in respect of building A space separation in respect of building B NOTES: The notional boundary should be set in the area between the two buildings using the following rules: 1. The notional boundary is assumed to exist in the space between the buildings and is positioned so that one of the buildings would comply with the provisions for space separation having regard to the amount of its unprotected area. In practice, if one of the buildings is existing, the position of the boundary will be set by the space separation factors for that building. 2. The siting of the new building, or the second building if both are new, can then be checked to see that it also complies, using the notional boundary as the relevant boundary for the second building. Diagram 11.3 Notional boundary 85 Building Regulations 2010 Approved Document B Volume 1, 2019 edition O N L I N E V E R S I O N B4 O N L I N E V E R S I O N Unprotected areas and fire resistance",modified,"purpose group changed from 1 or 5 to 1, 2 or 5"
17.6,17.6,modified,0.944,exact_number+difflib,"The records should include details of all of the following. a. The fire safety strategy, including all assumptions in the design of the fire safety systems (such as fire load). Any risk assessments or risk analysis. b. All assumptions in the design of the fire safety arrangements for the management of the building. c. All of the following. i. Escape routes (including occupant load and capacity of escape routes). ii. Any provision to enable the evacuation of disabled people. iii. Escape strategy (e.g. simultaneous or phased). iv. Muster points. d. All passive fire safety measures, including all of the following. i. Compartmentation (i.e. location of fire-separating elements). ii. Cavity barriers. iii. Fire doorsets, including fire doorsets fitted with a self-closing device and other doors equipped with relevant hardware (e.g. electronic security locks). iv. Duct dampers. v. Fire shutters. e. All of the following. i. Fire detector heads. ii. Smoke detector heads. iii. Alarm call points. iv. Detection/alarm control boxes. v. Alarm sounders. vi. Emergency communications systems. vii. CCTV. viii. Fire safety signage. ix. Emergency lighting. x. Fire extinguishers. xi. Dry or wet fire mains and other firefighting equipment. 111 Building Regulations 2010 Approved Document B Volume 1, 2019 edition O N L I N E V E R S I O N R38 O N L I N E V E R S I O N xii. Other interior facilities for the fire and rescue service. xiii. Emergency control rooms. xiv. Location of hydrants outside the building. xv. Other exterior facilities for the fire and rescue service. f. All active fire safety measures, including both of the following. i. Sprinkler system(s) design, including isolating valves and control equipment. ii. Smoke control system(s) (or heating, ventilation and air conditioning system with a smoke control function) design, including mode of operation and control systems. g. Any high risk areas (e.g. heating machinery) and particular hazards. h. Plans of the building as built, showing the locations of the above. i. Both of the following. i. Specifications of any fire safety equipment provided, including all of the following. • Operational details. • Operators’ manuals. • Software. • System zoning. • Routine inspection, testing and maintenance schedules. ii. Records of any acceptance or commissioning tests. j. Any other details appropriate for the specific building. 112 Approved Document B Volume 1, 2019 edition Building Regulations 2010 O N L I N E V E R S I O N O N L I N E V E R S I O N A Appendix A: Key terms NOTE: Except for the items marked * (which Basement storey A storey with a floor that, at some are from the Building Regulations 2010), these point, is more than 1200mm below the highest level definitions apply only to Approved Document B. of ground beside the outside walls. (However, see Appendix B, paragraph B26c, for situations where NOTE: The terms defined below are key terms the storey is considered to be a basement only used in this document only. Refer to BS 4422 for because of a sloping site.) further guidance on the definitions of common terms used in the fire safety industry which are Boundary The boundary of the land that belongs to not listed below. a building, or, where the land abuts a road, railway, canal or river, the centre line of that road, railway, Access room A room that the only escape route canal or river. from an inner room passes through. *Building Any permanent or temporary building Alternative escape routes Escape routes that are but not any other kind of structure or erection. A sufficiently separated by direction and space or by reference to a building includes a reference to part fire resisting construction to ensure that one is still of a building. available if the other is affected by fire. Building control body A term that includes both NOTE: A second stair, balcony or flat roof which local authority building control and approved enables a person to reach a place free from danger inspectors. from fire is considered an alternative escape route for the purposes of a dwellinghouse. Cavity A space enclosed by elements of a building (including a suspended ceiling) or contained within Alternative exit One of two or more exits, each of an element, but that is not a room, cupboard, which is separate from the other. circulation space, protected shaft, or space within a Appliance ventilation duct A duct to deliver flue, chute, duct, pipe or conduit. combustion air to a gas appliance. Cavity barrier A construction within a cavity, other Atrium (plural atria) A continuous space that passes than a smoke curtain, to perform either of the through one or more structural floors within a following functions. building, not necessarily vertically. • Close a cavity to stop smoke or flame entering. NOTE: Enclosed lift wells, enclosed escalator wells, • Restrict the movement of smoke or flame building services ducts and stairs are not classified within a cavity. as atria. Ceiling Part of a building that encloses a room, Automatic release mechanism A device that protected shaft or circulation space and is exposed normally holds a door open, but closes it overhead. automatically if any one of the following occurs. NOTE: The soffit of a rooflight, but not the frame, • Smoke is detected by an automatic device of a is included as part of the surface of the ceiling. An suitable nature and quality in a suitable location. upstand below a rooflight is considered as a wall. • A hand-operated switch, fitted in a suitable Circulation space A space (including a protected position, is operated. stairway) mainly used as a means of access • The electricity supply to the device, apparatus between a room and an exit from the building or or switch fails. compartment. • The fire alarm system, if any, is operated. 113 Building Regulations 2010 Approved Document B Volume 1, 2019 edition O N L I N E V E R S I O N A O N L I N E V E R S I O N Common balcony A walkway, open to the air on Element of structure Any of the following. one or more sides, that forms part of the escape • A member that forms part of the structural route from more than one flat. frame of a building, or any other beam or Common stair An escape stair that serves more column. than one flat. • A loadbearing wall or loadbearing part of a wall. Compartment (fire) A building or part of a building, • A floor. comprising one or more rooms, spaces or storeys, that is constructed to prevent the spread of fire • A gallery (but not a loading gallery, fly to or from another part of the same building or an gallery, stage grid, lighting bridge, or any adjoining building. gallery provided for similar purposes or for maintenance and repair). NOTE: A roof space above the top storey of a compartment is included in that compartment. (See • An external wall. also ‘Separated part’.) • A compartment wall (including a wall that is Compartment wall or floor A fire resisting wall common to two or more buildings). or floor to separate one fire compartment from NOTE: However, see the guidance to requirement another. B3, paragraph 6.2, for a list of structures that are not NOTE: Provisions relating to construction are given considered to be elements of structure. in Section 7. Emergency lighting Lighting for use when the Corridor access A design of a building containing power supply to the normal lighting fails. flats, in which each flat is approached via a Escape lighting The part of the emergency lighting common horizontal internal access or circulation that is provided to ensure that the escape route is space, which may include a common entrance hall. illuminated at all material times. Dead end An area from which escape is possible in Escape route The route along which people can one direction only. escape from any point in a building to a final exit. Direct distance The shortest distance from any Evacuation lift A lift that may be used to evacuate point within the floor area to the nearest storey people in a fire. exit, measured within the external enclosures of the Exit passageway A protected passageway that building, and ignoring walls, partitions and fittings connects a protected stairway to a final exit. other than the enclosing walls and partitions to protected stairways. NOTE: Exit passageways should be protected to the same standard as the stairway they serve. *Dwelling Includes a dwellinghouse and a flat. *External wall The external wall of a building NOTE: A dwelling is a unit where one or more includes all of the following. people live (whether or not as a sole or main residence) in either of the following situations. • Anything located within any space forming part of the wall. • A single person or people living together as a family. • Any decoration or other finish applied to any external (but not internal) surface forming part • A maximum of six people living together as of the wall. a single household, including where care is provided for residents. • Any windows and doors in the wall. *Dwellinghouse Does not include a flat or a • Any part of a roof pitched at an angle of more building containing a flat. than 70 degrees to the horizontal if that part of the roof adjoins a space within the building to which persons have access, but not access only for the purpose of carrying out repairs or maintenance. 114 Approved Document B Volume 1, 2019 edition Building Regulations 2010 O N L I N E V E R S I O N O N L I N E V E R S I O N A Final exit The end of an escape route from a Firefighting stair A protected stairway that building that gives direct access to a street, connects to the accommodation area through passageway, walkway or open space, and is sited to only a firefighting lobby. ensure that people rapidly disperse away from the Fire resisting (Fire resistance) The ability of a building so that they are no longer in danger from component or a building to satisfy, for a stated fire and/or smoke. period of time, some or all of the appropriate NOTE: Windows are not acceptable as final exits. criteria given in the relevant standard. Fire alarm system Combination of components for Fire-separating element A compartment wall, giving an audible and/or other perceptible warning compartment floor, cavity barrier and construction of fire. that encloses a protected escape route and/or a place of special fire hazard. Fire damper A mechanical or intumescent device within a duct or ventilation opening that operates Fire-stop (Fire-stopping) A seal provided to close automatically and is designed to resist the spread an imperfection of fit or design tolerance between of fire. elements or components, to restrict the spread of fire and smoke. Fire and smoke damper A fire damper which, in addition to the performance of the fire damper, *Flat A flat is a separate and self-contained resists the spread of smoke. premises constructed or adapted for use for residential purposes and forming part of a building Fire doorset A door or shutter which, together from some other part of which it is divided with its frame and furniture as installed in a horizontally. building, is intended (when closed) to resist the spread of fire and/or gaseous products of Gallery A floor or balcony that does not extend combustion and meets specified performance across the full extent of a building’s footprint and criteria to those ends. is open to the floor below. NOTE: A fire doorset may have one or more Habitable room A room used, or intended to leaves. The term includes a cover or other form of be used, for people to live in (including, for the protection to an opening in a fire resisting wall or purposes of Approved Document B Volumes 1 and floor, or in a structure that surrounds a protected 2, a kitchen, but not a bathroom). shaft. A fire doorset is a complete door assembly, Height (of a building or storey for the purposes of assembled on site or delivered as a completed Approved Document B Volumes 1 and 2) assembly, consisting of the door frame, leaf or leaves, essential hardware, edge seals and glazing, • Height of a building is measured as shown in and any integral side panels or fanlight panels in Appendix D, Diagram D4. an associated door screen. • Height of the floor of the top storey above Firefighting lift A lift with additional protection ground level is measured as shown in Appendix and with controls that enable it to be used by the D, Diagram D6. fire and rescue service when fighting a fire. (See Inner room Room from which escape is possible Section 15.) only by passing through another room (the access Firefighting lobby A protected lobby that room). provides access from a firefighting stair to the Live/work unit A flat that is a workplace for accommodation area and to any associated people who live there, its occupants, and for firefighting lift. people who do not live on the premises. Firefighting shaft A protected enclosure that Means of escape Structural means that provide contains a firefighting stair, firefighting lobbies one or more safe routes for people to go, during and, if provided, a firefighting lift together with its a fire, from any point in the building to a place machine room. of safety. 115 Building Regulations 2010 Approved Document B Volume 1, 2019 edition O N L I N E V E R S I O N A O N L I N E V E R S I O N Measurement Protected corridor/lobby A corridor or lobby that is adequately protected from fire in adjoining areas • Width of a doorway, cubic capacity, area, by fire resisting construction. height of a building and number of storeys are measured as shown in Appendix D, Diagrams D1 Protected entrance hall/landing A circulation to D6. area, consisting of a hall or space in a flat, that is enclosed with fire resisting construction other • Occupant number, travel distance, escape than an external wall of a building. route and stairs are measured as described in Appendix D, paragraphs D1 to D4. Protected shaft A shaft that enables people, air or objects to pass from one compartment to Notional boundary A boundary presumed to exist another, and which is enclosed with fire resisting between two buildings on the same site. construction. Open spatial planning The internal arrangement of Protected stairway A stair that leads to a final a building in which more than one storey or level exit to a place of safety and that is adequately is contained in one undivided volume, e.g. split- enclosed with fire resisting construction. Included level floors. For the purposes of this document in the definition is any exit passageway between there is a distinction between open spatial the foot of the stair and the final exit. planning and an atrium space. Purpose group A classification of a building Perimeter (of a building) The maximum aggregate according to the purpose to which it is intended plan perimeter, found by vertical projection onto to be put. (See Table 0.1.) a horizontal plane. (See Section 15 of Approved Document B Volume 2.) Relevant boundary The boundary or notional boundary that one side of the building faces and/ Pipe Includes pipe fittings and accessories. The or coincides with, and that is parallel or at an definition of ‘pipe’ excludes a flue pipe and a angle of a maximum of 80 degrees to that side of pipe used for ventilating purposes, other than the building. a ventilating pipe for an above-ground drainage system. Rooflight A dome light, lantern light, skylight, ridge light, glazed barrel vault or other element to Place of special fire hazard A room such as any of admit daylight through a roof. the following. Room An enclosed space within a building that is • Oil-filled transformer room. not used solely as a circulation space. The term • Switch gear room. includes not only conventional rooms, but also • Boiler room. cupboards that are not fittings and large spaces such as warehouses and auditoria. The term does • Storage space for fuel or other highly not include cavities such as ducts, ceiling cavities flammable substance(s). and roof spaces. • Room that houses a fixed internal combustion School A place of education for children between engine. 2 and 19 years old. The term includes nursery Platform floor (also called an access or raised schools, primary schools and secondary schools as floor) A floor that is supported by a structural defined in the Education Act 1996. floor, but with an intervening cavity to house Self-closing device A device that closes a door, services. when open at any angle, against a door frame. Protected circuit An electrical circuit that is NOTE: If the door is in a cavity barrier, rising butt protected against fire. hinges (which are different from the self-closing device mentioned above) are acceptable. 116 Approved Document B Volume 1, 2019 edition Building Regulations 2010 O N L I N E V E R S I O N O N L I N E V E R S I O N A Separated part (of a building) Part of a building Storey exit A final exit, or a doorway that gives that is separated from another part of the same direct access into a protected stairway, firefighting building by a compartment wall. The wall runs the lobby or external escape route. full height of the part and is in one vertical plane. NOTE: If an institutional building is planned to (See Appendix D, Diagram D5.) enable progressive horizontal evacuation, a door in Sheltered housing Includes two or more dwellings a compartment wall is considered a storey exit for in the same building or on adjacent sites, designed the purposes of requirement B1. and constructed as residential accommodation for Suspended ceiling (fire-protecting) A ceiling vulnerable or elderly people who receive, or will suspended below a floor that adds to the fire receive, a support service. resistance of the floor. Single storey building A building that consists of a Thermoplastic material Any synthetic polymeric ground storey only. Basements are not counted as material that has a softening point below 200°C if storeys in a building (see Appendix D). A separated tested to BS EN ISO 306 Method A120. Specimens part that consists of a ground storey only, with a for this test may be fabricated from the original roof to which access is only provided for repair polymer where the thickness of material of the or maintenance, may be treated as a single storey end product is less than 2.5mm. building. Travel distance (unless otherwise specified, e.g. Site (of a building) The land occupied by the as in the case of flats) The distance that a person building, up to the boundaries with land in other would travel from any point within the floor area ownership. to the nearest storey exit, determined by the *Specified attachment Includes any of the layout of walls, partitions and fittings. following. Unprotected area (in relation to a side or external • A balcony attached to an external wall. wall of a building) All of the following are classed as unprotected areas. • A device for reducing heat gain within a building by deflecting sunlight which is • Any part of the external wall that has less than attached to an external wall. the relevant fire resistance set out in Section 11. • A solar panel attached to an external wall. • Any part of the external wall constructed of material more than 1mm thick if that material Storey Includes any of the following. does not have a class B-s3, d2 rating or better, • Any gallery in an assembly building (purpose which is attached or applied, whether for group 5). cladding or any other purpose. • Any gallery in any other type of building if its • Windows, doors or other openings. This does not area is more than half that of the space into include windows that are designed and glazed to which it projects. give the necessary level of fire resistance and that are not openable. • A roof, unless it is accessible only for maintenance and repair. NOTE: Recessed car parking areas as shown in Diagram A1 should not be regarded as unprotected NOTE: The building is regarded as a multi-storey areas. building if both of the following apply. • There is more than one gallery. • The total aggregate area of all the galleries in one space is more than half the floor area of that space. 117 Building Regulations 2010 Approved Document B Volume 1, 2019 edition O N L I N E V E R S I O N A O N L I N E V E R S I O N NOTE: The parking area should be both of the following: a. Open fronted. b. Separated from the remainder of the building by a compartment wall(s) and floor(s) having not less than the period of fire resistance specified in Table B4 in Appendix B. Diagram A1 Recessed car parking areas 118 Approved Document B Volume 1, 2019 edition Building Regulations 2010 O N L I N E V E R S I O N O N L I N E V E R S I O N B Appendix B: Performance of materials, products and structures Introduction B1 Much of the guidance in this document is given in terms of performance classifications in relation to British or European Standards. In such cases, it will be necessary to demonstrate that a system or product can meet the relevant performance classification. This will be achieved if the system or product complies with one of the following. a. They should be in accordance with a specification or design that has been shown by a specific test to be capable of meeting that performance classification. b. They should have been designed by using relevant design standards in order to meet that performance classification. c. They should have been assessed by applying relevant test evidence, in lieu of carrying out a specific test, as being capable of meeting that performance classification. NOTE: Some products are subject to Classification Without Further Testing (CWFT). For the purposes of this approved document, such products can be considered to have been shown to be capable of meeting a performance specification as per paragraph B1a. B2 Any test evidence used to demonstrate the fire performance classification of a product or system should be carefully checked to ensure that it is applicable to the intended use. Small differences in detail, such as fixing method, joints, dimensions, the introduction of insulation materials and air gaps (ventilated or not), can significantly affect the performance. B3 Assessments should not be regarded as a way to avoid a test where one is necessary. Assessments should only be carried out where sufficient relevant test evidence is available. Relevant test evidence is unlikely to be provided by test standards which have different classification criteria. B4 Where it is proposed to assess the classification of a product or system in lieu of carrying out a specific test (as in paragraph B1b), this should be done in accordance with the relevant standard for extended application for the test in question and should include details of the test evidence that has been used to support the assessment. For performance classifications where there is no specific standard for extended application, assessment reports should be produced in accordance with the principles of BS EN 15725 and should include details of the test evidence that has been used to support the assessment. Further information on best practice is provided in the Passive Fire Protection Federation’s Guide to Undertaking Assessments in Lieu of Fire Tests. NOTE: Regulation 7(2) limits components used in or on the external walls of certain buildings to materials achieving class A2-s1, d0 or class A1 (see Section 10). Assessments cannot be used to demonstrate compliance with this requirement. B5 Tests and assessments should be carried out by organisations with the necessary expertise. For example, organisations listed as ‘notified bodies’ in accordance with the European Construction 119 Building Regulations 2010 Approved Document B Volume 1, 2019 edition O N L I N E V E R S I O N B O N L I N E V E R S I O N Products Regulation or laboratories accredited by the United Kingdom Accreditation Service (UKAS) for the relevant test standard can be assumed to have the necessary expertise. NOTE: Standard fire tests do not directly measure fire hazard. They measure or assess the response of a material or system to exposure to one or more aspects of fire conditions. Performance in fire tests is only one of a number of factors that should be taken into account. Reaction to fire B6 Reaction to fire relates to the degree to which a product will contribute, by its own decomposition, to a fire under specified conditions. Products, other than floorings, are classified as A1, A2, B, C, D, E or F (with class A1 being the highest performance and F being the lowest) in accordance with BS EN 13501-1. Class F is assigned when a product fails to attain class E. Untested products cannot be classified in accordance with BS EN 13501-1. Materials covered by the Classification Without Further Testing (CWFT) process can be found by accessing the European Commission’s website https://eur-lex.europa.eu/. B7 The classes of reaction to fire performance of A2, B, C, D and E are accompanied by additional classifications related to the production of smoke (s1, s2, s3), with s1 indicating the lowest production, and/or flaming droplets/particles (d0, d1, d2), with d0 indicating the lowest production. NOTE: When a classification includes s3, d2 this means that there is no limit set for smoke production and/or flaming droplets/particles. B8 To reduce the testing burden on manufacturers, BS EN 13238 defines a number of standard substrates that produce test results representative of different end use applications. The classification for reaction to fire achieved during testing is only valid when the product is used within this field of application, i.e. when the product is fixed to a substrate of that class in its end use. The standard substrate selected for testing should take account of the intended end use applications (field of application) of the product and represent end use substrates that have a density of a minimum of 75% of the standard substrate’s nominal density. B9 Standard substrates include gypsum plasterboard (BS EN 520) with a density of 700+/-100kg/m3, calcium silicate board (BS EN 14306) 870+/-50kg/m3 and fibre-cement board 1800+/-200kg/m3. NOTE: Standard calcium silicate board is not representative of gypsum plasterboard end use (due to the paper layer), but would be representative of most gypsum plasters (with densities of more than 650kg/m3). NOTE: Classifications based on tests using a plasterboard substrate would also be acceptable for products bonded to a gypsum plaster end use substrate. National classifications for reaction to fire B10 This document uses the European classification system for reaction to fire set out in BS EN 13501-1; however, there may be some products lawfully on the market using the classification system set out in previous editions. Where this is the case, Table B1 can be used for the purposes of this document. 120 Approved Document B Volume 1, 2019 edition Building Regulations 2010 O N L I N E V E R S I O N O N L I N E V E R S I O N B Table B1 Reaction to fire classifications: transposition to national class BS EN 13501-1 classification Transposition A1 Material that, when tested to BS 476-11, does not either: a. flame b. cause a rise in temperature on either the thermocouple at the centre of the specimen or in the furnaces A2-s1, d0 None A2-s3, d2 Material that meets either of the following. a. Any material of density 300kg/m3 or more, which, when tested to BS 476-11, complies with both of the following: i. does not flame ii. causes a rise in temperature on the furnace thermocouple not exceeding 20°C b. Any material of density less than 300kg/m3, which, when tested to BS 476-11, complies with both of the following: i. does not flame for more than 10 seconds ii. causes a rise in temperature on the thermocouple at the centre of the specimen or in the furnace that is a maximum of 35°C and on the furnace thermocouple that is a maximum of 25°C B-s3, d2 Any material that meets both of the following criteria. a. Class 1 in accordance with BS 476-7. b. Has a fire propagation index (I) of a maximum of 12 and sub-index (i1) of a maximum of 6, determined by using the method given in BS 476-6. Index of performance (I) relates to the overall test performance, whereas sub-index (i1) is derived from the first three minutes of the test C-s3, d2 Class 1 in accordance with BS 476-7 D-s3, d2 Class 3 in accordance with BS 476-7 NOTE: The national classifications do not automatically equate with the transposed classifications in the ‘BS EN 13501-1 classification’ column, therefore products cannot typically assume a European class unless they have been tested accordingly. NOTE: A classification of s3, d2 indicates that no limit is set for production of smoke and/or flaming droplets/particles. If a performance for production of smoke and/or flaming droplets/ particles is specified, then only the European classes can be used. For example, a national class may not be used as an alternative to a classification which includes s1, d0. Thermoplastic materials B11 Thermoplastic material is any synthetic polymeric material that has a softening point below 200°C if tested to BS EN ISO 306 Method A120. Products formed from these materials cannot always be classified in the normal way. In those circumstances the following approach can be followed. B12 Thermoplastic materials used for window glazing, rooflights and lighting diffusers within suspended ceilings do not need to meet the criteria within paragraph B19 onwards, if the guidance to requirements B2 and B4 is followed. 121 Building Regulations 2010 Approved Document B Volume 1, 2019 edition O N L I N E V E R S I O N B O N L I N E V E R S I O N B13 For the purposes of requirements B2 and B4, thermoplastic materials should be classified as TP(a) rigid, TP(a) flexible or TP(b), as follows: a. TP(a) rigid i. rigid solid uPVC sheet ii. solid (as distinct from double- or multi-skinned) polycarbonate sheet a minimum of 3mm thick iii. multi-skinned rigid sheet made from uPVC or polycarbonate that has a class 1 rating when tested to BS 476-7 iv. any other rigid thermoplastic product, a specimen of which (at the thickness of the product as put on the market), when tested to BS 2782-0 Method 508A, performs so that both: • the test flame extinguishes before the first mark • the duration of flaming or afterglow does not exceed 5 seconds following removal of the burner. b. TP(a) flexible Flexible products a maximum of 1mm thick that comply with the Type C requirements of BS 5867-2 when tested to BS 5438 Test 2 with the flame applied to the surface of the specimens for 5, 15, 20 and 30 seconds respectively, but excluding the cleansing procedure; and c. TP(b) i. rigid solid polycarbonate sheet products a maximum of 3mm thick, or multi-skinned polycarbonate sheet products that do not qualify as TP(a) by test ii. other products which, when a specimen of the material between 1.5 and 3mm thick is tested in accordance with BS 2782-0 Method 508A, have a maximum rate of burning of 50mm/minute. NOTE: If it is not possible to cut or machine a 3mm thick specimen from the product, then a 3mm test specimen can be moulded from the same material as that used to manufacture the product. B14 A thermoplastic material alone when used as a lining to a wall or ceiling cannot be assumed to protect a substrate. The surface rating of both thermoplastic material and substrate must therefore meet the required classification. If, however, the thermoplastic material is fully bonded to a non-thermoplastic substrate, then only the surface rating of the composite needs to meet the required classification. Roofs B15 Performance of the resistance of roofs to external fire exposure is measured in terms of penetration through the roof construction and the spread of flame over its surface. B16 Roof constructions are classified within the European system as B (t4), C (t4), D (t4), ROOF ROOF ROOF E (t4) or F (t4) in accordance with BS EN 13501-5. B (t4) indicates the highest performance ROOF ROOF ROOF and F (t4) the lowest. ROOF B17 BS EN 13501-5 refers to four separate roof tests. The suffix (t4) used in paragraph B16 indicates that Test 4 is to be used for the purposes of this approved document. 122 Approved Document B Volume 1, 2019 edition Building Regulations 2010 O N L I N E V E R S I O N O N L I N E V E R S I O N B B18 This document uses the European classification system for roof covering set out in BS EN 13501-5; however, there may be some products lawfully on the market using the classification system set out in previous editions. Where this is the case, Table B2 can be used for the purposes of this document. Table B2 Roof covering classifications: transposition to national class BS EN 13501-5 classification Transposition to BS 476-3 classification B (t4) AA, AB or AC ROOF C (t4) BA, BB or BC ROOF D (t4) CA, CB or CC ROOF E (t4) AD, BD or CD ROOF F (t4) DA, DB, DC or DD ROOF NOTE: The national classifications do not automatically equate with the transposed classifications in the European column, therefore products cannot typically assume a European class unless they have been tested accordingly. Fire resistance B19 Common to all of the provisions of Part B of the Building Regulations is the property of fire resistance. Fire resistance is a measure of one or more of the following. a. Resistance to collapse (loadbearing capacity), which applies to loadbearing elements only, denoted R in the European classification of the resistance to fire performance. b. Resistance to fire penetration (integrity), denoted E in the European classification of the resistance to fire performance. c. Resistance to the transfer of excessive heat (insulation), denoted I in the European classification of the resistance to fire performance. B20 The standards of fire resistance necessary for a particular building are based on assumptions about the severity of fires and the consequences should an element fail. Fire severity is estimated in very broad terms from the use of the building (its purpose group), on the assumption that the building contents (which constitute the fire load) are similar for buildings with the same use. B21 Because the use of buildings may change, a precise estimate of fire severity based on the fire load due to a particular use may be misleading. Therefore if a fire engineering approach of this kind is adopted, the likelihood that the fire load may change in the future needs to be considered. B22 Performance in terms of the fire resistance to be achieved by elements of structure, doors and other forms of construction is classified in accordance with one of the following. a. BS EN 13501-2. b. BS EN 13501-3. c. BS EN 13501-4. B23 Fire resistance is measured in minutes. This relates to time elapsed in a standard test and should not be confused with real time. B24 The fire resistance necessary for different circumstances is set out in the following tables. 123 Building Regulations 2010 Approved Document B Volume 1, 2019 edition O N L I N E V E R S I O N B O N L I N E V E R S I O N a. Table B3 gives the specific requirements for each element of structure. b. Table B4 sets out the minimum periods of fire resistance for elements of structure. c. Table B5 sets out limitations on the use of uninsulated fire resisting glazed elements. B25 This document uses the European classification system for fire resistance set out in BS EN 13501-2 to 4; however, there may be some products lawfully on the market using the classification system set out in previous editions. In those situations the equivalent classifications given in Table B1 can be used. Table B3 Specific provisions of the test for fire resistance of elements of structure, etc. Part of building Minimum Alternative minimum provisions when tested to Type of provisions when the relevant part of BS 476(2) (minutes) exposure tested to the Loadbearing Integrity Insulation relevant European capacity(3) standard (minutes)(1) 1. Structural frame, R see Table B4 See Table B4 Not applicable Not applicable Exposed faces beam or column. 2. Loadbearing wall R see Table B4 See Table B4 Not applicable Not applicable Each side separately (which is not also a wall described in any of the following items). 3. Floors(4) a. between a shop and REI 60 or 60 min or 60 min or 60 min or From flat above see Table B4 see Table B4 see Table B4 see Table B4 underside(5) (whichever is (whichever is (whichever is (whichever is greater) greater) greater) greater) b. in upper storey R 30 and REI 15 30 min 15 min 15 min From of two storey underside(5) dwellinghouse (but not over garage or basement) c. any other floor REI see Table B4 See Table B4 See Table B4 See Table B4 From – including underside(5) compartment floors. 4. Roofs a. any part forming an REI 30 30 min 30 min 30 min From escape route underside(5) b. any roof that REI see Table B4 See Table B4 See Table B4 See Table B4 From performs the underside(5) function of a floor. 124 Approved Document B Volume 1, 2019 edition Building Regulations 2010 O N L I N E V E R S I O N O N L I N E V E R S I O N B Table B3 Continued Part of building Minimum Alternative minimum provisions when tested to Type of provisions when the relevant part of BS 476(2) (minutes) exposure tested to the Loadbearing Integrity Insulation relevant European capacity(3) standard (minutes)(1) 5. External walls a. any part a maximum REI see Table B4 See Table B4 See Table B4 See Table B4 Each side of 1000mm from any separately point on the relevant boundary(6) b. any part a minimum RE see Table B4 See Table B4 See Table B4 15 min From inside of 1000mm from the and REI 15 the building relevant boundary(6) c. any part beside an RE 30 30 min 30 min No From inside external escape provision(7) (8) the building route (Section 2, Diagram 2.7 and Section 3, Diagram 3.11). 6. Compartment walls Separating either: a. a flat from any other REI 60 or 60 min or 60 min or 60 min or Each side part of the building see Table B4 see Table B4 see Table B4 see Table B4 separately (see paragraph 7.1) (whichever is less) (whichever is (whichever is (whichever is less) less) less) b. occupancies. REI 60 or 60 min or 60 min or 60 min or Each side see Table B4 see Table B4 see Table B4 see Table B4 separately (whichever is less) (whichever is (whichever is (whichever is less) less) less) 7. Compartment walls REI see Table B4 See Table B4 See Table B4 See Table B4 Each side (other than in item 6 separately or item 10). 8. Protected shafts Excluding any firefighting shaft: a. any glazing E 30 Not applicable 30 min No provision(8) Each side separately b. any other part REI 30 30 min 30 min 30 min Each side between the shaft separately and a protected lobby/corridor c. any part not REI see Table B4 See Table B4 See Table B4 See Table B4 Each side described in (a) or (b) separately above. 125 Building Regulations 2010 Approved Document B Volume 1, 2019 edition O N L I N E V E R S I O N B O N L I N E V E R S I O N Table B3 Continued Part of building Minimum Alternative minimum provisions when tested to Type of provisions when the relevant part of BS 476(2) (minutes) exposure tested to the Loadbearing Integrity Insulation relevant European capacity(3) standard (minutes)(1) 9. Enclosure (that does not form part of a compartment wall or a protected shaft) to a: a. protected stairway REI 30(8) 30 min 30 min 30 min(8) Each side separately b. lift shaft. REI 30 30 min 30 min 30 min Each side separately 10. Wall or floor REI 30(8) 30 min 30 min 30 min(8) From garage separating an side attached or integral garage from a dwellinghouse 11. Fire resisting REI 30(8) 30 min 30 min 30 min(8) Each side construction in separately dwellinghouses not described elsewhere 12. Firefighting shafts REI 120 120 min 120 min 120 min From side remote from shaft a. construction that REI 60 60 min 60 min 60 min From shaft separates firefighting side shaft from rest of building b. construction that REI 60 60 min 60 min 60 min Each side separates firefighting separately stair, firefighting lift shaft and firefighting lobby. 13. Enclosure (that is not a compartment wall or described in item 8) to a: a. protected lobby REI 30(8) 30 min 30 min 30 min(8) Each side separately b. protected corridor. REI 30(8) 30 min 30 min 30 min(8) Each side separately 14. Sub-division of a REI 30(8) 30 min 30 min 30 min(8) Each side corridor separately 126 Approved Document B Volume 1, 2019 edition Building Regulations 2010 O N L I N E V E R S I O N O N L I N E V E R S I O N B Table B3 Continued Part of building Minimum Alternative minimum provisions when tested to Type of provisions when the relevant part of BS 476(2) (minutes) exposure tested to the Loadbearing Integrity Insulation relevant European capacity(3) standard (minutes)(1) 15. Fire resisting construction a. construction that REI 30 30 min 30 min 30 min Each side encloses places of separately special fire hazard b. construction REI 30 30 min 30 min 30 min Each side between store rooms separately and sales area in shops c. fire resisting REI 30 30 min 30 min 30 min Each side sub-division separately d. construction that REI 30 30 min 30 min 30 min Each side encloses bedrooms separately and ancillary accommodation in care homes. 16. Enclosure in a flat REI 30(8) 30 min 30 min 30 min(8) Each side to a protected separately entrance hall, or to a protected landing. 17. Cavity barrier E 30 and EI 15 Not applicable 30 min 15 min Each side separately 18. Ceiling see paragraph EI 30 Not applicable 30 min 30 min From","The records should include details of all of the following. a. The fire safety strategy, including all assumptions in the design of the fire safety systems (such as fire load). Any risk assessments or risk analysis. b. All assumptions in the design of the fire safety arrangements for the management of the building. c. All of the following. i. Escape routes (including occupant load and capacity of escape routes). ii. Any provision to enable the evacuation of disabled people. iii. Escape strategy (e.g. simultaneous or phased). iv. Muster points. d. All passive fire safety measures, including all of the following. i. Compartmentation (i.e. location of fire-separating elements). ii. Cavity barriers. iii. Fire doorsets, including fire doorsets fitted with a self-closing device and other doors equipped with relevant hardware (e.g. electronic security locks). iv. Duct dampers. v. Fire shutters. e. All of the following. i. Fire detector heads. ii. Smoke detector heads. iii. Alarm call points. iv. Detection/alarm control boxes. v. Alarm sounders. vi. Emergency communications systems. vii. CCTV. viii. Fire safety signage. ix. Emergency lighting. x. Fire extinguishers. xi. Dry or wet fire mains and other firefighting equipment. 112 Approved Document B Volume 1, 2019 edition Building Regulations 2010 O N L I N E V E R S I O N O N L I N E V E R S I O N R38 xii. Other interior facilities for the fire and rescue service. xiii. Emergency control rooms. xiv. Location of hydrants outside the building. xv. Other exterior facilities for the fire and rescue service. f. All active fire safety measures, including both of the following. i. Sprinkler system(s) design, including isolating valves and control equipment. ii. Smoke control system(s) (or heating, ventilation and air conditioning system with a smoke control function) design, including mode of operation and control systems. g. Any high risk areas (e.g. heating machinery) and particular hazards. h. Plans of the building as built, showing the locations of the above. i. Both of the following. i. Specifications of any fire safety equipment provided, including all of the following. • Operational details. • Operators’ manuals. • Software. • System zoning. • Routine inspection, testing and maintenance schedules. ii. Records of any acceptance or commissioning tests. j. Any other details appropriate for the specific building. 113 Building Regulations 2010 Approved Document B Volume 1, 2019 edition O N L I N E V E R S I O N A O N L I N E V E R S I O N Appendix A: Key terms NOTE: Except for the items marked * (which Basement storey A storey with a floor that, at some are from the Building Regulations 2010), these point, is more than 1200mm below the highest level definitions apply only to Approved Document B. of ground beside the outside walls. (However, see Appendix B, paragraph B26c, for situations where NOTE: The terms defined below are key terms the storey is considered to be a basement only used in this document only. Refer to BS 4422 for because of a sloping site.) further guidance on the definitions of common terms used in the fire safety industry which are Boundary The boundary of the land that belongs to not listed below. a building, or, where the land abuts a road, railway, canal or river, the centre line of that road, railway, Access room A room that the only escape route canal or river. from an inner room passes through. *Building Any permanent or temporary building Alternative escape routes Escape routes that are but not any other kind of structure or erection. A sufficiently separated by direction and space or by reference to a building includes a reference to part fire resisting construction to ensure that one is still of a building. available if the other is affected by fire. Building control body A term that includes both NOTE: A second stair, balcony or flat roof which local authority building control and approved enables a person to reach a place free from danger inspectors. from fire is considered an alternative escape route for the purposes of a dwellinghouse. Cavity A space enclosed by elements of a building (including a suspended ceiling) or contained within Alternative exit One of two or more exits, each of an element, but that is not a room, cupboard, which is separate from the other. circulation space, protected shaft, or space within a Appliance ventilation duct A duct to deliver flue, chute, duct, pipe or conduit. combustion air to a gas appliance. Cavity barrier A construction within a cavity, other Atrium (plural atria) A continuous space that passes than a smoke curtain, to perform either of the through one or more structural floors within a following functions. building, not necessarily vertically. • Close a cavity to stop smoke or flame entering. NOTE: Enclosed lift wells, enclosed escalator wells, • Restrict the movement of smoke or flame building services ducts and stairs are not classified within a cavity. as atria. Ceiling Part of a building that encloses a room, Automatic release mechanism A device that protected shaft or circulation space and is exposed normally holds a door open, but closes it overhead. automatically if any one of the following occurs. NOTE: The soffit of a rooflight, but not the frame, • Smoke is detected by an automatic device of a is included as part of the surface of the ceiling. An suitable nature and quality in a suitable location. upstand below a rooflight is considered as a wall. • A hand-operated switch, fitted in a suitable Circulation space A space (including a protected position, is operated. stairway) mainly used as a means of access • The electricity supply to the device, apparatus between a room and an exit from the building or or switch fails. compartment. • The fire alarm system, if any, is operated. 114 Approved Document B Volume 1, 2019 edition Building Regulations 2010 O N L I N E V E R S I O N O N L I N E V E R S I O N A Common balcony A walkway, open to the air on Element of structure Any of the following. one or more sides, that forms part of the escape • A member that forms part of the structural route from more than one flat. frame of a building, or any other beam or Common stair An escape stair that serves more column. than one flat. • A loadbearing wall or loadbearing part of a wall. Compartment (fire) A building or part of a building, • A floor. comprising one or more rooms, spaces or storeys, that is constructed to prevent the spread of fire • A gallery (but not a loading gallery, fly to or from another part of the same building or an gallery, stage grid, lighting bridge, or any adjoining building. gallery provided for similar purposes or for maintenance and repair). NOTE: A roof space above the top storey of a compartment is included in that compartment. (See • An external wall. also ‘Separated part’.) • A compartment wall (including a wall that is Compartment wall or floor A fire resisting wall common to two or more buildings). or floor to separate one fire compartment from NOTE: However, see the guidance to requirement another. B3, paragraph 6.2, for a list of structures that are not NOTE: Provisions relating to construction are given considered to be elements of structure. in Section 7. Emergency lighting Lighting for use when the Corridor access A design of a building containing power supply to the normal lighting fails. flats, in which each flat is approached via a Escape lighting The part of the emergency lighting common horizontal internal access or circulation that is provided to ensure that the escape route is space, which may include a common entrance hall. illuminated at all material times. Dead end An area from which escape is possible in Escape route The route along which people can one direction only. escape from any point in a building to a final exit. Direct distance The shortest distance from any Evacuation lift A lift that may be used to evacuate point within the floor area to the nearest storey people in a fire. exit, measured within the external enclosures of the Exit passageway A protected passageway that building, and ignoring walls, partitions and fittings connects a protected stairway to a final exit. other than the enclosing walls and partitions to protected stairways. NOTE: Exit passageways should be protected to the same standard as the stairway they serve. *Dwelling Includes a dwellinghouse and a flat. *External wall The external wall of a building NOTE: A dwelling is a unit where one or more includes all of the following. people live (whether or not as a sole or main residence) in either of the following situations. • Anything located within any space forming part of the wall. • A single person or people living together as a family. • Any decoration or other finish applied to any external (but not internal) surface forming part • A maximum of six people living together as of the wall. a single household, including where care is provided for residents. • Any windows and doors in the wall. *Dwellinghouse Does not include a flat or a • Any part of a roof pitched at an angle of more building containing a flat. than 70 degrees to the horizontal if that part of the roof adjoins a space within the building to which persons have access, but not access only for the purpose of carrying out repairs or maintenance. 115 Building Regulations 2010 Approved Document B Volume 1, 2019 edition O N L I N E V E R S I O N A O N L I N E V E R S I O N Final exit The end of an escape route from a Firefighting stair A protected stairway that building that gives direct access to a street, connects to the accommodation area through passageway, walkway or open space, and is sited to only a firefighting lobby. ensure that people rapidly disperse away from the Fire resisting (Fire resistance) The ability of a building so that they are no longer in danger from component or a building to satisfy, for a stated fire and/or smoke. period of time, some or all of the appropriate NOTE: Windows are not acceptable as final exits. criteria given in the relevant standard. Fire alarm system Combination of components for Fire-separating element A compartment wall, giving an audible and/or other perceptible warning compartment floor, cavity barrier and construction of fire. that encloses a protected escape route and/or a place of special fire hazard. Fire damper A mechanical or intumescent device within a duct or ventilation opening that operates Fire-stop (Fire-stopping) A seal provided to close automatically and is designed to resist the spread an imperfection of fit or design tolerance between of fire. elements or components, to restrict the spread of fire and smoke. Fire and smoke damper A fire damper which, in addition to the performance of the fire damper, *Flat A flat is a separate and self-contained resists the spread of smoke. premises constructed or adapted for use for residential purposes and forming part of a building Fire doorset A door or shutter which, together from some other part of which it is divided with its frame and furniture as installed in a horizontally. building, is intended (when closed) to resist the spread of fire and/or gaseous products of Gallery A floor or balcony that does not extend combustion and meets specified performance across the full extent of a building’s footprint and criteria to those ends. is open to the floor below. NOTE: A fire doorset may have one or more Habitable room A room used, or intended to leaves. The term includes a cover or other form of be used, for people to live in (including, for the protection to an opening in a fire resisting wall or purposes of Approved Document B Volumes 1 and floor, or in a structure that surrounds a protected 2, a kitchen, but not a bathroom). shaft. A fire doorset is a complete door assembly, Height (of a building or storey for the purposes of assembled on site or delivered as a completed Approved Document B Volumes 1 and 2) assembly, consisting of the door frame, leaf or leaves, essential hardware, edge seals and glazing, • Height of a building is measured as shown in and any integral side panels or fanlight panels in Appendix D, Diagram D4. an associated door screen. • Height of the floor of the top storey above Firefighting lift A lift with additional protection ground level is measured as shown in Appendix and with controls that enable it to be used by the D, Diagram D6. fire and rescue service when fighting a fire. (See Inner room Room from which escape is possible Section 15.) only by passing through another room (the access Firefighting lobby A protected lobby that room). provides access from a firefighting stair to the Live/work unit A flat that is a workplace for accommodation area and to any associated people who live there, its occupants, and for firefighting lift. people who do not live on the premises. Firefighting shaft A protected enclosure that Means of escape Structural means that provide contains a firefighting stair, firefighting lobbies one or more safe routes for people to go, during and, if provided, a firefighting lift together with its a fire, from any point in the building to a place machine room. of safety. 116 Approved Document B Volume 1, 2019 edition Building Regulations 2010 O N L I N E V E R S I O N O N L I N E V E R S I O N A Measurement Protected corridor/lobby A corridor or lobby that is adequately protected from fire in adjoining areas • Width of a doorway, cubic capacity, area, by fire resisting construction. height of a building and number of storeys are measured as shown in Appendix D, Diagrams D1 Protected entrance hall/landing A circulation to D6. area, consisting of a hall or space in a flat, that is enclosed with fire resisting construction other • Occupant number, travel distance, escape than an external wall of a building. route and stairs are measured as described in Appendix D, paragraphs D1 to D4. Protected shaft A shaft that enables people, air or objects to pass from one compartment to Notional boundary A boundary presumed to exist another, and which is enclosed with fire resisting between two buildings on the same site. construction. Open spatial planning The internal arrangement of Protected stairway A stair that leads to a final a building in which more than one storey or level exit to a place of safety and that is adequately is contained in one undivided volume, e.g. split- enclosed with fire resisting construction. Included level floors. For the purposes of this document in the definition is any exit passageway between there is a distinction between open spatial the foot of the stair and the final exit. planning and an atrium space. Purpose group A classification of a building Perimeter (of a building) The maximum aggregate according to the purpose to which it is intended plan perimeter, found by vertical projection onto to be put. (See Table 0.1.) a horizontal plane. (See Section 15 of Approved Document B Volume 2.) Relevant boundary The boundary or notional boundary that one side of the building faces and/ Pipe Includes pipe fittings and accessories. The or coincides with, and that is parallel or at an definition of ‘pipe’ excludes a flue pipe and a angle of a maximum of 80 degrees to that side of pipe used for ventilating purposes, other than the building. a ventilating pipe for an above-ground drainage system. Rooflight A dome light, lantern light, skylight, ridge light, glazed barrel vault or other element to Place of special fire hazard A room such as any of admit daylight through a roof. the following. Room An enclosed space within a building that is • Oil-filled transformer room. not used solely as a circulation space. The term • Switch gear room. includes not only conventional rooms, but also • Boiler room. cupboards that are not fittings and large spaces such as warehouses and auditoria. The term does • Storage space for fuel or other highly not include cavities such as ducts, ceiling cavities flammable substance(s). and roof spaces. • Room that houses a fixed internal combustion School A place of education for children between engine. 2 and 19 years old. The term includes nursery Platform floor (also called an access or raised schools, primary schools and secondary schools as floor) A floor that is supported by a structural defined in the Education Act 1996. floor, but with an intervening cavity to house Self-closing device A device that closes a door, services. when open at any angle, against a door frame. Protected circuit An electrical circuit that is NOTE: If the door is in a cavity barrier, rising butt protected against fire. hinges (which are different from the self-closing device mentioned above) are acceptable. 117 Building Regulations 2010 Approved Document B Volume 1, 2019 edition O N L I N E V E R S I O N A O N L I N E V E R S I O N Separated part (of a building) Part of a building Storey exit A final exit, or a doorway that gives that is separated from another part of the same direct access into a protected stairway, firefighting building by a compartment wall. The wall runs the lobby or external escape route. full height of the part and is in one vertical plane. NOTE: If an institutional building is planned to (See Appendix D, Diagram D5.) enable progressive horizontal evacuation, a door in Sheltered housing Includes two or more dwellings a compartment wall is considered a storey exit for in the same building or on adjacent sites, designed the purposes of requirement B1. and constructed as residential accommodation for Suspended ceiling (fire-protecting) A ceiling vulnerable or elderly people who receive, or will suspended below a floor that adds to the fire receive, a support service. resistance of the floor. Single storey building A building that consists of a Thermoplastic material Any synthetic polymeric ground storey only. Basements are not counted as material that has a softening point below 200°C if storeys in a building (see Appendix D). A separated tested to BS EN ISO 306 Method A120. Specimens part that consists of a ground storey only, with a for this test may be fabricated from the original roof to which access is only provided for repair polymer where the thickness of material of the or maintenance, may be treated as a single storey end product is less than 2.5mm. building. Travel distance (unless otherwise specified, e.g. Site (of a building) The land occupied by the as in the case of flats) The distance that a person building, up to the boundaries with land in other would travel from any point within the floor area ownership. to the nearest storey exit, determined by the *Specified attachment Includes any of the layout of walls, partitions and fittings. following. Unprotected area (in relation to a side or external • A balcony attached to an external wall. wall of a building) All of the following are classed as unprotected areas. • A device for reducing heat gain within a building by deflecting sunlight which is • Any part of the external wall that has less than attached to an external wall. the relevant fire resistance set out in Section 11. • A solar panel attached to an external wall. • Any part of the external wall constructed of material more than 1mm thick if that material Storey Includes any of the following. does not have a class B-s3, d2 rating or better, • Any gallery in an assembly building (purpose which is attached or applied, whether for group 5). cladding or any other purpose. • Any gallery in any other type of building if its • Windows, doors or other openings. This does not area is more than half that of the space into include windows that are designed and glazed to which it projects. give the necessary level of fire resistance and that are not openable. • A roof, unless it is accessible only for maintenance and repair. NOTE: Recessed car parking areas as shown in Diagram A1 should not be regarded as unprotected NOTE: The building is regarded as a multi-storey areas. building if both of the following apply. • There is more than one gallery. • The total aggregate area of all the galleries in one space is more than half the floor area of that space. 118 Approved Document B Volume 1, 2019 edition Building Regulations 2010 O N L I N E V E R S I O N O N L I N E V E R S I O N A NOTE: The parking area should be both of the following: a. Open fronted. b. Separated from the remainder of the building by a compartment wall(s) and floor(s) having not less than the period of fire resistance specified in Table B4 in Appendix B. Diagram A1 Recessed car parking areas 119 Building Regulations 2010 Approved Document B Volume 1, 2019 edition O N L I N E V E R S I O N B O N L I N E V E R S I O N Appendix B: Performance of materials, products and structures Introduction B1 Much of the guidance in this document is given in terms of performance classifications in relation to British or European Standards. In such cases, it will be necessary to demonstrate that a system or product can meet the relevant performance classification. This will be achieved if the system or product complies with one of the following. a. They should be in accordance with a specification or design that has been shown by a specific test to be capable of meeting that performance classification. b. They should have been designed by using relevant design standards in order to meet that performance classification. c. They should have been assessed by applying relevant test evidence, in lieu of carrying out a specific test, as being capable of meeting that performance classification. NOTE: Some products are subject to Classification Without Further Testing (CWFT). For the purposes of this approved document, such products can be considered to have been shown to be capable of meeting a performance specification as per paragraph B1a. B2 Any test evidence used to demonstrate the fire performance classification of a product or system should be carefully checked to ensure that it is applicable to the intended use. Small differences in detail, such as fixing method, joints, dimensions, the introduction of insulation materials and air gaps (ventilated or not), can significantly affect the performance. B3 Assessments should not be regarded as a way to avoid a test where one is necessary. Assessments should only be carried out where sufficient relevant test evidence is available. Relevant test evidence is unlikely to be provided by test standards which have different classification criteria. B4 Where it is proposed to assess the classification of a product or system in lieu of carrying out a specific test (as in paragraph B1b), this should be done in accordance with the relevant standard for extended application for the test in question and should include details of the test evidence that has been used to support the assessment. For performance classifications where there is no specific standard for extended application, assessment reports should be produced in accordance with the principles of BS EN 15725 and should include details of the test evidence that has been used to support the assessment. Further information on best practice is provided in the Passive Fire Protection Federation’s Guide to Undertaking Assessments in Lieu of Fire Tests. NOTE: Regulation 7(2) limits components used in or on the external walls of certain buildings to materials achieving class A2-s1, d0 or class A1 (see Section 10). Assessments cannot be used to demonstrate compliance with this requirement. B5 Tests and assessments should be carried out by organisations with the necessary expertise. For example, organisations listed as ‘notified bodies’ in accordance with the European Construction 120 Approved Document B Volume 1, 2019 edition Building Regulations 2010 O N L I N E V E R S I O N O N L I N E V E R S I O N B Products Regulation or laboratories accredited by the United Kingdom Accreditation Service (UKAS) for the relevant test standard can be assumed to have the necessary expertise. NOTE: Standard fire tests do not directly measure fire hazard. They measure or assess the response of a material or system to exposure to one or more aspects of fire conditions. Performance in fire tests is only one of a number of factors that should be taken into account. Reaction to fire B6 Reaction to fire relates to the degree to which a product will contribute, by its own decomposition, to a fire under specified conditions. Products, other than floorings, are classified as A1, A2, B, C, D, E or F (with class A1 being the highest performance and F being the lowest) in accordance with BS EN 13501-1. Class F is assigned when a product fails to attain class E. Untested products cannot be classified in accordance with BS EN 13501-1. Materials covered by the Classification Without Further Testing (CWFT) process can be found by accessing the European Commission’s website https://eur-lex.europa.eu/. B7 The classes of reaction to fire performance of A2, B, C, D and E are accompanied by additional classifications related to the production of smoke (s1, s2, s3), with s1 indicating the lowest production, and/or flaming droplets/particles (d0, d1, d2), with d0 indicating the lowest production. NOTE: When a classification includes s3, d2 this means that there is no limit set for smoke production and/or flaming droplets/particles. B8 To reduce the testing burden on manufacturers, BS EN 13238 defines a number of standard substrates that produce test results representative of different end use applications. The classification for reaction to fire achieved during testing is only valid when the product is used within this field of application, i.e. when the product is fixed to a substrate of that class in its end use. The standard substrate selected for testing should take account of the intended end use applications (field of application) of the product and represent end use substrates that have a density of a minimum of 75% of the standard substrate’s nominal density. B9 Standard substrates include gypsum plasterboard (BS EN 520) with a density of 700+/-100kg/m3, calcium silicate board (BS EN 14306) 870+/-50kg/m3 and fibre-cement board 1800+/-200kg/m3. NOTE: Standard calcium silicate board is not representative of gypsum plasterboard end use (due to the paper layer), but would be representative of most gypsum plasters (with densities of more than 650kg/m3). NOTE: Classifications based on tests using a plasterboard substrate would also be acceptable for products bonded to a gypsum plaster end use substrate. National classifications for reaction to fire B10 This document uses the European classification system for reaction to fire set out in BS EN 13501-1; however, there may be some products lawfully on the market using the classification system set out in previous editions. Where this is the case, Table B1 can be used for the purposes of this document. 121 Building Regulations 2010 Approved Document B Volume 1, 2019 edition O N L I N E V E R S I O N B O N L I N E V E R S I O N Table B1 Reaction to fire classifications: transposition to national class BS EN 13501-1 classification Transposition A1 Material that, when tested to BS 476-11, does not either: a. flame b. cause a rise in temperature on either the thermocouple at the centre of the specimen or in the furnaces A2-s1, d0 None A2-s3, d2 Material that meets either of the following. a. Any material of density 300kg/m3 or more, which, when tested to BS 476-11, complies with both of the following: i. does not flame ii. causes a rise in temperature on the furnace thermocouple not exceeding 20°C b. Any material of density less than 300kg/m3, which, when tested to BS 476-11, complies with both of the following: i. does not flame for more than 10 seconds ii. causes a rise in temperature on the thermocouple at the centre of the specimen or in the furnace that is a maximum of 35°C and on the furnace thermocouple that is a maximum of 25°C B-s3, d2 Any material that meets both of the following criteria. a. Class 1 in accordance with BS 476-7. b. Has a fire propagation index (I) of a maximum of 12 and sub-index (i1) of a maximum of 6, determined by using the method given in BS 476-6. Index of performance (I) relates to the overall test performance, whereas sub-index (i1) is derived from the first three minutes of the test C-s3, d2 Class 1 in accordance with BS 476-7 D-s3, d2 Class 3 in accordance with BS 476-7 NOTE: The national classifications do not automatically equate with the transposed classifications in the ‘BS EN 13501-1 classification’ column, therefore products cannot typically assume a European class unless they have been tested accordingly. NOTE: A classification of s3, d2 indicates that no limit is set for production of smoke and/or flaming droplets/particles. If a performance for production of smoke and/or flaming droplets/ particles is specified, then only the European classes can be used. For example, a national class may not be used as an alternative to a classification which includes s1, d0. Thermoplastic materials B11 Thermoplastic material is any synthetic polymeric material that has a softening point below 200°C if tested to BS EN ISO 306 Method A120. Products formed from these materials cannot always be classified in the normal way. In those circumstances the following approach can be followed. B12 Thermoplastic materials used for window glazing, rooflights and lighting diffusers within suspended ceilings do not need to meet the criteria within paragraph B19 onwards, if the guidance to requirements B2 and B4 is followed. 122 Approved Document B Volume 1, 2019 edition Building Regulations 2010 O N L I N E V E R S I O N O N L I N E V E R S I O N B B13 For the purposes of requirements B2 and B4, thermoplastic materials should be classified as TP(a) rigid, TP(a) flexible or TP(b), as follows: a. TP(a) rigid i. rigid solid uPVC sheet ii. solid (as distinct from double- or multi-skinned) polycarbonate sheet a minimum of 3mm thick iii. multi-skinned rigid sheet made from uPVC or polycarbonate that has a class 1 rating when tested to BS 476-7 iv. any other rigid thermoplastic product, a specimen of which (at the thickness of the product as put on the market), when tested to BS 2782-0 Method 508A, performs so that both: • the test flame extinguishes before the first mark • the duration of flaming or afterglow does not exceed 5 seconds following removal of the burner. b. TP(a) flexible Flexible products a maximum of 1mm thick that comply with the Type C requirements of BS 5867-2 when tested to BS 5438 Test 2 with the flame applied to the surface of the specimens for 5, 15, 20 and 30 seconds respectively, but excluding the cleansing procedure; and c. TP(b) i. rigid solid polycarbonate sheet products a maximum of 3mm thick, or multi-skinned polycarbonate sheet products that do not qualify as TP(a) by test ii. other products which, when a specimen of the material between 1.5 and 3mm thick is tested in accordance with BS 2782-0 Method 508A, have a maximum rate of burning of 50mm/minute. NOTE: If it is not possible to cut or machine a 3mm thick specimen from the product, then a 3mm test specimen can be moulded from the same material as that used to manufacture the product. B14 A thermoplastic material alone when used as a lining to a wall or ceiling cannot be assumed to protect a substrate. The surface rating of both thermoplastic material and substrate must therefore meet the required classification. If, however, the thermoplastic material is fully bonded to a non-thermoplastic substrate, then only the surface rating of the composite needs to meet the required classification. Roofs B15 Performance of the resistance of roofs to external fire exposure is measured in terms of penetration through the roof construction and the spread of flame over its surface. B16 Roof constructions are classified within the European system as B (t4), C (t4), D (t4), ROOF ROOF ROOF E (t4) or F (t4) in accordance with BS EN 13501-5. B (t4) indicates the highest performance ROOF ROOF ROOF and F (t4) the lowest. ROOF B17 BS EN 13501-5 refers to four separate roof tests. The suffix (t4) used in paragraph B16 indicates that Test 4 is to be used for the purposes of this approved document. 123 Building Regulations 2010 Approved Document B Volume 1, 2019 edition O N L I N E V E R S I O N B O N L I N E V E R S I O N B18 This document uses the European classification system for roof covering set out in BS EN 13501-5; however, there may be some products lawfully on the market using the classification system set out in previous editions. Where this is the case, Table B2 can be used for the purposes of this document. Table B2 Roof covering classifications: transposition to national class BS EN 13501-5 classification Transposition to BS 476-3 classification B (t4) AA, AB or AC ROOF C (t4) BA, BB or BC ROOF D (t4) CA, CB or CC ROOF E (t4) AD, BD or CD ROOF F (t4) DA, DB, DC or DD ROOF NOTE: The national classifications do not automatically equate with the transposed classifications in the European column, therefore products cannot typically assume a European class unless they have been tested accordingly. Fire resistance B19 Common to all of the provisions of Part B of the Building Regulations is the property of fire resistance. Fire resistance is a measure of one or more of the following. a. Resistance to collapse (loadbearing capacity), which applies to loadbearing elements only, denoted R in the European classification of the resistance to fire performance. b. Resistance to fire penetration (integrity), denoted E in the European classification of the resistance to fire performance. c. Resistance to the transfer of excessive heat (insulation), denoted I in the European classification of the resistance to fire performance. B20 The standards of fire resistance necessary for a particular building are based on assumptions about the severity of fires and the consequences should an element fail. Fire severity is estimated in very broad terms from the use of the building (its purpose group), on the assumption that the building contents (which constitute the fire load) are similar for buildings with the same use. B21 Because the use of buildings may change, a precise estimate of fire severity based on the fire load due to a particular use may be misleading. Therefore if a fire engineering approach of this kind is adopted, the likelihood that the fire load may change in the future needs to be considered. B22 Performance in terms of the fire resistance to be achieved by elements of structure, doors and other forms of construction is classified in accordance with one of the following. a. BS EN 13501-2. b. BS EN 13501-3. c. BS EN 13501-4. B23 Fire resistance is measured in minutes. This relates to time elapsed in a standard test and should not be confused with real time. B24 The fire resistance necessary for different circumstances is set out in the following tables. 124 Approved Document B Volume 1, 2019 edition Building Regulations 2010 O N L I N E V E R S I O N O N L I N E V E R S I O N B a. Table B3 gives the specific requirements for each element of structure. b. Table B4 sets out the minimum periods of fire resistance for elements of structure. c. Table B5 sets out limitations on the use of uninsulated fire resisting glazed elements. B25 This document uses the European classification system for fire resistance set out in BS EN 13501-2 to 4; however, there may be some products lawfully on the market using the classification system set out in previous editions. In those situations the equivalent classifications given in Table B1 can be used. Table B3 Specific provisions of the test for fire resistance of elements of structure, etc. Part of building Minimum Alternative minimum provisions when tested to Type of provisions when the relevant part of BS 476(2) (minutes) exposure tested to the Loadbearing Integrity Insulation relevant European capacity(3) standard (minutes)(1) 1. Structural frame, R see Table B4 See Table B4 Not applicable Not applicable Exposed faces beam or column. 2. Loadbearing wall R see Table B4 See Table B4 Not applicable Not applicable Each side separately (which is not also a wall described in any of the following items). 3. Floors(4) a. between a shop and REI 60 or 60 min or 60 min or 60 min or From flat above see Table B4 see Table B4 see Table B4 see Table B4 underside(5) (whichever is (whichever is (whichever is (whichever is greater) greater) greater) greater) b. in upper storey R 30 and REI 15 30 min 15 min 15 min From of two storey underside(5) dwellinghouse (but not over garage or basement) c. any other floor REI see Table B4 See Table B4 See Table B4 See Table B4 From – including underside(5) compartment floors. 4. Roofs a. any part forming an REI 30 30 min 30 min 30 min From escape route underside(5) b. any roof that REI see Table B4 See Table B4 See Table B4 See Table B4 From performs the underside(5) function of a floor. 125 Building Regulations 2010 Approved Document B Volume 1, 2019 edition O N L I N E V E R S I O N B O N L I N E V E R S I O N Table B3 Continued Part of building Minimum Alternative minimum provisions when tested to Type of provisions when the relevant part of BS 476(2) (minutes) exposure tested to the Loadbearing Integrity Insulation relevant European capacity(3) standard (minutes)(1) 5. External walls a. any part a maximum REI see Table B4 See Table B4 See Table B4 See Table B4 Each side of 1000mm from any separately point on the relevant boundary(6) b. any part a minimum RE see Table B4 See Table B4 See Table B4 15 min From inside of 1000mm from the and REI 15 the building relevant boundary(6) c. any part beside an RE 30 30 min 30 min No From inside external escape provision(7) (8) the building route (Section 2, Diagram 2.7 and Section 3, Diagram 3.11). 6. Compartment walls Separating either: a. a flat from any other REI 60 or 60 min or 60 min or 60 min or Each side part of the building see Table B4 see Table B4 see Table B4 see Table B4 separately (see paragraph 7.1) (whichever is less) (whichever is (whichever is (whichever is less) less) less) b. occupancies. REI 60 or 60 min or 60 min or 60 min or Each side see Table B4 see Table B4 see Table B4 see Table B4 separately (whichever is less) (whichever is (whichever is (whichever is less) less) less) 7. Compartment walls REI see Table B4 See Table B4 See Table B4 See Table B4 Each side (other than in item 6 separately or item 10). 8. Protected shafts Excluding any firefighting shaft: a. any glazing E 30 Not applicable 30 min No provision(8) Each side separately b. any other part REI 30 30 min 30 min 30 min Each side between the shaft separately and a protected lobby/corridor c. any part not REI see Table B4 See Table B4 See Table B4 See Table B4 Each side described in (a) or (b) separately above. 126 Approved Document B Volume 1, 2019 edition Building Regulations 2010 O N L I N E V E R S I O N O N L I N E V E R S I O N B Table B3 Continued Part of building Minimum Alternative minimum provisions when tested to Type of provisions when the relevant part of BS 476(2) (minutes) exposure tested to the Loadbearing Integrity Insulation relevant European capacity(3) standard (minutes)(1) 9. Enclosure (that does not form part of a compartment wall or a protected shaft) to a: a. protected stairway REI 30(8) 30 min 30 min 30 min(8) Each side separately b. lift shaft. REI 30 30 min 30 min 30 min Each side separately 10. Wall or floor REI 30(8) 30 min 30 min 30 min(8) From garage separating an side attached or integral garage from a dwellinghouse 11. Fire resisting REI 30(8) 30 min 30 min 30 min(8) Each side construction in separately dwellinghouses not described elsewhere 12. Firefighting shafts REI 120 120 min 120 min 120 min From side remote from shaft a. construction that REI 60 60 min 60 min 60 min From shaft separates firefighting side shaft from rest of building b. construction that REI 60 60 min 60 min 60 min Each side separates firefighting separately stair, firefighting lift shaft and firefighting lobby. 13. Enclosure (that is not a compartment wall or described in item 8) to a: a. protected lobby REI 30(8) 30 min 30 min 30 min(8) Each side separately b. protected corridor. REI 30(8) 30 min 30 min 30 min(8) Each side separately 14. Sub-division of a REI 30(8) 30 min 30 min 30 min(8) Each side corridor separately 127 Building Regulations 2010 Approved Document B Volume 1, 2019 edition O N L I N E V E R S I O N B O N L I N E V E R S I O N Table B3 Continued Part of building Minimum Alternative minimum provisions when tested to Type of provisions when the relevant part of BS 476(2) (minutes) exposure tested to the Loadbearing Integrity Insulation relevant European capacity(3) standard (minutes)(1) 15. Fire resisting construction a. construction that REI 30 30 min 30 min 30 min Each side encloses places of separately special fire hazard b. construction REI 30 30 min 30 min 30 min Each side between store rooms separately and sales area in shops c. fire resisting REI 30 30 min 30 min 30 min Each side sub-division separately d. construction that REI 30 30 min 30 min 30 min Each side encloses bedrooms separately and ancillary accommodation in care homes. 16. Enclosure in a flat REI 30(8) 30 min 30 min 30 min(8) Each side to a protected separately entrance hall, or to a protected landing. 17. Cavity barrier E 30 and EI 15 Not applicable 30 min 15 min Each side separately 18. Ceiling see paragraph EI 30 Not applicable 30 min 30 min From",modified,
4.4,4.4,unchanged,1.0,exact_number+difflib,"Parts of walls in rooms may be of lower performance than stated in Table 4.1, but no worse than class D-s3, d2. In any one room, the total area of lower performance wall lining should be less than an area equivalent to half of the room’s floor area, up to a maximum of 20m2 of wall lining. Ceilings","Parts of walls in rooms may be of lower performance than stated in Table 4.1, but no worse than class D-s3, d2. In any one room, the total area of lower performance wall lining should be less than an area equivalent to half of the room’s floor area, up to a maximum of 20m2 of wall lining. Ceilings",unchanged,
5.9,5.9,unchanged,1.0,exact_number+difflib,"Timber beams, joists, purlins and rafters may be built into or carried through a masonry or concrete compartment wall if the openings for them are both of the following. a. As small as practicable. b. Fire-stopped. 51 Building Regulations 2010 Approved Document B Volume 1, 2019 edition O N L I N E V E R S I O N B3 O N L I N E V E R S I O N If trussed rafters bridge the wall, failure of the truss due to a fire in one compartment should not cause failure of the truss in another compartment. Compartment walls between buildings","Timber beams, joists, purlins and rafters may be built into or carried through a masonry or concrete compartment wall if the openings for them are both of the following. a. As small as practicable. b. Fire-stopped. 51 Building Regulations 2010 Approved Document B Volume 1, 2019 edition O N L I N E V E R S I O N B3 O N L I N E V E R S I O N If trussed rafters bridge the wall, failure of the truss due to a fire in one compartment should not cause failure of the truss in another compartment. Compartment walls between buildings",unchanged,
3.60,3.60,unchanged,1.0,exact_number+difflib,"A stair of acceptable width for everyday use will be sufficient for escape purposes. If it is also a firefighting stair, it should be at least 1100mm wide. The width is the clear width between the walls or balustrades. Any handrails and strings intruding into that width by a maximum of 100mm on each side may be ignored. Protection of common stairs","A stair of acceptable width for everyday use will be sufficient for escape purposes. If it is also a firefighting stair, it should be at least 1100mm wide. The width is the clear width between the walls or balustrades. Any handrails and strings intruding into that width by a maximum of 100mm on each side may be ignored. Protection of common stairs",unchanged,
,15.14,added,0.0,no_candidate,,"The floor identification signs should meet all of the following conditions. a. The signs should be located on every landing of a protected stairway and every protected corridor/lobby (or open access balcony) into which a firefighting lift opens. b. The text should be in sans serif typeface with a letter height of at least 50mm. The height of the numeral that designates the floor number should be at least 75mm. c. The signs should be visible from the top step of a firefighting stair and, where possible, from inside a firefighting lift when the lift car doors open. d. The signs should be mounted between 1.7m and 2m above floor level and, as far as practicable, all the signs should be mounted at the same height. e. The text should be on a contrasting background, easily legible and readable in low level lighting conditions or when illuminated with a torch. 105 Building Regulations 2010 Approved Document B Volume 1, 2019 edition O N L I N E V E R S I O N B5 O N L I N E V E R S I O N",added,
7.5,7.5,unchanged,1.0,exact_number+difflib,max. i. An alternative escape route ii. An emergency escape window (where the gallery floor is not more than 4.5m above ground level). 2. Any cooking facilities within a room containing a gallery should comply with one of the following conditions: Visible area to 3m max. i. Be enclosed with fire resisting construction be at least 50% ii. Be remote from the stair to the gallery and positioned of floor area in such that they do not prejudice escape from the gallery. lower room Exit Diagram 3.1 Gallery floors with no alternative exit Flats with upper storeys a maximum of 4.5m above ground level,max. i. An alternative escape route ii. An emergency escape window (where the gallery floor is not more than 4.5m above ground level). 2. Any cooking facilities within a room containing a gallery should comply with one of the following conditions: Visible area to 3m max. i. Be enclosed with fire resisting construction be at least 50% ii. Be remote from the stair to the gallery and positioned of floor area in such that they do not prejudice escape from the gallery. lower room Exit Diagram 3.1 Gallery floors with no alternative exit Flats with upper storeys a maximum of 4.5m above ground level,unchanged,
11.11,11.11,unchanged,1.0,exact_number+difflib,"In an otherwise protected wall, small unprotected areas may be ignored where they meet the conditions in Diagram 11.5. See para 11.11 Roof Roofs pitched at an angle of less than 70 degrees may be disregarded for separation distance a a purposes b b a b b b b The unprotected area of the external wall of a stairway forming a protected shaft b may be disregarded a for separation distance purposes Compartment Compartment floor wall Dimensional restrictions Represents an unprotected area of not more than 1m2 which may consist of a 4000mm minimum distance two or more smaller areas within an area of 1000mm(cid:31)1000mm b 1500mm minimum distance Represents an area of not more than 0.1m2 Diagram 11.5 S mall unprotected areas that may be disregarded in assessing the separation distance from the boundary Canopies","In an otherwise protected wall, small unprotected areas may be ignored where they meet the conditions in Diagram 11.5. See para 11.11 Roof Roofs pitched at an angle of less than 70 degrees may be disregarded for separation distance a a purposes b b a b b b b The unprotected area of the external wall of a stairway forming a protected shaft b may be disregarded a for separation distance purposes Compartment Compartment floor wall Dimensional restrictions Represents an unprotected area of not more than 1m2 which may consist of a 4000mm minimum distance two or more smaller areas within an area of 1000mm(cid:31)1000mm b 1500mm minimum distance Represents an area of not more than 0.1m2 Diagram 11.5 S mall unprotected areas that may be disregarded in assessing the separation distance from the boundary Canopies",unchanged,
12.2,12.2,modified,0.519,exact_number+difflib,"to 12.3 Surface area Appendix D3 Radiation Unwired glass in 12.8 See Heat radiation Roofs Raised floor Area measurement Diagram D3 See Platform floors Cavity Diagram 8.3 Ramps and sloping floors 3.40 Elements of structure 5.3, 6.2 Refuse chutes and storage 3.55–3.58 Fire resistance Appendix B15 to B18, Table B3 Regulatory compliance page iv Insulated roof sheeting 5.14 Relevant boundaries 11.4–11.5, Diagrams 11.1 to 11.2 Junction with compartment wall 5.11–5.15, Definition Appendix A Diagram 5.2 External walls 1000mm or more from relevant Rooftop plant boundary 11.9 Height of top storey in building Diagram D6 External walls within 1000mm of relevant Separation distances 11.14, 12.3–12.9, Table 12.1 boundary 11.8 See also Flat roofs; Pitched roofs Separation distances for roofs 12.3–12.9, Tables Roof space","to 12.3 R Surface area Appendix D3 Unwired glass in 12.8 Radiation Roofs See Heat radiation Area measurement Diagram D3 Raised floor Cavity Diagram 8.3 See Platform floors Elements of structure 5.3, 6.2 Ramps and sloping floors 3.40 Fire resistance Appendix B15 to B18, Table B3 Refuse chutes and storage 3.55–3.58 Insulated roof sheeting 5.14 Regulatory compliance page iv Junction with compartment wall 5.11–5.15, Relevant boundaries 11.4–11.5, Diagrams 11.1 to 11.2 Diagram 5.2 Definition Appendix A Rooftop plant External walls 1000mm or more from relevant Height of top storey in building Diagram D6 boundary 11.9 Separation distances 11.14, 12.3–12.9, Table 12.1 External walls within 1000mm of relevant See also Flat roofs; Pitched roofs boundary 11.8 Roof space Separation distances for roofs 12.3–12.9, Tables Cavity barriers Diagram 2.3",modified,
16.6,16.6,unchanged,1.0,exact_number+difflib,The combined clear cross-sectional area of all smoke outlets should be a minimum of 1/40 of the area of the floor of the storey they serve.,The combined clear cross-sectional area of all smoke outlets should be a minimum of 1/40 of the area of the floor of the storey they serve.,unchanged,
16.12,16.12,modified,0.944,exact_number+difflib,"The air extraction system should comply with all of the following. a. It should give at least 10 air changes per hour. b. It should be capable of handling gas temperatures of 300°C for not less than one hour. c. It should do either of the following. i. Be activated automatically if the sprinkler system activates. ii. Be activated by an automatic fire detection system that conforms to BS 5839-1 (minimum L3 standard). Further information on equipment for removing hot smoke is given in BS EN 12101-3. See para 16.1 External External wall wall Fire resisting Stallboard construction outlet with grille or Basement outlet removable with break-out or cover openable cover GROUND FLOOR GROUND FLOOR Basement Basement Diagram 16.1 Fire resisting construction for smoke outlet shafts 107 Building Regulations 2010 Approved Document B Volume 1, 2019 edition O N L I N E V E R S I O N B5 O N L I N E V E R S I O N Construction of outlet ducts or shafts","The air extraction system should comply with all of the following. a. It should give at least 10 air changes per hour. b. It should be capable of handling gas temperatures of 300°C for not less than one hour. c. It should do either of the following. i. Be activated automatically if the sprinkler system activates. ii. Be activated by an automatic fire detection system that conforms to BS 5839-1 (minimum L3 standard). Further information on equipment for removing hot smoke is given in BS EN 12101-3. See para 16.1 External External wall wall Fire resisting Stallboard construction outlet with grille or Basement outlet removable with break-out or cover openable cover GROUND FLOOR GROUND FLOOR Basement Basement Diagram 16.1 Fire resisting construction for smoke outlet shafts 108 Approved Document B Volume 1, 2019 edition Building Regulations 2010 O N L I N E V E R S I O N O N L I N E V E R S I O N B5 Construction of outlet ducts or shafts",modified,page number changed: 107 -> 108
3.52,3.52,unchanged,1.0,exact_number+difflib,A vent to the outside with a minimum free area of 1m2 should be provided from the top storey of the stair.,A vent to the outside with a minimum free area of 1m2 should be provided from the top storey of the stair.,unchanged,
0.4,0.4,unchanged,1.0,exact_number+difflib,"Guidance is given on each aspect separately, though many are closely interlinked. The document should be considered as a whole. The relationship between different requirements and their interdependency should be recognised. Particular attention should be given to the situation where one part of the guidance is not fully followed, as this could have a negative effect on other provisions. 1 Building Regulations 2010 Approved Document B Volume 1, 2019 edition O N L I N E V E R S I O N O N L I N E V E R S I O N Appendices: Information common to more than one requirement of Part B","Guidance is given on each aspect separately, though many are closely interlinked. The document should be considered as a whole. The relationship between different requirements and their interdependency should be recognised. Particular attention should be given to the situation where one part of the guidance is not fully followed, as this could have a negative effect on other provisions. 1 Building Regulations 2010 Approved Document B Volume 1, 2019 edition O N L I N E V E R S I O N O N L I N E V E R S I O N Appendices: Information common to more than one requirement of Part B",unchanged,
0.17,0.17,unchanged,1.0,exact_number+difflib,"In sheltered housing, the guidance in Approved Document B Volume 2 should be consulted for the design of communal facilities, such as a common lounge. 4 Approved Document B Volume 1, 2019 edition Building Regulations 2010 O N L I N E V E R S I O N O N L I N E V E R S I O N Table 0.1 Classification of purpose groups Volume 1 purpose groups Title Group Purpose for which the building or compartment of a building is intended to be used Residential 1(a)(1) Flat. (dwellings) 1(b)(2) Dwellinghouse that contains a habitable storey with a floor level a minimum of 4.5m above ground level up to a maximum of 18m.(3) 1(c)(2)(4) Dwellinghouse that does not contain a habitable storey with a floor level a minimum of 4.5m above ground level. Volume 2 purpose groups Residential 2(a) Hospital, home, school or other similar establishment, where people sleep on the (institutional) premises. The building may be either of the following. • Living accommodation for, or accommodation for the treatment, care or maintenance of, either: – people suffering from disabilities due to illness or old age or other physical or mental incapacity people under the age of 5 years. - • A place of lawful detention. Residential 2(b) Hotel, boarding house, residential college, hall of residence, hostel or any other (other) residential purpose not described above. Office 3 Offices or premises used for any of the following and their control: • administration • clerical work (including writing, bookkeeping, sorting papers, filing, typing, duplicating, machine calculating, drawing and the editorial preparation of matter for publication, police and fire and rescue service work) • handling money (including banking and building society work) • communications (including postal, telegraph and radio communications) • radio, television, film, audio or video recording • performance (premises not open to the public). Shop and 4 Shops or premises used for either of the following. commercial • A retail trade or business (including selling food or drink to the public for immediate consumption, retail by auction, self-selection and over-the-counter wholesale trading, the business of lending books or periodicals for gain, the business of a barber or hairdresser, and the rental of storage space to the public). • Premises to which the public are invited either: – to deliver or collect goods in connection with their hire, repair or other treatment – (except in the case of repair of motor vehicles) where the public themselves may carry out such repairs or other treatments. 5 Building Regulations 2010 Approved Document B Volume 1, 2019 edition O N L I N E V E R S I O N O N L I N E V E R S I O N Table 0.1 Continued Title Group Purpose for which the building or compartment of a building is intended to be used Assembly and 5 Place of assembly, entertainment or recreation, including any of the following: recreation • bingo halls, broadcasting, recording and film studios open to the public, casinos, dance halls • entertainment, conference, exhibition and leisure centres • funfairs and amusement arcades • museums and art galleries, non-residential clubs, theatres, cinemas, concert halls • educational establishments, dancing schools, gymnasia, swimming pool buildings, riding schools, skating rinks, sports pavilions, sports stadia • law courts • churches and other buildings of worship, crematoria • libraries open to the public, non-residential day centres, clinics, health centres and surgeries • passenger stations and termini for air, rail, road or sea travel • public toilets • zoos and menageries. Industrial 6 Factories and other premises used for any of the following: • manufacturing, altering, repairing, cleaning, washing, breaking up, adapting or processing any article • generating power • slaughtering livestock. Storage and 7(a) Either of the following: other non- residential(4) • place (other than described under 7(b)) for the storage or deposit of goods or materials • any building not within purpose groups 1 to 6. 7(b) Car parks designed to admit and accommodate only cars, motorcycles and passenger or light goods vehicles that weigh a maximum of 2500kg gross. NOTES: This table only applies to Part B. See Approved Document B Volume 2 for guidance on buildings other than dwellings (purpose groups 2, 3, 4, 5, 6 and 7). 1. Includes live/work units that meet the provisions of paragraph 3.24. 2. Includes any surgeries, consulting rooms, offices or other accommodation that meets all of the following conditions. a. A maximum of 50m2 in total. b. Part of a dwellinghouse. c. Used by an occupant of the dwellinghouse in a professional or business capacity. 3. Where very large (over 18m in height or with a 10m deep basement) or unusual dwellinghouses are proposed, some of the guidance for buildings other than dwellings may be needed. 4. All of the following are included in purpose group 1(c). a. A detached garage a maximum of 40m2 in area. b. A detached open carport a maximum 40m2 in area. c. A detached building that consists of a garage and open carport, each a maximum of 40m2 in area. 6 Approved Document B Volume 1, 2019 edition Building Regulations 2010 O N L I N E V E R S I O N O N L I N E V E R S I O N Mixed use buildings","In sheltered housing, the guidance in Approved Document B Volume 2 should be consulted for the design of communal facilities, such as a common lounge. 4 Approved Document B Volume 1, 2019 edition Building Regulations 2010 O N L I N E V E R S I O N O N L I N E V E R S I O N Table 0.1 Classification of purpose groups Volume 1 purpose groups Title Group Purpose for which the building or compartment of a building is intended to be used Residential 1(a)(1) Flat. (dwellings) 1(b)(2) Dwellinghouse that contains a habitable storey with a floor level a minimum of 4.5m above ground level up to a maximum of 18m.(3) 1(c)(2)(4) Dwellinghouse that does not contain a habitable storey with a floor level a minimum of 4.5m above ground level. Volume 2 purpose groups Residential 2(a) Hospital, home, school or other similar establishment, where people sleep on the (institutional) premises. The building may be either of the following. • Living accommodation for, or accommodation for the treatment, care or maintenance of, either: – people suffering from disabilities due to illness or old age or other physical or mental incapacity people under the age of 5 years. - • A place of lawful detention. Residential 2(b) Hotel, boarding house, residential college, hall of residence, hostel or any other (other) residential purpose not described above. Office 3 Offices or premises used for any of the following and their control: • administration • clerical work (including writing, bookkeeping, sorting papers, filing, typing, duplicating, machine calculating, drawing and the editorial preparation of matter for publication, police and fire and rescue service work) • handling money (including banking and building society work) • communications (including postal, telegraph and radio communications) • radio, television, film, audio or video recording • performance (premises not open to the public). Shop and 4 Shops or premises used for either of the following. commercial • A retail trade or business (including selling food or drink to the public for immediate consumption, retail by auction, self-selection and over-the-counter wholesale trading, the business of lending books or periodicals for gain, the business of a barber or hairdresser, and the rental of storage space to the public). • Premises to which the public are invited either: – to deliver or collect goods in connection with their hire, repair or other treatment – (except in the case of repair of motor vehicles) where the public themselves may carry out such repairs or other treatments. 5 Building Regulations 2010 Approved Document B Volume 1, 2019 edition O N L I N E V E R S I O N O N L I N E V E R S I O N Table 0.1 Continued Title Group Purpose for which the building or compartment of a building is intended to be used Assembly and 5 Place of assembly, entertainment or recreation, including any of the following: recreation • bingo halls, broadcasting, recording and film studios open to the public, casinos, dance halls • entertainment, conference, exhibition and leisure centres • funfairs and amusement arcades • museums and art galleries, non-residential clubs, theatres, cinemas, concert halls • educational establishments, dancing schools, gymnasia, swimming pool buildings, riding schools, skating rinks, sports pavilions, sports stadia • law courts • churches and other buildings of worship, crematoria • libraries open to the public, non-residential day centres, clinics, health centres and surgeries • passenger stations and termini for air, rail, road or sea travel • public toilets • zoos and menageries. Industrial 6 Factories and other premises used for any of the following: • manufacturing, altering, repairing, cleaning, washing, breaking up, adapting or processing any article • generating power • slaughtering livestock. Storage and 7(a) Either of the following: other non- residential(4) • place (other than described under 7(b)) for the storage or deposit of goods or materials • any building not within purpose groups 1 to 6. 7(b) Car parks designed to admit and accommodate only cars, motorcycles and passenger or light goods vehicles that weigh a maximum of 2500kg gross. NOTES: This table only applies to Part B. See Approved Document B Volume 2 for guidance on buildings other than dwellings (purpose groups 2, 3, 4, 5, 6 and 7). 1. Includes live/work units that meet the provisions of paragraph 3.24. 2. Includes any surgeries, consulting rooms, offices or other accommodation that meets all of the following conditions. a. A maximum of 50m2 in total. b. Part of a dwellinghouse. c. Used by an occupant of the dwellinghouse in a professional or business capacity. 3. Where very large (over 18m in height or with a 10m deep basement) or unusual dwellinghouses are proposed, some of the guidance for buildings other than dwellings may be needed. 4. All of the following are included in purpose group 1(c). a. A detached garage a maximum of 40m2 in area. b. A detached open carport a maximum 40m2 in area. c. A detached building that consists of a garage and open carport, each a maximum of 40m2 in area. 6 Approved Document B Volume 1, 2019 edition Building Regulations 2010 O N L I N E V E R S I O N O N L I N E V E R S I O N Mixed use buildings",unchanged,
11.4,11.4,unchanged,1.0,exact_number+difflib,The fire resistance of a wall depends on its distance from the relevant boundary (see Diagram 11.1). Separation distances are measured to boundaries to ensure that the location and design of buildings on adjoining sites have no influence on the building under consideration.,The fire resistance of a wall depends on its distance from the relevant boundary (see Diagram 11.1). Separation distances are measured to boundaries to ensure that the location and design of buildings on adjoining sites have no influence on the building under consideration.,modified,
3.53,3.53,unchanged,1.0,exact_number+difflib,"In single stair buildings, smoke vents on the storey where the fire is initiated, and the vent at the head of the stair, should be activated by smoke detectors in the common parts. In buildings with more than one stair, smoke vents may be activated manually. The control system should open the vent at the head of the stair before, or at the same time as, the vent on the storey where the fire is located. Smoke detection is not required for ventilation purposes in this instance. Smoke control of common escape routes by mechanical ventilation","In single stair buildings, smoke vents on the storey where the fire is initiated, and the vent at the head of the stair, should be activated by smoke detectors in the common parts. In buildings with more than one stair, smoke vents may be activated manually. The control system should open the vent at the head of the stair before, or at the same time as, the vent on the storey where the fire is located. Smoke detection is not required for ventilation purposes in this instance. Smoke control of common escape routes by mechanical ventilation",modified,
12.6,12.6,unchanged,1.0,exact_number+difflib,Table 12.3 sets the limitations for using thermoplastic materials with a TP(a) rigid or TP(b) (see also Diagram 12.1) classification. The method of classifying thermoplastic materials is given in Appendix B.,Table 12.3 sets the limitations for using thermoplastic materials with a TP(a) rigid or TP(b) (see also Diagram 12.1) classification. The method of classifying thermoplastic materials is given in Appendix B.,unchanged,
3.21,3.21,unchanged,1.0,exact_number+difflib,"When multi-storey flats do not have their own external entrance at ground level, adopt one of the following approaches. a. Approach 1 – provide at least one alternative exit from each habitable room that is not on the entrance storey of the flat (Diagram 3.5 and paragraph 3.22). b. Approach 2 – provide at least one alternative exit from each storey that is not the entrance storey of the flat. All habitable rooms should have direct access to a protected landing (Diagram","When multi-storey flats do not have their own external entrance at ground level, adopt one of the following approaches. a. Approach 1 – provide at least one alternative exit from each habitable room that is not on the entrance storey of the flat (Diagram 3.5 and paragraph 3.22). b. Approach 2 – provide at least one alternative exit from each storey that is not the entrance storey of the flat. All habitable rooms should have direct access to a protected landing (Diagram",unchanged,
16.14,16.14,modified,0.954,exact_number+difflib,"Natural smoke outlet shafts should be separated from each other using construction of class A1 rating and fire resistance at least equal to that of the storeys they serve, where the shafts are either of the following. a. From different compartments of the same basement storey. b. From different basement storeys. 108 Approved Document B Volume 1, 2019 edition Building Regulations 2010 O N L I N E V E R S I O N O N L I N E V E R S I O N R38 Regulation 38: Fire safety information This section deals with the following regulation of the Building Regulations 2010. Fire safety information 38. (1) This regulation applies where building work— (a) consists of or includes the erection or extension of a relevant building; or (b) is carried out in connection with a relevant change of use of a building, and Part B of Schedule 1 imposes a requirement in relation to the work. (2) The person carrying out the work shall give fire safety information to the responsible person not later than the date of completion of the work, or the date of occupation of the building or extension, whichever is the earlier. (3) In this regulation— (a) “fire safety information” means information relating to the design and construction of the building or extension, and the services, fittings and equipment provided in or in connection with the building or extension which will assist the responsible person to operate and maintain the building or extension with reasonable safety; (b) a “relevant building” is a building to which the Regulatory Reform (Fire Safety) Order 2005 applies, or will apply after the completion of building work; (c) a “relevant change of use” is a material change of use where, after the change of use takes place, the Regulatory Reform (Fire Safety) Order 2005 will apply, or continue to apply, to the building; and (d) “responsible person” has the meaning given by article 3 of the Regulatory Reform (Fire Safety) Order 2005. Intention The aim of this regulation is to ensure that the person responsible for the building has sufficient information relating to fire safety to enable them to manage the building effectively. The aim of regulation 38 will be achieved when the person responsible for the building has all the information to enable them to do all of the following. a. Understand and implement the fire safety strategy of the building. b. Maintain any fire safety system provided in the building. c. Carry out an effective fire risk assessment of the building. 109 Building Regulations 2010 Approved Document B Volume 1, 2019 edition O N L I N E V E R S I O N R38 O N L I N E V E R S I O N","Natural smoke outlet shafts should be separated from each other using construction of class A1 rating and fire resistance at least equal to that of the storeys they serve, where the shafts are either of the following. a. From different compartments of the same basement storey. b. From different basement storeys. 109 Building Regulations 2010 Approved Document B Volume 1, 2019 edition O N L I N E V E R S I O N R38 O N L I N E V E R S I O N Regulation 38: Fire safety information This section deals with the following regulation of the Building Regulations 2010. Fire safety information 38. (1) This regulation applies where building work— (a) consists of or includes the erection or extension of a relevant building; or (b) is carried out in connection with a relevant change of use of a building, and Part B of Schedule 1 imposes a requirement in relation to the work. (2) The person carrying out the work shall give fire safety information to the responsible person not later than the date of completion of the work, or the date of occupation of the building or extension, whichever is the earlier. (3) In this regulation— (a) “fire safety information” means information relating to the design and construction of the building or extension, and the services, fittings and equipment provided in or in connection with the building or extension which will assist the responsible person to operate and maintain the building or extension with reasonable safety; (b) a “relevant building” is a building to which the Regulatory Reform (Fire Safety) Order 2005 applies, or will apply after the completion of building work; (c) a “relevant change of use” is a material change of use where, after the change of use takes place, the Regulatory Reform (Fire Safety) Order 2005 will apply, or continue to apply, to the building; and (d) “responsible person” has the meaning given by article 3 of the Regulatory Reform (Fire Safety) Order 2005. Intention The aim of this regulation is to ensure that the person responsible for the building has sufficient information relating to fire safety to enable them to manage the building effectively. The aim of regulation 38 will be achieved when the person responsible for the building has all the information to enable them to do all of the following. a. Understand and implement the fire safety strategy of the building. b. Maintain any fire safety system provided in the building. c. Carry out an effective fire risk assessment of the building. 110 Approved Document B Volume 1, 2019 edition Building Regulations 2010 O N L I N E V E R S I O N O N L I N E V E R S I O N R38",modified,new clause inserted before Regulation 38; page number also changes
,15.15,added,0.0,no_candidate,,"The wording used on each floor identification sign should take the form Floor X, with X designating the number of the storey, as intended for reference by residents. The floor number designations should meet all of the following conditions. a. The floor closest to the mean ground level (see Diagram D4) should be designated as either Floor 0 or Ground Floor. b. Each floor above the ground floor should be numbered sequentially beginning with Floor 1. c. A lower ground floor should be designated as either Floor –1 or Lower Ground Floor. d. Each floor below the ground floor should be numbered sequentially beginning with Floor –1 or Basement 1.",added,
3.42,3.42,unchanged,1.0,exact_number+difflib,"In addition, escape lighting should be provided to all of the following. a. Toilet accommodation with a minimum floor area of 8m2. b. Electricity and generator rooms. c. Switch room/battery room for emergency lighting system. d. Emergency control rooms.","In addition, escape lighting should be provided to all of the following. a. Toilet accommodation with a minimum floor area of 8m2. b. Electricity and generator rooms. c. Switch room/battery room for emergency lighting system. d. Emergency control rooms.",unchanged,
9.26,9.26,unchanged,1.0,exact_number+difflib,"Proprietary, tested fire-stopping and sealing systems are available and may be used. Different materials suit different situations and not all are suitable in every situation.","Proprietary, tested fire-stopping and sealing systems are available and may be used. Different materials suit different situations and not all are suitable in every situation.",unchanged,
15.10,15.10,unchanged,1.0,exact_number+difflib,All firefighting shafts should have fire mains with outlet connections and valves at every storey.,All firefighting shafts should have fire mains with outlet connections and valves at every storey.,unchanged,
6.5,6.5,unchanged,1.0,exact_number+difflib,"Where an existing dwellinghouse or other building is converted into flats, a review of the existing construction should be carried out. Retained timber floors may make it difficult to meet the relevant provisions for fire resistance.","Where an existing dwellinghouse or other building is converted into flats, a review of the existing construction should be carried out. Retained timber floors may make it difficult to meet the relevant provisions for fire resistance.",unchanged,
3.66,3.66,unchanged,1.0,exact_number+difflib,"Where a storey (or part of a building) is served by a single access stair, that stair may be external provided both of the following conditions are met. a. The stair serves a floor not more than 6m above the ground level. b. The stair meets the provisions in paragraph 3.62.","Where a storey (or part of a building) is served by a single access stair, that stair may be external provided both of the following conditions are met. a. The stair serves a floor not more than 6m above the ground level. b. The stair meets the provisions in paragraph 3.62.",unchanged,
10.5,10.5,unchanged,1.0,exact_number+difflib,"The external surfaces (i.e. outermost external material) of external walls should comply with the provisions in Table 10.1. The provisions in Table 10.1 apply to each wall individually in relation to its proximity to the relevant boundary. 79 Building Regulations 2010 Approved Document B Volume 1, 2019 edition O N L I N E V E R S I O N B4 O N L I N E V E R S I O N Table 10.1 Reaction to fire performance of external surface of walls Building type Building height Less than 1000mm from the 1000mm or more from the relevant relevant boundary boundary ‘Relevant buildings’ as defined in Class A2-s1, d0(1) or better Class A2-s1, d0(1) or better regulation 7(4) (see paragraph 10.10) Assembly and More than 18m Class B-s3, d2(2) or better From ground level to 18m: class C-s3, d2(3) recreation or better From 18m in height and above: class B-s3, d2(2) or better 18m or less Class B-s3, d2(2) or better Up to 10m above ground level: class C-s3, d2(3) or better Up to 10m above a roof or any part of the building to which the public have access: class C-s3, d2(3) or better(4) From 10m in height and above: no minimum performance Any other building More than 18m Class B-s3, d2(2) or better From ground level to 18m: class C-s3, d2(3) or better From 18m in height and above: class B-s3, d2(2) or better 18m or less Class B-s3, d2(2) or better No provisions NOTES: In addition to the requirements within this table, buildings with a top occupied storey above 18m should also meet the provisions of paragraph 10.6. In all cases, the advice in paragraph 10.4 should be followed. 1. The restrictions for these buildings apply to all the materials used in the external wall and specified attachments (see paragraphs 10.9 to 10.12 for further guidance). 2. Profiled or flat steel sheet at least 0.5 mm thick with an organic coating of no more than 0.2mm thickness is also acceptable. 3. Timber cladding at least 9mm thick is also acceptable. 4. 10m is measured from the top surface of the roof. Materials and products","The external surfaces (i.e. outermost external material) of external walls should comply with the provisions in Table 10.1. The provisions in Table 10.1 apply to each wall individually in relation to its proximity to the relevant boundary. 79 Building Regulations 2010 Approved Document B Volume 1, 2019 edition O N L I N E V E R S I O N B4 O N L I N E V E R S I O N Table 10.1 Reaction to fire performance of external surface of walls Building type Building height Less than 1000mm from the 1000mm or more from the relevant relevant boundary boundary ‘Relevant buildings’ as defined in Class A2-s1, d0(1) or better Class A2-s1, d0(1) or better regulation 7(4) (see paragraph 10.10) Assembly and More than 18m Class B-s3, d2(2) or better From ground level to 18m: class C-s3, d2(3) recreation or better From 18m in height and above: class B-s3, d2(2) or better 18m or less Class B-s3, d2(2) or better Up to 10m above ground level: class C-s3, d2(3) or better Up to 10m above a roof or any part of the building to which the public have access: class C-s3, d2(3) or better(4) From 10m in height and above: no minimum performance Any other building More than 18m Class B-s3, d2(2) or better From ground level to 18m: class C-s3, d2(3) or better From 18m in height and above: class B-s3, d2(2) or better 18m or less Class B-s3, d2(2) or better No provisions NOTES: In addition to the requirements within this table, buildings with a top occupied storey above 18m should also meet the provisions of paragraph 10.6. In all cases, the advice in paragraph 10.4 should be followed. 1. The restrictions for these buildings apply to all the materials used in the external wall and specified attachments (see paragraphs 10.9 to 10.12 for further guidance). 2. Profiled or flat steel sheet at least 0.5 mm thick with an organic coating of no more than 0.2mm thickness is also acceptable. 3. Timber cladding at least 9mm thick is also acceptable. 4. 10m is measured from the top surface of the roof. Materials and products",unchanged,
17.4,17.4,modified,0.907,exact_number+difflib,"Details should be provided of all of the following. a. Specifications of fire safety equipment provided, including routine maintenance schedules. b. Any assumptions regarding the management of the building in the design of the fire safety arrangements. c. Any provision enabling the evacuation of disabled people, which can be used when designing personal emergency evacuation plans. 110 Approved Document B Volume 1, 2019 edition Building Regulations 2010 O N L I N E V E R S I O N O N L I N E V E R S I O N R38 Additional information for complex buildings","Details should be provided of all of the following. a. Specifications of fire safety equipment provided, including routine maintenance schedules. b. Any assumptions regarding the management of the building in the design of the fire safety arrangements. c. Any provision enabling the evacuation of disabled people, which can be used when designing personal emergency evacuation plans. 111 Building Regulations 2010 Approved Document B Volume 1, 2019 edition O N L I N E V E R S I O N R38 O N L I N E V E R S I O N Additional information for complex buildings",modified,page number changed: 110 -> 111
2.11,2.11,unchanged,1.0,exact_number+difflib,"An inner room is permitted when it is one of the following. a. A kitchen. b. A laundry or utility room. c. A dressing room. d. A bathroom, WC or shower room. e. Any room on a storey that is a maximum of 4.5m above ground level which is provided with an emergency escape window as described in paragraph 2.10. f. A gallery that complies with paragraph 2.15. 15 Building Regulations 2010 Approved Document B Volume 1, 2019 edition O N L I N E V E R S I O N B1 O N L I N E V E R S I O N","An inner room is permitted when it is one of the following. a. A kitchen. b. A laundry or utility room. c. A dressing room. d. A bathroom, WC or shower room. e. Any room on a storey that is a maximum of 4.5m above ground level which is provided with an emergency escape window as described in paragraph 2.10. f. A gallery that complies with paragraph 2.15. 15 Building Regulations 2010 Approved Document B Volume 1, 2019 edition O N L I N E V E R S I O N B1 O N L I N E V E R S I O N",unchanged,
2.5,2.5,modified,0.952,exact_number+difflib,"and Diagram 2.3; underside paragraph 8.5 and Diagram 8.3. 19. Duct described in E 30 Not applicable 30 min No provision From outside paragraph 5.24e. 20. Casing around a E 30 Not applicable 30 min No provision From outside drainage system described in Diagram 9.1. 21. Flue walls described EI half the Not applicable Half the period Half the period From outside in Diagram 9.5. period given in given in Table given in Table Table B4 for the B4 for the B4 for the compartment compartment compartment wall/floor wall/floor wall/floor 127 Building Regulations 2010 Approved Document B Volume 1, 2019 edition O N L I N E V E R S I O N B O N L I N E V E R S I O N Table B3 Continued Part of building Minimum Alternative minimum provisions when tested to Type of provisions when the relevant part of BS 476(2) (minutes) exposure tested to the Loadbearing Integrity Insulation relevant European capacity(3) standard (minutes)(1) 22. Construction EI 30 Not applicable 30 min 30 min From described in note (a) underside to paragraph 12.9. 23. Fire doorsets See Table C1 See Table C1 See Appendix C NOTES: 1. BS EN 13501-2 Classification using data from fire resistance tests, excluding ventilation services. BS EN 13501-3 Classification using data from fire resistance tests on products and elements used in building service installations: fire resisting ducts and fire dampers. BS EN 13501-4 Classification using data from fire resistance tests on components of smoke control systems. In the European classification: ‘R’ is the resistance to fire in terms of loadbearing capacity. ‘E’ is the resistance to fire in terms of integrity. ‘I’ is the resistance to fire in terms of insulation. The national classifications do not automatically equate with the alternative classifications in the European column, therefore products cannot typically assume a European class unless they have been tested accordingly. 2. BS 476-20 for general principles, BS 476-21 for loadbearing elements, BS 476-22 for non-loadbearing elements, BS 476-23 for fire-protecting suspended ceilings and BS 476-24 for ventilation ducts. 3. Applies to loadbearing elements only (see paragraph B19). 4. Guidance on increasing the fire resistance of existing timber floors is given in BRE Digest 208. 5. Only if a suspended ceiling meets the appropriate provisions should it be relied on to add to the fire resistance of the floor. 6. Such walls may contain areas that do not need to be fire resisting (unprotected areas). See Section 11. 7. Unless needed as part of a wall in item 5a or 5b. 8. Except for any limitations on uninsulated glazed elements given in Table B5. 128 Approved Document B Volume 1, 2019 edition Building Regulations 2010 O N L I N E V E R S I O N O N L I N E V E R S I O N B Table B4 Minimum periods of fire resistance Purpose group of building Minimum periods of fire resistance(1) (minutes) in a: Basement storey* Ground or upper storey including floor over Depth (m) of the lowest Height (m) of top floor above ground, in a building or basement separated part of a building More than 10 Up to 10 Up to 5 Up to 18 Up to 30 More than 30 1. Residential: a. Block of flats – without sprinkler 90 min 60 min 30 min† 60 min+§ 90 min+ Not system permitted(2) – with sprinkler system(3) 90 min 60 min 30 min† 60 min+§ 90 min+ 120 min+ b. and c. Dwellinghouse Not 30 min*† 30 min† 60 min(5) Not Not applicable(4) applicable(4) applicable(4) 2. Residential: a. Institutional 90 min 60 min 30 min† 60 min 90 min 120 min‡ b. Other residential 90 min 60 min 30 min† 60 min 90 min 120 min‡ 3. Office: – without sprinkler 90 min 60 min 30 min† 60 min 90 min Not system permitted(6) – with sprinkler system(3) 60 min 60 min 30 min† 30 min† 60 min 120 min‡ 4. Shop and commercial: – without sprinkler 90 min 60 min 60 min 60 min 90 min Not system permitted – with sprinkler system(3) 60 min 60 min 30 min† 60 min 60 min 120 min‡ 5. Assembly and recreation: – without sprinkler 90 min 60 min 60 min 60 min 90 min Not system permitted – with sprinkler system(3) 60 min 60 min 30 min† 60 min 60 min 120 min‡ 6. Industrial: – without sprinkler 120 min 90 min 60 min 90 min 120 min Not system permitted – with sprinkler system(3) 90 min 60 min 30 min† 60 min 90 min 120 min‡ 7. Storage and other non- residential: a. any building or part not described elsewhere: – without sprinkler 120 min 90 min 60 min 90 min 120 min Not system permitted – with sprinkler system(3) 90 min 60 min 30 min† 60 min 90 min 120 min‡ 129 Building Regulations 2010 Approved Document B Volume 1, 2019 edition O N L I N E V E R S I O N B O N L I N E V E R S I O N Table B4 Continued Purpose group of building Minimum periods of fire resistance(1) (minutes) in a: Basement storey* Ground or upper storey including floor over Depth (m) of the lowest Height (m) of top floor above ground, in a building or basement separated part of a building More than 10 Up to 10 Up to 5 Up to 18 Up to 30 More than 30 b. car park for light vehicles: i. open sided car park(7) Not Not 15 min†# 15 min†#(8) 15 min†#(8) 60 min applicable applicable ii. any other car park 90 min 60 min 30 min† 60 min 90 min 120 min‡ NOTES: For single storey buildings, the periods under the heading ‘Up to 5’ apply. If single storey buildings have basements, for the basement storeys the period appropriate to their depth applies. * For the floor over a basement or, if there is more than one basement, the floor over the topmost basement, the higher of the period for the basement storey and the period for the ground or upper storey applies. † For compartment walls that separate buildings, the period is increased to a minimum of 60 minutes. + For any floor that does not contribute to the support of the building within a flat of more than one storey, the period is reduced to 30 minutes. § For flat conversions, refer to paragraphs 6.5 to 6.7 regarding the acceptability of 30 minutes. ‡ For elements that do not form part of the structural frame, the period is reduced to 90 minutes. # For elements that protect the means of escape, the period is increased to 30 minutes. 1. Refer to note 1, Table B3 for the specific provisions of test. 2. Blocks of flats with a floor more than 30m above ground level should be fitted with a sprinkler system in accordance with Appendix E. NOTE: Sprinklers only need to be provided within the individual flats, they are not required in the common areas such as stairs, corridors or landings when these areas are fire sterile. 3. ‘With sprinkler system’ means that the building is fitted throughout with an automatic sprinkler system in accordance with Appendix E. 4. Very large (over 18m in height or with a 10m deep basement) or unusual dwellinghouses are outside the scope of the guidance provided with regard to dwellinghouses. 5. A minimum of 30 minutes in the case of three storey dwellinghouses, increased to 60 minutes minimum for compartment walls separating buildings. 6. Buildings within the ‘office’, ‘shop and commercial’, ‘assembly and recreation’, ‘industrial’ and ‘storage and other non-residential’ (except car parks for light vehicles) purpose groups (purpose groups 3 to 7(a)) require sprinklers where there is a top storey above 30m. The sprinkler system should be provided in accordance with Appendix E. 7. The car park should comply with the relevant provisions in the guidance on requirement B3, Section 11 of Approved Document B Volume 2. 8. For the purposes of meeting the Building Regulations, the following types of steel elements are deemed to have satisfied the minimum period of fire resistance of 15 minutes when tested to the European test method. i. Beams supporting concrete floors, maximum Hp/A=230m-1 operating under full design load. ii. Free-standing columns, maximum Hp/A=180m-1 operating under full design load. iii. Wind bracing and struts, maximum Hp/A=210m-1 operating under full design load. Guidance is also available in BS EN 1993-1-2. 130 Approved Document B Volume 1, 2019 edition Building Regulations 2010 O N L I N E V E R S I O N O N L I N E V E R S I O N B Application of the fire resistance standards in Table B4 B26 The following guidance should be used when applying the fire resistance standards in Table B4. a. If one element of structure supports or carries or gives stability to another, the fire resistance of the supporting element should be no less than the minimum period of fire resistance for the other element (whether that other element is loadbearing or not). In some circumstances, it may be reasonable to vary this principle, for example: i. if the supporting structure is in the open air and is not likely to be affected by the fire in the building ii. if the supporting structure is in a different compartment, with a fire-separating element (that has the higher standard of fire resistance) between the supporting and the separated structure iii. if a plant room on the roof needs greater fire resistance than the elements of structure that support it. b. If an element of structure forms part of more than one building or compartment, that element should be constructed to the standard of the higher of the relevant provisions. c. If, due to the slope of the ground, one side of a basement is open at ground level (allowing smoke to vent and providing access for firefighting) for elements of structure in that storey it may be appropriate to adopt the standard of fire resistance that applies to above-ground structures. d. Although most elements of structure in a single storey building may not need fire resistance, fire resistance is needed if one of the following applies to the element. i. It is part of, or supports, an external wall, and there is provision in the guidance on requirement B4 to limit the extent of openings and other unprotected areas in the wall. ii. It is part of, or supports, a compartment wall, including a wall that is common to two or more buildings. iii. It supports a gallery. B27 For the purposes of this paragraph, the ground storey of a building that has one or more basement storeys and no upper storeys may be considered as a single storey building. The fire resistance of the basement storeys should be that specified for basements. 131 Building Regulations 2010 Approved Document B Volume 1, 2019 edition O N L I N E V E R S I O N B O N L I N E V E R S I O N Table B5 L imitations on the use of uninsulated glazed elements on escape routes. These limitations do not apply to glazed elements that satisfy the relevant insulation criterion, see Table B3 Position of glazed element Maximum total glazed area in parts of a building with access to: A single stair More than one stair Walls Door leaf Walls Door leaf Flats 1. Within the enclosures of a protected Fixed fanlights Unlimited Fixed fanlights Unlimited entrance hall or protected landing, or only above 1100mm only above 1100mm within fire resisting separation shown in from floor from floor Section 3, Diagram 3.4. Dwellinghouses 2. Within either: Unlimited Unlimited Unlimited Unlimited above 1100mm above 1100mm a. the enclosures of a protected stairway from floor or from floor or b. fire resisting separation shown in pitch of the pitch of the Diagram 2.2. stair stair 3. Within fire resisting separation either: Unlimited Unlimited Unlimited Unlimited above 100mm above 100mm above 100mm above 100mm a. shown in Diagram 2.4 from floor from floor from floor from floor b. described in paragraph 2.16b. 4. Existing window between an attached/ Unlimited Not applicable Unlimited Not applicable integral garage and the dwellinghouse. 5. Adjacent to an external escape stair (see Unlimited Unlimited Unlimited Unlimited paragraph 2.17 and Diagram 2.7) or roof escape route (see paragraph 2.13). General (except dwellinghouses) 6. Between residential/sleeping Nil Nil Nil Nil accommodation and a common escape route (corridor, lobby or stair). 7. Between a protected stairway(1) and either: Nil 25% of door Unlimited 50% of door area above area a. the accommodation 1100mm(2) b. a corridor that is not a protected corridor other than in item 6 above. 8. Between either: Unlimited Unlimited Unlimited Unlimited above 1100mm above 100mm above 100mm above 100mm a. a protected stairway(1) and a protected from floor from floor from floor from floor lobby or protected corridor b. accommodation and a protected lobby other than in item 6 above. 9. Between the accommodation and a Unlimited Unlimited Unlimited Unlimited protected corridor that forms a dead end, above 1100mm above 100mm above 1100mm above 100mm other than in item 6 above. from floor from floor from floor from floor 10. Between accommodation and any other Not applicable Not applicable Unlimited Unlimited corridor, or sub-dividing corridors, other above 100mm above 100mm than in item 6 above. from floor from floor 11. Beside an external escape route. Unlimited Unlimited Unlimited Unlimited above 1100mm above 1100mm above 1100mm above 1100mm from floor from floor from floor from floor 132 Approved Document B Volume 1, 2019 edition Building Regulations 2010 O N L I N E V E R S I O N O N L I N E V E R S I O N B Table B5 Continued Position of glazed element Maximum total glazed area in parts of a building with access to: A single stair More than one stair Walls Door leaf Walls Door leaf 12. Beside an external escape stair (see Unlimited Unlimited Unlimited Unlimited paragraph 3.68 and Diagram 3.11) or roof escape route (see paragraph 3.30). NOTES: Items 1 and 8 apply also to single storey buildings. Fire resisting glass should be marked with the name of the manufacturer and the name of the product. Further guidance can be found in A Guide to Best Practice in the Specification and Use of Fire-resistant Glazed Systems published by the Glass and Glazing Federation. 1. If the protected stairway is also a protected shaft or a firefighting stair (see Section 15), there may be further restrictions on the use of glazed elements. 2. Measured vertically from the landing floor level or the stair pitch line. 3. The 100mm limit is intended to reduce the risk of fire spreading from a floor covering. 133 Building Regulations 2010 Approved Document B Volume 1, 2019 edition O N L I N E V E R S I O N C O N L I N E V E R S I O N Appendix C: Fire doorsets C1 All fire doorsets should have the performance shown in Table C1, based on one of the following. a. Fire resistance in terms of integrity, for a period of minutes, when tested to BS 476-22, e.g. FD 30. A suffix (S) is added for doorsets where restricted smoke leakage at ambient temperatures is needed. b. As determined with reference to Commission Decision 2000/367/EC regarding the classification of the resistance to fire performance of construction products, construction works and parts thereof. All fire doorsets should be classified in accordance with BS EN 13501-2, tested to the relevant European method from the following. i. BS EN 1634-1. ii. BS EN 1634-2. iii. BS EN 1634-3. c. As determined with reference to European Parliament and Council Directive 95/16/EC (which applies to lifts that permanently serve buildings and constructions and specified safety components) on the approximation of laws of Member States relating to lifts (‘Lifts Directive’) implementing the Lifts Regulations 1997 (SI 1997/831) and calling upon the harmonised standard BS EN 81-58. C2 The performance requirement is in terms of integrity (E) for a period of minutes. An additional classification of S is used for all doors where restricted smoke leakage at ambient temperatures is a needed. C3 The requirement is for test exposure from each side of the doorset separately. The exception is lift doors, which are tested from the landing side only. C4 Any test evidence used to verify the fire resistance rating of a doorset or shutter should be checked to ensure both of the following. a. It adequately demonstrates compliance. b. It is applicable to the complete installed assembly. Small differences in detail may significantly affect the rating. Until relevant harmonised product standards are published, for the purposes of meeting the Building Regulations, products tested in accordance with BS EN 1634-1 (with or without pre-fire test mechanical conditioning) that achieve the minimum performance in Table C1 will be deemed to satisfy the provisions. C5 All fire doorsets, including to flat entrances and between a dwellinghouse and an integral garage, should be fitted with a self-closing device, except for all of the following. a. Fire doorsets to cupboards. b. Fire doorsets to service ducts normally locked shut. c. Fire doorsets within flats and dwellinghouses. 134 Approved Document B Volume 1, 2019 edition Building Regulations 2010 O N L I N E V E R S I O N O N L I N E V E R S I O N C C6 If a self-closing device would be considered to interfere with the normal approved use of the building, self-closing fire doors may be held open by one of the following. a. A fusible link, but not if the doorset is in an opening provided as a means of escape unless it complies with paragraph C7. b. An automatic release mechanism activated by an automatic fire detection and alarm system. c. A door closer delay device. C7 Two fire doorsets may be fitted in the same opening if each door is capable of closing the opening, so the total fire resistance is the sum of their individual resistances. If the opening is provided as a means of escape, both fire doorsets should be self-closing. If one fire doorset is capable of being easily opened by hand and has a minimum of 30 minutes’ fire resistance, the other fire doorset should comply with both of the following. a. Be fitted with an automatic self-closing device. b. Be held open by a fusible link. C8 Fire doorsets often do not provide any significant insulation. Unless providing both integrity and insulation in accordance with Appendix B, Table B3, a maximum of 25% of the length of a compartment wall should consist of door openings. Where it is practicable to maintain a clear space on both sides of the doorway, the above percentage may be greater. C9 Rolling shutters should be capable of manual opening and closing for firefighting purposes (see Section 15). Rolling shutters across a means of escape should only be released by a heat sensor, such as a fusible link or electric heat detector, in the immediate vicinity of the door. Unless a shutter is also intended to partially descend as part of a boundary to a smoke reservoir, shutters across a means of escape should not be closed by smoke detectors or a fire alarm system. C10 Unless shown to be satisfactory when tested as part of a fire doorset assembly, the essential components of any hinge on which a fire door is hung should be made entirely from materials that have a minimum melting point of 800°C. C11 Except for doorsets listed in paragraph C12, all fire doorsets should be marked with one of the following fire safety signs, complying with BS 5499-5, as appropriate. a. To be kept closed when not in use – mark ‘Fire door keep shut’. b. To be kept locked when not in use – mark ‘Fire door keep locked shut’. c. Held open by an automatic release mechanism or free swing device – mark ‘Automatic fire door keep clear’. All fire doorsets should be marked on both sides, except fire doorsets to cupboards and service ducts, which should be marked on the outside. C12 The following fire doorsets are not required to comply with paragraph C11. a. Doors to and within flats and dwellinghouses. b. Bedroom doors in ‘residential (other)’ (purpose group 2(b)) premises. c. Lift entrance/landing doors. 135 Building Regulations 2010 Approved Document B Volume 1, 2019 edition O N L I N E V E R S I O N C O N L I N E V E R S I O N C13 The performance of some doorsets set out in Table C1 is linked to the minimum periods of fire resistance for elements of structure given in Tables B3 and B4. Limitations on the use of uninsulated glazing in fire doorsets are given in Table B5. C14 Recommendations for the specification, design, construction, installation and maintenance of fire doorsets constructed with non-metallic door leaves are given in BS 8214. Guidance on timber fire resisting doorsets, in relation to the new European test standard, may be found in Timber Fire Resisting Doorsets: Maintaining Performance Under the New European Test Standard published by the Timber Research and Development Association (TRADA). Guidance for metal doors is given in Code of Practice for Fire Resisting Metal Doorsets published by the Door and Shutter Manufacturers’ Association (DSMA). C15 Hardware used on fire doors can significantly affect their performance in a fire. Notwithstanding the guidance in this approved document, guidance is available in Hardware for Fire and Escape Doors published by the Door and Hardware Federation (DHF) and Guild of Architectural Ironmongers (GAI). Table C1 Provisions for fire doorsets Position of door Minimum fire resistance of door Minimum fire resistance of in terms of integrity (minutes) door in terms of integrity when tested to the relevant (minutes) when tested to European standard(1) BS 476-22 1. In a compartment wall separating buildings Same as for the wall in which Same as for the wall in which the door is fitted, but a the door is fitted, but a minimum of 60 minutes minimum of 60 minutes 2. In a compartment wall: a. if it separates a flat from a space in E 30 S(2) FD 30 S(2) a common use b. enclosing a protected shaft forming E 30 S(2) FD 30 S(2) a a stairway wholly or partly above the adjoining ground in a building used for flats, other residential, assembly and recreation, or office purposes c. enclosing a protected shaft forming a Half the period of fire Half the period of fire stairway not described in (b) above resistance of the wall in which resistance of the wall in it is fitted, but 30 minutes which it is fitted, but 30 minimum and with suffix S(2) minutes minimum and with a suffix S(2) d. enclosing a protected shaft forming a lift Half the period of fire Half the period of fire or service shaft resistance of the wall in which resistance of the wall in it is fitted, but 30 minutes which it is fitted, but 30 minimum minutes minimum e. not described in (a), (b), (c) or (d) above. Same as for the wall in which Same as for the wall in which it is fitted, but add S(2) if the it is fitted, but add S(2) if the a door is used for progressive door is used for progressive horizontal evacuation under the horizontal evacuation under guidance to requirement B1 the guidance to requirement B1 3. In a compartment floor Same as for the floor in which Same as for the floor in it is fitted which it is fitted 136 Approved Document B Volume 1, 2019 edition Building Regulations 2010 O N L I N E V E R S I O N O N L I N E V E R S I O N C Table C1 Continued Position of door Minimum fire resistance of door Minimum fire resistance of in terms of integrity (minutes) door in terms of integrity when tested to the relevant (minutes) when tested to European standard(1) BS 476-22 4. Forming part of the enclosures of: a. a protected stairway (except as described E 30 S(2) FD 30 S(2) a in item 9 or 11(b) below) b. a lift shaft (see paragraph 3.99b) that does E 30 FD 30 not form a protected shaft in 2(b), (c) or (d) above. 5. Forming part of the enclosure of: a. a protected lobby approach (or protected E 30 S(2) FD 30 S(2) a corridor) to a stairway b. any other protected corridor E 20 S(2) FD 20 S(2) a c. a protected lobby approach to a lift shaft E 30 S(2) FD 30 S(2) a (paragraphs 3.102 to 3.104). 6. Giving access to an external escape route E 30 FD 30 7. Sub-dividing: a. corridors connecting alternative exits E 20 S(2) FD 20 S(2) a b. dead-end portions of corridors from the E 20 S(2) FD 20 S(2) a remainder of the corridor. 8. Any door within a cavity barrier E 30 FD 30 9. Any door that forms part of the enclosure E 20 FD 20 to a protected entrance hall or protected landing in a flat 10. Any door that forms part of the enclosure: a. to a place of special fire hazard E 30 FD 30 b. to ancillary accommodation in care homes E 30 FD 30 (see paragraph 2.44 in Approved Document B Volume 2). 11. In a dwellinghouse: a. between a dwellinghouse and a garage E 30 S(2) FD 30 S(2) a b. forming part of the enclosures to a E 20 FD 20 protected stairway in a single family dwellinghouse c. within any fire resisting construction in a E 20 FD 20 dwellinghouse not described elsewhere in this table. NOTES: 1. Classified in accordance with BS EN 13501-2. National classifications do not necessarily equate with European classifications, therefore products cannot typically assume a European class unless they have been tested accordingly. 2. Unless pressurisation techniques that comply with BS EN 12101-6 are used, these doors should also comply with one of the following conditions. a. Have a leakage rate not exceeding 3m3/m/hour (from head and jambs only) when tested at 25Pa under BS 476-31.1. b. Meet the additional S classification when tested to BS EN 1634-3. a 137 Building Regulations 2010 Approved Document B Volume 1, 2019 edition O N L I N E V E R S I O N D O N L I N E V E R S I O N Appendix D: Methods of measurement Occupant number D1 The number of occupants of a room, storey, building or part of a building is either of the following. a. The maximum number of people it is designed to hold. b. In buildings other than dwellings, the number of people calculated by dividing the area of a room or storey(s) (m2) by a floor space factor (m2 per person) such as given in Table D1 for guidance. D2 Counters and display units should be included when measuring area. All of the following should be excluded. a. Stair enclosures. b. Lifts. c. Sanitary accommodation. d. Any other fixed part of the building structure. 138 Approved Document B Volume 1, 2019 edition Building Regulations 2010 O N L I N E V E R S I O N O N L I N E V E R S I O N D Table D1 Floor space factors(1) Type of accommodation(2)(3) Floor space factor (m2/person) 1. Standing spectator areas, bar areas (within 2m of serving point), similar 0.3 refreshment areas 2. Amusement arcade, assembly hall (including a general purpose place of 0.5 assembly), bingo hall, club, crush hall, dance floor or hall, venue for pop concerts and similar events and bar areas without fixed seating 3. Concourse or queuing area(4) 0.7 4. Committee room, common room, conference room, dining room, licensed 1.0 betting office (public area), lounge or bar (other than in (1) above), meeting room, reading room, restaurant, staff room or waiting room(5) 5. Exhibition hall or studio (film, radio, television, recording) 1.5 6. Skating rink 2.0 7. Shop sales area(6) 2.0 8. Art gallery, dormitory, factory production area, museum or workshop 5.0 9. Office 6.0 10. Shop sales area(7) 7.0 11. Kitchen or library 7.0 12. Bedroom or study-bedroom 8.0 13. Bed-sitting room, billiards or snooker room or hall 10.0 14. Storage and warehousing 30.0 15. Car park Two persons per parking space NOTES: 1. A s an alternative to using the values in the table, the floor space factor may be determined by reference to actual data taken from similar premises. Where appropriate, the data should reflect the average occupant density at a peak trading time of year. 2. W here accommodation is not directly covered by the descriptions given, a reasonable value based on a similar use may be selected. 3. W here any part of the building is to be used for more than one type of accommodation, the most onerous factor(s) should be applied. Where the building contains different types of accommodation, the occupancy of each different area should be calculated using the relevant space factor. 4. F or detailed guidance on appropriate floor space factors for concourses in sports grounds refer to Concourses published by the Football Licensing Authority. 5. A lternatively the occupant number may be taken as the number of fixed seats provided, if the occupants will normally be seated. 6. S hops excluding those under item 10, but including: supermarkets and department stores (main sales areas), shops for personal services, such as hairdressing, and shops for the delivery or collection of goods for cleaning, repair or other treatment or for members of the public themselves carrying out such cleaning, repair or other treatment. 7. S hops (excluding those in covered shopping complexes but including department stores) trading predominantly in furniture, floor coverings, cycles, prams, large domestic appliances or other bulky goods, or trading on a wholesale self-selection basis (cash and carry). 139 Building Regulations 2010 Approved Document B Volume 1, 2019 edition O N L I N E V E R S I O N D O N L I N E V E R S I O N Travel distance D3 Travel distance is measured as the shortest route. Both of the following should be observed. a. If there is fixed seating or other fixed obstructions, the shortest route is along the centre line of the seatways and gangways. b. If the route includes a stair, the shortest route is along the pitch line on the centre line of travel. Width D4 Width is measured according to the following. a. For a door (or doorway), the clear width when the door is open (Diagram D1). b. For an escape route, either of the following. i. When the route is defined by walls: the width at 1500mm above finished floor level. ii. Elsewhere: the minimum width of passage available between any fixed obstructions. c. For a stair, the clear width between the walls or balustrades. On escape routes and stairs, handrails and strings intruding into the width by a maximum of 100mm on each side may be ignored. Rails used for guiding a stair-lift may be ignored, but it should be possible to park the lift’s chair or carriage in a position that does not obstruct the stair or landing. Effective clear Effective clear width (door stop width (door stop to to projecting door leaf) ironmongery) Diagram D1 M easurement of door width 140 Approved Document B Volume 1, 2019 edition Building Regulations 2010 O N L I N E V E R S I O N O N L I N E V E R S I O N D Building dimensions In every case measure the volume contained by all of the following. a. Under surface of roof. Internal wall Internal wall or partition or partition b. Upper surface of lowest floor. Enclosing wall Enclosing wall Compartment floor c. Inner surface of Compartment wall enclosing walls. When there is not an outer enclosing wall, measure to the outermost edge of the a. Cubic capacity of a building b. Cubic capacity of compartments floor slab. or separated part of a building The measured volume should include internal walls and partitions. Diagram D2 C ubic capacity a. Surface area: roofs and rooflights In each case measure the visible area Measure from Lowest point If a hipped roof, Roof sheeting outermost point of of roof slope measure to outermost roof at eaves or verge at eaves point of roof at base area If a lean-to roof, Outermost measure from the Highest point point Rooflight face of wall to the of roof slope of roof outermost point of roof Section Section Elevation Section i. Flat or monopitch roof ii. Double pitch roof iii. Rooflight b. Floor area: c. Floor area: Room, garage, conservatory or outbuilding, Storey, part or compartment, measure to inner surface of enclosing walls measure to inner surface of enclosing walls and include internal walls and partitions When there is not an outer enclosing wall, measure to the outermost edge of the floor slab Diagram D3 Area 141 Building Regulations 2010 Approved Document B Volume 1, 2019 edition O N L I N E V E R S I O N D O N L I N E V E R S I O N Highest point Highest point of Highest point of roof slope parapet (including of roof slope coping) Equal Mean roof level Mean roof Equal Lowest point level of roof slope Height of building a b Highest level Top level of ground of gutter adjacent to Mean ground Mean ground outside walls level level Use height a or b, whichever is greater Lowest level a. Double pitch roof b. Mansard type roof of ground adjacent to outside walls Highest point of roof slope Equal Mean roof level Lowest point of roof slope Height of building Highest level of ground adjacent to Mean ground outside walls level Lowest level c. Flat or monopitch roof of ground adjacent to outside walls Diagram D4 Height of building 142 Approved Document B Volume 1, 2019 edition Building Regulations 2010 O N L I N E V E R S I O N O N L I N E V E R S I O N D Building three storeys Second To count the number of storeys in a building, floor or in a separated part of a building, count only at the position which gives the greatest number and First exclude any basement storeys. floor Ground floor Basement Separated part three storeys Separated part two storeys Second floor Compartment NOTES: wall First 1 . In assembly buildings (purpose group 5), a gallery floor is included as a storey, but not if it is a loading gallery, fly gallery, stage grid, lighting bridge, or any gallery Ground provided for similar purposes, or for maintenance and floor repair. 2 . In other purpose group buildings, galleries are not Basement counted as a storey. 3 . For the definition of basement, see Appendix A. Diagram D5 Number of storeys Plant Roof Height of top storey excludes roof-top plant areas and any top storeys consisting exclusively Height of top of plant rooms storey measured from upper floor surface of top floor to ground level on lowest side of building Diagram D6 Height of top storey in building 143 Building Regulations 2010 Approved Document B Volume 1, 2019 edition O N L I N E V E R S I O N D O N L I N E V E R S I O N Free area of smoke ventilators D5 The free area of a smoke ventilator should be measured by either of the following. a. The declared aerodynamic free area in accordance with BS EN 12101-2. b. The total unobstructed cross-sectional area (geometric free area), measured in the plane where the area is at a minimum and at right angles to the direction of air flow (Diagram D7). a. b. Free area Free area for louvred measured at vent = a+a+a+a+a 1 2 3 4 5 right angles to air flow a a a a a 1 2 3 4 5 90° Diagram D7 Free area of smoke ventilators 144 Approved Document B Volume 1, 2019 edition Building Regulations 2010 O N L I N E V E R S I O N O N L I N E V E R S I O N E Appendix E: Sprinklers Sprinkler systems E1 Sprinkler systems installed in buildings can reduce the risk to life and significantly reduce the degree of damage caused by fire within a building. E2 Further recommendations for the provision of sprinklers are provided in the following sections: Volume 1 – Dwellings Functional Paragraph Title requirement B1 2.6 Dwellinghouses with two or more storeys more than 4.5m above ground level B1 2.23 Loft conversions B1 3.21 Internal planning of multi-storey flats B3 Table B4 Minimum periods of fire resistance B3 7.4 Sprinklers B4 11.15 Unprotected areas and fire resistance – portal frames B4 11.21 Methods for calculating acceptable unprotected area – sprinkler systems B5 15.7 Provision of firefighting shafts Volume 2 – Buildings other than dwellings Functional Paragraph Title requirement B1 2.46 Residential care homes – sprinkler systems B1 3.21 Width of escape stairs – phased evacuation B1 5.46 Shop store rooms B3 7.7 Raised storage areas B3 Table 8.1 Maximum dimensions of building or compartment B3 Table B4 Minimum periods of fire resistance B3 8.14 Sprinklers B4 13.16 Unprotected areas and fire resistance – portal frames B4 13.22 Methods for calculating acceptable unprotected area – sprinkler systems B5 17.8 Location of firefighting shafts B5 18.11 Provision of smoke outlets – mechanical smoke extract 145 Building Regulations 2010 Approved Document B Volume 1, 2019 edition O N L I N E V E R S I O N E O N L I N E V E R S I O N Design of sprinkler systems E3 Where required, sprinkler systems should be provided throughout the building or separated part, unless acting as a compensatory feature to address a specific risk. They should be designed and installed in accordance with the following. a. For residential buildings, the requirements of BS 9251. b. For non-residential buildings, or residential buildings outside the scope of BS 9251, the requirements of BS EN 12845, including the relevant hazard classification together with additional measures to improve system reliability and availability as described in Annex F of the standard. NOTE: Any sprinkler system installed to satisfy the requirements of Part B of the Building Regulations should be provided with additional measures to improve system reliability and availability and is therefore to be regarded as a life safety system. However, there may be some circumstances in which additional measures to improve system reliability and availability specified in Annex F of BS EN 12845 are inappropriate or unnecessary. E4 If the provisions in a building vary from those in this document, sprinkler protection can also sometimes be used as a compensatory feature. BS 9251 makes additional recommendations when sprinklers are proposed as compensatory features. Water supplies and pumps E5 For non-residential sprinkler systems designed and installed to BS EN 12845, water supplies should consist of either of the following. a. Two single water supplies complying with clause 9.6.1, independent of each other. b. Two stored water supplies meeting all of the following conditions. i. Gravity or suction tanks should satisfy all the requirements of clause 9.6.2(b), other than capacity. ii. Any pump arrangements should comply with clause 10.2. iii. In addition to meeting the requirements for inflow, either of the following should apply. • The capacity of each tank should be at least half the specified minimum water volume of a single full capacity tank, appropriate to the hazard. • One tank should be at least equivalent to half the specified water volume of a single full capacity tank, and the other shall not be less than the minimum volume of a reduced capacity tank (see clause 9.3.4) appropriate to the hazard. The total capacity of the water supply in (iii), including any inflow for a reduced capacity tank, should be at least that of a single full holding capacity tank that complies with Table 9, Table 10 or clause 9.3.2.3, as appropriate to the hazard and pipework design. E6 For the systems described in paragraph E5, both of the following apply if pumps are used to draw water from two tanks. a. Each pump should be able to draw water from either tank. b. Any one pump, or either tank, should be able to be isolated. The sprinkler water supplies should not be used as connections for other services or other fixed firefighting systems. 146 Approved Document B Volume 1, 2019 edition Building Regulations 2010 O N L I N E V E R S I O N O N L I N E V E R S I O N F Appendix F: Standards referred to European Standards BS EN 1634 Fire resistance and smoke control tests for door and shutter assemblies, openable windows NOTE: All the British and European Standards can and elements of building hardware be purchased at the following address: https:// BS EN 1634-1 Fire resistance test for door and shop.bsigroup.com/. Alternatively access to the shutter assemblies and openable windows [2014 British and European Standards may be gained at + A1 2018] public reference libraries. BS EN 1634-2 Fire resistance characterisation test BS EN 54 Fire detection and fire alarm systems for elements of building hardware [2008] BS EN 54-7 Smoke detectors. Point smoke BS EN 1634-3 Smoke control test for door and detectors that operate using scattered light, shutter assemblies [2004] transmitted light or ionization [2018] BS EN 1993-1-2 Eurocode 3. Design of steel BS EN 54-11 Manual call points [2001] structures. General rules. Structural fire design BS EN 81 Safety rules for the construction and [2005] installation of lifts BS ISO 3864-1 Graphical symbols. Safety colours BS EN 81-20 Lifts for the transport of persons and safety signs. Design principles for safety signs and goods. Passenger and goods passenger lifts and safety markings [2011] [2014] BS EN 12101 Smoke and heat control systems BS EN 81-58 Examination and tests. Landing BS EN 12101-2 Natural smoke and heat exhaust doors fire resistance test [2018] ventilators [2017] BS EN 81-72 Particular applications for passenger BS EN 12101-3 Specification for powered smoke and goods passenger lifts. Firefighters lifts [2015] and heat control ventilators (Fans) [2015] BS EN ISO 306 Plastics. Thermoplastic materials. BS EN 12101-6 Specification for pressure Determination of Vicat softening temperature (VST) differential systems. Kits [2005] [2013] BS EN 12845 Fixed firefighting systems. Automatic BS EN 520 Gypsum plasterboards. Definitions, sprinkler systems. Design, installation and requirements and test methods [2004 + A1 2009] maintenance [2015] BS EN 1125 Building hardware. Panic exit devices BS EN 13238 Reaction to fire tests for building operated by a horizontal bar, for use on escape products. Conditioning procedures and general routes. Requirements and test methods [2008] rules for selection of substrates [2010] BS EN 1155 Building hardware. Electrically powered BS EN 13501 Fire classification of construction hold-open devices for swing doors. Requirements products and building elements and test methods [1997] BS EN 13501-1 Classification using data from BS EN 1366 Fire resistance tests for service reaction to fire tests [2018] installations BS EN 13501-2 Classification using data from fire BS EN 1366-2 Fire dampers [2015] resistance tests, excluding ventilation services BS EN 1366-8 Smoke extraction ducts [2004] [2016] 147 Building Regulations 2010 Approved Document B Volume 1, 2019 edition O N L I N E V E R S I O N F O N L I N E V E R S I O N BS EN 13501-3 Classification using data from fire British Standards resistance tests on products and elements used in building service installations: fire resisting BS 476 Fire tests on building materials and ducts and fire dampers [2005 + A1 2009] structures BS EN 13501-4 Classification using data from BS 476-3 Classification and method of test for fire resistance tests on components of smoke external fire exposure to roofs [2004] control systems [2016] BS 476-6 Method of test for fire propagation for BS EN 13501-5 Classification using data from products [1989 + A1 2009] external fire exposure to roof tests [2016] BS 476-7 Method of test to determine the BS EN 14306 Thermal insulation products for classification of the surface spread of flame of building equipment and industrial installations. products [1997] Factory made calcium silicate (CS) products. BS 476-8 Test methods and criteria for the fire Specification [2015] resistance of elements of building construction BS EN 14604 Smoke alarm devices [2005] [1972] BS EN 15102 Decorative wall coverings. Roll and BS 476-11 Method for assessing the heat panel form [2007 + A1 2011] emission from building materials [1982] BS EN 15650 Ventilation for buildings. Fire dampers BS 476-20 Method for determination of the fire [2010] resistance of elements of construction (general principles) [1987] BS EN 15725 Extended application reports on the fire performance of construction products and BS 476-21 Methods for determination of the building elements [2010] fire resistance of loadbearing elements of construction [1987] BS EN 50200 Method of test for resistance to fire of unprotected small cables for use in emergency BS 476-22 Methods for determination of the circuits [2015] fire resistance of non-loadbearing elements of construction [1987] BS 476-23 Methods for determination of the contribution of components to the fire resistance of a structure [1987] BS 476-24 Method for determination of the fire resistance of ventilation ducts [1987] BS 476-31.1 Methods for measuring smoke penetration through doorsets and shutter assemblies. Method of measurement under ambient temperature conditions [1983] BS 2782-0 Methods of testing. Plastics. Introduction [2011] BS 3251 Specification. Indicator plates for fire hydrants and emergency water supplies [1976] BS 4422 Fire. Vocabulary [2005] BS 4514 Unplasticized PVC soil and ventilating pipes of 82.4mm minimum mean outside diameter, and fittings and accessories of 82.4mm and of other sizes. Specification [2001] 148 Approved Document B Volume 1, 2019 edition Building Regulations 2010 O N L I N E V E R S I O N O N L I N E V E R S I O N F BS 5255 Specification for thermoplastics waste pipe BS 7157 Method of test for ignitability of fabrics and fittings [1989] used in the construction of large tented structures [1989] BS 5266-1 Emergency lighting. Code of practice for the emergency lighting of premises [2016] BS 7273 Code of practice for the operation of fire protection measures BS 5395-2 Stairs, ladders and walkways. Code of practice for the design of helical and spiral stairs BS 7273-4 Actuation of release mechanisms for [1984] doors [2015] BS 5438 Methods of test for flammability of textile BS 7346-7 Components for smoke and heat fabrics when subjected to a small igniting flame control systems. Code of practice on functional applied to the face or bottom edge of vertically recommendations and calculation methods for oriented specimens [1989] smoke and heat control systems for covered car parks [2013] BS 5446-2 Fire detection and fire alarm devices for dwellings. Specification for heat alarms [2003] BS 7974 Application of fire safety engineering principles to the design of buildings. Code of BS 5499 Graphical symbols and signs practice [2019] BS 5499-4 Safety signs. Code of practice for BS 8214 Timber-based fire door assemblies. Code of escape route signing [2013] practice [2016] BS 5499-5 Safety signs, including fire safety BS 8313 Code of practice for accommodation of signs. Signs with specific safety meanings [2002] building services in ducts [1997] BS 5839 Fire detection and fire alarm systems for BS 8414 Fire performance of external cladding systems buildings BS 8414-1 Test method for non-loadbearing BS 5839-1 Code of practice for system design, external cladding systems applied to the installation, commissioning and maintenance of masonry face of a building [2015 + A1 2017] systems in non-domestic premises [2017] BS 8414-2 Test method for non-loadbearing BS 5839-2 Specification for manual call points external cladding systems fixed to and [1983] supported by a structural steel frame [2015 + A1 BS 5839-3 Specification for automatic release 2017] mechanisms for certain fire protection BS 8519 Selection and installation of fire-resistant equipment [1988] power and control cable systems for life safety and BS 5839-6 Code of practice for the design, fire-fighting applications. Code of practice [2010] installation, commissioning and maintenance BS 9251 Fire sprinkler systems for domestic and of fire detection and fire alarm systems in residential occupancies. Code of practice [2014] domestic premises [2019] BS 9252 Components for residential sprinkler BS 5839-8 Code of practice for the design, systems. Specification and test methods for installation, commissioning and maintenance of residential sprinklers [2011] voice alarm systems [2013] BS 9990 Non automatic fire-fighting systems in BS 5839-9 Code of practice for the design, buildings. Code of practice [2015] installation, commissioning and maintenance of emergency voice communication systems [2011] BS 9991 Fire safety in the design, management and use of residential buildings. Code of practice [2015] BS 5867-2 Fabrics for curtains and drapes. Flammability requirements. Specification [2008] BS 9999 Fire safety in the design, management and use of buildings. Code of practice [2017] BS 5906 Waste management in buildings. Code of practice [2005] 149 Building Regulations 2010 Approved Document B Volume 1, 2019 edition O N L I N E V E R S I O N G O N L I N E V E R S I O N Appendix G: Documents referred to Legislation Other documents (available via www.legislation.gov.uk) Publications Education Act 1996 Association for Specialist Fire Protection (ASFP) Gas Safety (Installation and Use) Regulations 1998 (www.asfp.org.uk) (SI 1998/2451) ASFP Red Book – Fire-Stopping: Linear Joint Seals, Lifts Regulations 1997 (SI 1997/831) Penetration Seals and Cavity Barriers, Pipelines Safety Regulations 1996 (SI 1996/825) Fourth Edition Prison Act 1952 ASFP Grey Book – Volume 1: Fire Dampers (European Standards), Second Edition Safety of Sports Grounds Act 1975 ASFP Blue Book British Standard version – Fire Regulatory Reform (Fire Safety) Order 2005 Resisting Ductwork, Tested to BS 476 Part 24, (SI 2005/1541) Third Edition Commission Decision 2000/367/EC of 3 May 2000 ASFP Blue Book European version – Fire Resisting implementing Council Directive 89/106/EEC Ductwork, Classified to BS EN 13501 Parts 3 and 4, Commission Decision 2000/553/EC of 6 September First Edition 2000 implementing Council Directive 89/106/EEC Ensuring Best Practice for Passive Fire Protection in European Parliament and Council Directive 95/16/ Buildings, Second Edition [2014] EC Building Research Establishment Limited (BRE) (www.bre.co.uk) BRE report (BR 135) Fire Performance of External Thermal Insulation for Walls of Multi-storey Buildings, Third Edition [2013] BRE report (BR 187) External Fire Spread: Building Separation and Boundary Distances, Second Edition [2014] BRE Digest 208 Increasing the Fire Resistance of Existing Timber Floors [1988] BRE report (BR 274) Fire Safety of PTFE-based Materials Used in Buildings [1994] 150 Approved Document B Volume 1, 2019 edition Building Regulations 2010 O N L I N E V E R S I O N O N L I N E V E R S I O N G Department for Communities and Local Health and Safety Executive (HSE) Government (www.hse.gov.uk) (www.gov.uk/government/publications/fire- Safety Signs and Signals: The Health and Safety performance-of-green-roofs-and-walls) Regulations 1996. Guidance on Regulations, L64 Fire Performance of Green Roofs and Walls [2013] [2015] Department for Education HM Prison and Probation Service (HMPPS) (www.dfes.gov.uk) (www.hmppsintranet.org.uk/uploads/ HMPPSFireSafetyDesignGuide.pdf) Building Bulletin (BB) 100: Design for Fire Safety in Schools [2007] Custodial Premises Fire Safety Design Guide Department of Health Passive Fire Protection Federation (PFPF) (www.dh.gov.uk) (http://pfpf.org/pdf/publications/guide_to_ uailoft.pdf) Health Technical Memorandum (HTM) 05-02: Firecode. Guidance in Support of Functional Guide to Undertaking Assessments in Lieu of Fire Provisions (Fire Safety in the Design of Healthcare Tests [2000] Premises) [2015] Sports Grounds Safety Authority HTM 88: Guide to Fire Precautions in NHS Housing (https://sgsa.org.uk/) in the Community for Mentally Handicapped (or Guide to Safety at Sports Grounds [2007] Mentally Ill) People Steel Construction Institute (SCI) Door and Hardware Federation (DHF) and Guild (https://steel-sci.com) of Architectural Ironmongers (GAI) (www.firecode.org.uk) SCI Publication P288 Fire Safe Design: A New Approach to Multi-storey Steel-framed Buildings, Hardware for Fire and Escape Doors [2012] Second Edition [2006] Door and Shutter Manufacturers’ Association SCI Publication P313 Single Storey Steel Framed (DSMA) Buildings in Fire Boundary Conditions [2002] (www.dhfonline.org.uk) Code of Practice for Fire Resisting Metal Doorsets Timber Research and Development Associations [2010] (TRADA) (www.trada.co.uk) Fire Protection Association (FPA) Timber Fire Resisting Doorsets: Maintaining (www.thefpa.co.uk) Performance under the New European Test Standard RISCAuthority Design Guide for the Fire Protection [2002] of Buildings [2005] Football Licensing Authority (www.flaweb.org.uk/home.php) Concourses [2006] Glass and Glazing Federation (GGF) (www.ggf.org.uk) A Guide to Best Practice in the Specification and Use of Fire-resistant Glazed Systems [2011] 151 Building Regulations 2010 Approved Document B Volume 1, 2019 edition O N L I N E V E R S I O N O N L I N E V E R S I O N Index A Alternative supply of water 14.12–14.13 Ancillary accommodation 3.28, 3.37, 3.73–3.75 Access floors Appliance ventilation ducts 9.23 See Platform floors Definition Appendix A Access for fire service Approved Documents pages i–ii See Fire service facilities Architraves Accessibility 0.8, 3.107, 17.4 Definition of wall and ceiling 4.3, 4.6 Access panels Area measurement Diagram D3 Drainage and water supply pipes Diagram 9.1 Assembly and recreation purpose group Access rooms Table 0.1 Definition Appendix A Atria 7.20 Means of escape from inner rooms 2.12, 3.8 Definition Appendix A Accreditation Automatic doors 3.98 Installers and suppliers page iii, Appendix B5 See also Automatic release mechanisms; Self- Air changes closing devices See Ventilation Automatic fire detection and alarm systems Air circulation systems for heating, etc. See Fire detection and alarm systems Dwellinghouses with a floor more than 4.5m Automatic release mechanisms above ground level 2.8–2.9 Definition Appendix A Multi-storey flats 3.23 Fire and smoke dampers 9.14, 9.22 Air conditioning 9.6–9.17 Fire safety signs Appendix C11 See also Ventilation Self-closing fire doors Appendix C6 Air exhaust terminals 9.6 See also Self-closing devices Alarm systems B See Fire detection and alarm systems Alterations Back gardens Material alteration 1.8–1.9 Means of escape 2.10, Diagram 2.5 Alternative approaches 0.9 Balconies Alternative escape routes Escape routes 3.29 Cavity barriers 8.6 Means of escape 2.14, 3.11–3.12 Definition Appendix A See also Common balconies Dwellinghouses with floor more than 4.5m above Basement storeys ground level 2.5–2.6 Definition Appendix A Flats 3.26–3.27, 3.59 Escape stairs 3.82 Alternative exits Firefighting shafts 15.3 Common balconies 3.12 Fire resistance Appendix B27, Table B4 Definition Appendix A Lifts 3.102, 3.104 Divided corridors Table C1 Means of escape 2.16, 3.9, 3.71–3.72 Dwellinghouses with floor more than 4.5m above Smoke outlets 16.2–16.3 ground level Diagram 2.4 Bathrooms Flats Fire doorsets Diagram 3.2 Multi-storey flats 3.21, 3.22, Diagrams 3.5 to 3.6 Inner rooms 2.11, 3.7 Single storey 3.19, Diagram 3.4 Beams Galleries 2.15, 3.13 Fire resistance Table B3 Openings for 5.9, 7.6 152 Approved Document B Volume 1, 2019 edition Building Regulations 2010 O N L I N E V E R S I O N O N L I N E V E R S I O N Boiler rooms 3.73 BS EN 1366-2 Diagram 9.4 Boundaries BS EN 1634-1 Appendix C1, Appendix C4 Definition Appendix A BS EN 1634-2 Appendix C1 See also Notional boundaries; Relevant BS EN 1634-3 Appendix C1, Table C1 boundaries; Separation distances BS EN 1993-1-2 Table B4 British Standards Appendix F BS EN 12101-2 Appendix D5 BS 476-3 Table B2 BS EN 12101-3 16.12 BS 476-6 Table B1 BS EN 12101-6 3.54, Table C1 BS 476-7 Appendix B13, Table B1 BS EN 12845 Appendix E3, Appendix E5 BS 476-20 to 21 Table B3 BS EN 13238 Appendix B8 BS 476-22 Table B3, Appendix C1, Table C1 BS EN 13501-1 page 76, Appendix B6, Appendix BS 476-23 to 24 Table B3 B10, Table B1 BS 476-31.1 Table C1 BS EN 13501-2 Appendix B22, Appendix B25, BS 2782 Appendix B13 Appendix C1, Diagram 9.3, Table B3, Table C1 BS 2782-0 Appendix B13 BS EN 13501-3 Appendix B22, Appendix B25, BS 3251 14.10 Diagrams 9.3 to 9.4, Table B3 BS 4422 Appendix A BS EN 13501-4 Appendix B22, Appendix B25, BS 4514 9.5, Table 9.1 Table B3 BS 5255 9.5, Table 9.1 BS EN 13501-5 Appendix B16 to B18, Table B2 BS 5266-1 3.24, 3.44, 3.48 BS EN 14306 Appendix B9 BS 5395-2 3.86 BS EN 14604 1.2 BS 5438 Appendix B13 BS EN 15102 Table 4.1 BS 5446-2 1.3 BS EN 15650 9.20–9.21 BS 5499-4 3.45 BS EN 15725 Appendix B4 BS 5499-5 Appendix C11 BS EN 50200 3.47 BS 5839-1 3.48, 16.12, Diagram 9.4 BS EN ISO 306 Appendix B11 BS 5839-3 9.22 Building control body page iv BS 5839-6 1.1, 1.4, 1.6, 1.7, 3.21 Definition Appendix A BS 5867-2 Appendix B13 Building dimensions BS 5906 3.55 Measurement methods Diagrams D2 to D6 BS 7157 4.8 Building Regulations 2010 pages iii–iv BS 7273 1.15 Buildings of architectural or historical interest BS 7273-4 3.92 0.10, 2.22 BS 7974 0.13 Building work page iii BS 8214 Appendix C14 Bungalows BS 8313 7.28 See Single storey buildings BS 8414-1 10.3 C BS 8414-2 10.3 BS 8519 3.48 Cables BS 9251 2.6, Appendix E3, Appendix E4 See Electrical wiring BS 9990 14.5, 14.11 Canopies 11.12–11.13, Diagram 11.6 BS 9991 3.29 Car parks BS 9999 7.20, 15.8, 15.11, 17.5, Diagram 15.1 Air extraction systems 9.10 BS EN 54-7 9.22 Covered 3.28, 3.73 BS EN 81-20 15.11 Enclosed BS EN 81-58 Appendix C1 Lifts 3.102 BS EN 81-72 15.11 Smoke ventilation 3.75 BS EN 520 Appendix B9 Escape stairs serving 3.73, 3.75 153 Building Regulations 2010 Approved Document B Volume 1, 2019 edition O N L I N E V E R S I O N O N L I N E V E R S I O N Minimum periods of fire resistance Table B4 Thermoplastic lighting diffusers 4.16, Table 4.2 Recessed car parking areas Diagram A1 Wall and ceiling linings Table 4.1, Table 4.2 Sprinkler systems 16.11 Cladding 10.5–10.6, Table 10.1 Cavities 5.16 Flexible membranes 4.8 Definition Appendix A Codes of practice Appendix G Fire resisting ceilings below Diagram 8.3 Collapse See also Cavity barriers; Cavity walls Resistance to 5.23, Appendix B19 Cavity barriers Columns Alternative escape routes 8.6 Fire resistance Table B3 Cavity walls excluded Diagram 5.3 Portal frames 11.15 Construction and fixings 5.20–5.23, 8.8–8.9 Combustibility of external surface materials Definition Appendix A 10.3–10.15 Double-skinned insulated roof sheeting 5.14, 7.17, Unprotected area 11.6–11.15, Diagram 11.4 8.7, Diagram 5.2, Diagram 8.4 Common balconies 3.12, 3.22 Fire resistance Table B3 Definition Appendix A Floor or roof cavities 8.5, Diagram 8.3 Common corridors Openings in 5.24 Escape routes 3.27, 3.34–3.37, Diagrams 3.7 to 3.8 Protected escape routes 8.5 Common escape routes 3.31–3.58 Protected stairways 2.5, Diagram 2.3 Exit signs 3.45 Provision 5.17–5.19, 8.2–8.3, Diagram 8.1 Flooring 3.39 Replacement windows 2.20 Headroom 3.38 Cavity walls Lighting 3.41–3.44 Cavity barriers 5.18, 8.3 Ramps and sloping floors 3.40 Excluded from provisions for cavity barriers Smoke control 3.49–3.54 Diagram 5.3, Diagram 8.2 See also Protected escape routes Ceilings Common stairs 3.14, 3.22, 3.59–3.62 Definition 4.5–4.6, Appendix A Definition Appendix A Fire resistance Table B3 Enclosure 3.62 Fire resisting ceilings 2.5, Diagram 2.3 Escape routes 3.27, 3.28, Diagrams 3.7 to 3.9 Cavities above 8.5, Diagram 8.3 Number 3.59 Lighting diffusers that form part of a ceiling 4.15, Serving ancillary accommodation 3.73–3.75 Diagram 4.1 See also Protected stairways Linings Compartmentation Classification Table 4.1 Definition Appendix A Definition 4.5–4.6 Dwellinghouses 5.5–5.7, Diagram 5.1 Stretched skin 4.17 Flats 7.1–7.3 See also Suspended ceilings Mixed use buildings 0.14–0.17 Central alarm monitoring Compartment floors Sheltered housing 1.12 Cavity barriers 5.18 Certification Construction 7.5 Installers and suppliers page iii, 1.14 Junction with compartment wall 7.14 Circulation spaces Junction with external wall 7.12–7.13 Definition Appendix A Openings 7.20 Extensions 1.9 Definition Appendix A External windows 4.13 Flues penetrating 9.23, Diagram 9.5 Loft conversions 5.4 Nominal internal diameter of pipes passing Smoke alarms 1.9 through Table 9.1 Thermoplastic glazing 4.13–4.14, Table 4.2 Provision 7.1 154 Approved Document B Volume 1, 2019 edition Building Regulations 2010 O N L I N E V E R S I O N O N L I N E V E R S I O N Compartment walls 5.8–5.15 Disabled people 0.8, 3.107, 17.4 Between buildings 5.10, 7.8 Domestic garages Cavity barriers 5.18 Construction to protect dwellinghouses 5.6–5.7, Construction 5.9 Diagram 5.1 Flats 7.5–7.18 Fire doors between dwellinghouse and garage 5.7, Junction with compartment floor 7.14 Diagram 5.1, Table C1 Junction with other walls 7.12–7.13 Linings Table 4.1 Junction with roof 5.11–5.15, 7.15–7.18, Diagram 5.2 Doors and doorways Openings 5.9, 7.6, 7.19–7.20 Amount of opening 3.95 Definition Appendix A Direction of opening 3.94 Fire resistance Table B3 Door fastenings 3.92–3.93 Flues penetrating 9.23, Diagram 9.5 Between dwellinghouse and garage 5.7, Maximum door openings Appendix C8 Diagram 5.1 Nominal internal diameter of pipes passing On escape routes 3.90–3.98 through Table 9.1 Alternative exits 3.22 Provision 5.5 External escape stairs 3.68 Flats 7.1 External means of escape 2.10 Separated parts of buildings 7.9 Basement storeys 3.9 Concealed spaces Flats 3.6 See Cavities Fire resistance 3.68, 3.87 Conduits for cables Fire resisting construction 2.17, Diagram 2.7 Openings in cavity barriers 5.24 Glazed elements 3.88 Openings in fire resisting elements 9.24 Loft conversions 2.21–2.23 Cooking facilities Openings in cavity barriers 5.24, 8.3 Loft conversions 2.23 Openings in compartment walls or floors Room containing a gallery Diagram 2.6, 7.19–7.20 Diagram 3.1 Vision panels 3.97 Single storey flats 3.18 Width measurement Appendix D4, Diagram D1 See also Kitchens See also Automatic doors; Fire doorsets Corridor access Diagrams 3.7 to 3.8 Double‑skinned insulated roof sheeting 7.17 Definition Appendix A Cavity barriers 8.7, Diagram 8.4 See also Common corridors Junction of compartment wall with roof 5.14, Courtyards Diagram 5.2 Means of escape 2.10, Diagram 2.5 Drainage pipes Cover moulds Enclosure Diagram 9.1, Table B3 Definition of walls and ceilings 4.3, 4.6 Maximum nominal internal diameter of pipes 9.4, Curtain walls Table 9.1 Excluded from elements of structure 5.3, 6.2 Dressing rooms Inner rooms 2.11, 3.7 D Ducts Fire resistance 9.3, Table B3 Dead ends 3.27 Mechanical ventilation and air-conditioning Definition Appendix A 9.6–9.9 Fire service vehicle access routes 13.4, Diagram 13.1 Openings 9.12–9.17, Diagrams 9.3 to 9.4 Deck access In cavity barriers 5.24 Escape routes 3.29 In compartment walls or floors 7.20 Direct distances Protected stairways 3.23 Definition Appendix A Protection 9.24–9.29 155 Building Regulations 2010 Approved Document B Volume 1, 2019 edition O N L I N E V E R S I O N O N L I N E V E R S I O N Protected shafts 7.26 Energy efficiency requirements page iv Protected stairways 2.9 Entrance halls See also Ventilation ducts See Protected entrance halls/landings Dwellinghouses Escape lighting Definition Appendix A Common escape routes 3.41–3.44 Internal fire spread Definition Appendix A Cavities 5.16–5.24 Escape routes Compartmentation 5.5–5.15 Definition Appendix A Loadbearing elements of structure 5.1–5.4 Dwellinghouses with floor more than 4.5m above Means of escape 2.1–2.23 ground level 2.5–2.6 More than 4.5m above ground level 2.4–2.9 Flats Provision 2.10–2.17 With balcony or deck access 3.29 Upper storeys a maximum of 4.5m above ground Common escape routes 3.31–3.37 level 2.2–2.3 Number of escape routes 3.26–3.27 Work on existing dwellinghouses 2.18–2.23 Small single stair buildings 3.28, Diagram 3.9 Helical stairs and spiral stairs on 3.86 E Single steps on 3.84 Uninsulated glazed elements on Table B5 Electrical circuits Width measurement Appendix D4 See Protected circuits See also Common escape routes; Protected Electrical wiring escape routes Openings in cavity barriers 5.24 Escape stairs Openings in compartment walls and floors 7.20 Construction 3.82–3.83 Protected power circuits 3.46–3.48 External Electricity meters 3.79 Fire resistance of adjacent areas Diagram 3.11 Elements of structure Lighting 3.43 Definition Appendix A Number 3.59 Fire resistance 5.1–5.3, Appendix B26 Stairs serving ancillary accommodation 3.73–3.75 Flats 6.1–6.4 Width 3.60 Part of more than one building or compartment See also External escape stairs; Protected Appendix B26 stairways Standards Appendix B22 European Standards Appendix F Tests Table B3 See also British Standards BS EN Emergency egress windows Evacuation See Windows Phased or progressive horizontal 3.101 Emergency escape signs 3.45 Stay put strategy 3.3 Emergency lighting Evacuation lifts Definition Appendix A Definition Appendix A See also Escape lighting Existing buildings Enclosed space Building work page iii Ground or basement storey exit into Diagram 2.5 Fire safety assessments 0.9 Enclosure Portal frames 11.15 Common stairs 3.62 See also Buildings of architectural or historical Drainage pipes Diagram 9.1, Table B3 interest Ductwork Diagram 9.3 Exit passageways 3.81 Fire resistance Table B3 Definition Appendix A Water supply pipes Diagram 9.1 Exits See Alternative exits; Final exits; Storey exits 156 Approved Document B Volume 1, 2019 edition Building Regulations 2010 O N L I N E V E R S I O N O N L I N E V E R S I O N Exit signs 3.45 Fire and smoke dampers Extensions Definition Appendix A Energy efficiency requirements page iv Ductwork on protected escape routes 9.8, 9.16– Fire detection and alarm systems 1.8–1.9 9.17, Diagram 9.4 External doors Installation and specification 9.18–9.22 Emergency escape 2.10, 3.6 Ventilation ducts and flues 9.14 External escape stairs 2.17, 3.65–3.69 Fire dampers Construction 3.82 Definition Appendix A Fire resistance of adjacent areas 3.68, Diagram 3.11 Installation and specification 9.18–9.22 External fire spread Ventilation ducts and flues 9.14 From one building to another page 78, 11.1–11.5 Fire detection and alarm systems 1.1–1.15 Over external walls page 77, 10.1–10.15 Automatic fire detection and alarm systems Requirement B4 page 76 Activation of air extraction system 16.12 Roof coverings 12.1–12.9 Activation of door release mechanism Separation distances for roofs Tables 12.1 to 12.3 Appendix C6 External walls In mixed use buildings 3.77 Adjacent to protected stairways 3.63–3.64, In student residences 1.11 Diagram 3.10 Design and installation 1.14 Combustibility 10.3–10.8, Table 10.1 Interface with other systems 1.15 Definition Appendix A Power supply 1.4 External fire spread 10.1–10.15 Requirement B1 page 8 External surfaces 10.5, Table 10.1 Fire doorsets Table C1 Facing a boundary 11.4–11.5 Automatic closing methods Appendix C6 Fire resistance 10.5–10.6, Table 10.1, Table B3 Bedrooms 3.19 Insulation products and filler materials 10.6 Common corridors 3.35–3.36 Junction with compartment floor 7.12–7.14 Common escape routes 3.36 Materials and workmanship Definition Appendix A Regulation 7 pages 76–77, 10.9–10.15 Dwellinghouses with a floor more than 4.5m Protected stairways 10.11 above ground level 2.5 Specified attachments 10.9–10.15 Flats with an alternative exit 3.19 Unprotected areas 11.6–11.11, 11.15, Diagrams 11.4 Hinges Appendix C10 to 11.5 Openings in cavity barriers 5.24 Calculation of acceptable unprotected area Openings in compartment walls or floors 11.16–11.21, Table 11.1 7.19–7.20 Openings into protected shafts 7.29 F Protected stairways 2.5 See also Doors and doorways Fastenings Firefighting lifts 15.2–15.3, 15.8, 15.11, Diagram 15.1 Doors and doorways 3.91–3.93 Definition Appendix A Final exits Firefighting lobbies 15.8, Diagram 15.1 Definition Appendix A Definition Appendix A Dwellinghouses with a floor more than 4.5m Firefighting shafts 15.1–15.11, Diagram 15.1 above ground level 2.5, Diagrams 2.1 to 2.2 Definition Appendix A Flats 3.81, 3.106–3.109 Design and construction 15.8–15.11 See also Alternative exits Fire resistance Table B3 Fire alarms Hose laying distances 15.7, Diagram 15.3 Definition Appendix A Provision 15.1–15.7, Diagram 15.2 See also Fire detection and alarm systems 157 Building Regulations 2010 Approved Document B Volume 1, 2019 edition O N L I N E V E R S I O N O N L I N E V E R S I O N Firefighting stairs Diagram 15.1 Separating upper storey from lower storeys 2.6, Construction 3.82–3.83 Diagram 2.4 Definition Appendix A Separation between garage and dwellinghouse Fire hydrants 14.8–14.13 5.6, Diagram 5.1 Fire mains 13.5–13.6, 14.1–14.7, 15.10 Smoke outlet shafts 16.13–16.14, Diagram 16.1 Fire penetration Fire safety engineering 0.12–0.13 Resistance to Appendix B19 Fire safety information 17.1–17.6 Fire performance Building Regulations 2010 page 109 Classification and testing Appendix B1 to B10, Fire‑separating elements Table B1 Definition Appendix A Minimum periods of fire resistance by purpose Fire separation group Table B4 Between buildings Reaction to fire Appendix B6 to B10 External walls 11.1–11.10 Roofs Appendix B15 to B18, Table B2 Garages and houses 5.6–5.7, Diagram 5.1 See also Fire resistance Roofs 12.3–12.9 Fireplace surrounds Dwellinghouses with floor more than 4.5m above Definition of walls 4.3 ground level 2.6, Diagram 2.4 Fire resistance Appendix B19 to B25 Loft conversions 2.23 Definition Appendix A See also Cavity barriers; Compartmentation; Elements of structure 5.1–5.4, Appendix B22, Separation distances Appendix B26 Fire service facilities Flats 6.1–6.4 Access to flats for firefighting personnel 15.1–15.12 Tests by element Table B3 Fire mains 13.5–13.6, 14.1–14.7, 15.10 Minimum periods by building type Table B4 Requirement B5 page 96 Fire resisting construction Vehicle access 13.1–13.6 Ceilings 2.5, Diagram 2.3 Access routes and hardstandings 13.1–13.4, Common corridors Diagram 3.2 Table 13.1 Common escape routes Diagram 3.9 Flats 13.2, 13.5–13.6 Ductwork enclosure Diagram 9.3 Turning facilities 13.4, Diagram 13.1, Table 13.1 Dwellinghouses with floor more than 4.5m above See also Firefighting shafts ground level 2.4–2.5, Diagram 2.2 Fire spread Electricity meter cupboards 3.79 See External fire spread; Internal fire spread External escape stairs 2.17, Diagram 2.7 Fire‑stopping 9.24–9.29 Building areas near to 3.68, Diagram 3.11 Cavity barriers 5.22 Fire resistance Table B3 Definition Appendix A Flat roofs forming escape route 2.13, 3.10, 3.30 Divided corridors 8.6 Flats with an alternative exit 3.19 Ductwork 2.9, 3.23 Galleries with cooking facilities Diagram 3.1 Junction of compartment wall or floor with other Lift wells 3.99 walls 7.12–7.14 Loft conversions 2.21, 2.23 Junction of compartment wall with roof 5.11, Places of special fire hazard 7.2 7.15–7.18, Diagram 5.2 Protected escape routes 8.5 Materials 9.25–9.27 Protected shafts 7.24 Openings for pipes, etc. 9.4, 9.24, Diagram 9.1 Protected stairways 2.5, 2.6, Diagram 3.10 Openings in compartment walls 5.9, 7.6 Refuse chutes and rooms for storing refuse 3.56 Fire tests Separating bedroom from living accommodation See Fire performance 3.19, Diagram 3.4 Fitted furniture Definition of walls 4.3 158 Approved Document B Volume 1, 2019 edition Building Regulations 2010 O N L I N E V E R S I O N O N L I N E V E R S I O N Fixings Openings in compartment walls or floors 9.23, Cavity barriers 5.22, 8.8 Diagram 9.5 Insulating core panels 4.10 Passing through fire-separating elements 9.12–9.17 Flame spread Fuel storage space 3.73 See External fire spread; Internal fire spread G Flat roofs Access to an external escape stair 3.69 Galleries Escape routes 3.30 Definition Appendix A Means of escape 2.13–2.14, 3.10–3.12, 3.22 Means of escape 2.15, 3.13, Diagram 2.6, Flats Diagram 3.1 Cavity barriers 8.2–8.9 Garages Compartmentation 7.1–7.24 See Domestic garages Openings 7.19–7.20 Gardens Conversion to 6.5–6.7 See Back gardens Definition Appendix A Gas meters 3.80 Fire detection and alarm systems 1.10 Gas service pipes 3.80, 7.26–7.28 Internal planning Glazed screens Multi-storey flats 3.20–3.24 Protected shafts 7.24–7.25, Diagram 7.2 Single storey flats 3.18–3.19, Diagrams 3.2 to 3.4 Glazing Loadbearing elements of structure 6.1–6.7 Definition of walls and ceilings 4.2–4.3, 4.6 Means of escape 3.1–3.13 External escape stairs 2.17, 3.68 In common parts of flats 3.25–3.58 Fire resistance 3.88–3.89 Common stairs 3.59–3.89 Fire resisting construction 3.68 Doors on escape routes 3.90–3.98 Glass and glazing elements on escape routes Final exits 3.106–3.109 Table B5 Lifts 3.99–3.105 Thermoplastic materials 4.13, Appendix B12 Storeys more than 4.5m above ground level Unwired glass in rooflights 12.8 3.18–3.24 Guarding Upper storeys a maximum of 4.5m above ground Flat roof forming escape route 2.14, 3.11 level 3.14–3.17 In mixed use buildings 3.76–3.77 H Protected shafts 7.21–7.29 See also Sheltered housing; Student Habitable rooms accommodation Basement storeys 2.16, 3.9 Floor finishes Definition Appendix A Common escape routes 3.39 Extensions 1.8 Floor level Handicapped people Ramps and sloping floors 3.40 See Disabled people Single steps on escape routes 3.84 Hardstandings Floors Fire service vehicles 13.1–13.4 Area measurement Diagram D3 Hardware Fire resistance Table B3 Fire doors Appendix C15 Loft conversions 5.4 Hazards See also Compartment floors See Places of special fire hazard; Risk Floor space factors Table D1 Health and safety page 96, 0.8 Flues Fire resistance 9.23, Table B3 159 Building Regulations 2010 Approved Document B Volume 1, 2019 edition O N L I N E V E R S I O N O N L I N E V E R S I O N Heat alarms Integrity Multi-storey flats 3.21 Compartment walls 7.14 Power supply 1.4 Fire doorsets Appendix C1, Table C1 Standards 1.3 Resistance to fire penetration Appendix B19, Heat and smoke outlets Table B3 See Smoke outlets Internal fire spread Heat radiation Linings Discounting 11.1 Insulating core panels 4.10 Height Requirement B2 page 42 Definition Appendix A Thermoplastic materials 4.12–4.17, Appendix B14 Measurement methods Diagram D4 Structure Helical stairs and spiral stairs 3.86 Loadbearing elements of structure 5.1–5.4, High reach appliances 6.1–6.3 Fire service vehicle access Table 13.1 Requirement B3 page 49 High risk Internal linings See Places of special fire hazard Classification 4.1, Table 4.1 Hinges Protection of substrate Appendix B14 Fire doors Appendix C10 Requirement B2 page 42 Historic buildings J See Buildings of architectural or historical interest Hose laying distances 15.7, Diagram 15.3 Joists House conversions Openings for 5.9, 7.6 Conversion to flats 6.5–6.7 Junctions See also Loft conversions Compartment wall or floor with other walls Hydraulic platforms 7.12–7.14 See High reach appliances Compartment wall with roof 5.11–5.15, 7.15–7.18, I Diagram 5.2 Double-skinned insulated roof sheeting Inclusive design 0.8 Diagram 5.2 Industrial purpose group Table 0.1 Fire-stopping 5.11, 7.15–7.18, Diagram 5.2 Inner rooms K Definition Appendix A Means of escape through another room 2.11–2.12, Kitchens 3.7–3.8 Extract ductwork 9.15 Installers Heat alarms 3.21 Certification and accreditation page iii Inner rooms 2.11–2.12, 3.7–3.8 Institutional premises Insulating core panels in 4.10 See Residential (institutional) purpose group See also Cooking facilities Insulating core panels Used internally 4.10 L Insulation performance Appendix B19, Table B3 Fire doorsets Appendix C8 Ladders Floors in loft conversions 5.4 Means of escape 3.85 Glazing 3.88 See also High reach appliances Insulation (thermal) Landings Cavity walls Diagram 5.3, Diagram 8.2 See Protected entrance halls/landings Effect on fire performance Appendix B2 Large dwellinghouses External walls 10.6 Fire detection and alarm systems 1.5–1.7 160 Approved Document B Volume 1, 2019 edition Building Regulations 2010 O N L I N E V E R S I O N O N L I N E V E R S I O N Legislation Appendix G Work on existing dwellinghouses 2.18–2.23 Lifts 3.99–3.105 Flats 3.1–3.13 Lift doors Appendix C3 In common parts of flats 3.25–3.58 Machine rooms 3.105 Common stairs 3.59–3.89 Means of escape 2.7 Doors on escape routes 3.90–3.98 See also Firefighting lifts Final exits 3.106–3.109 Lighting Lifts 3.99–3.105 See Escape lighting Multi-storey 3.20–3.24, Diagram 3.5 Lighting diffusers Storeys more than 4.5m above ground level Suspended ceilings 4.17, Table 4.2 3.18–3.24 Thermoplastic 4.15–4.16, Diagram 4.1 Upper storeys a maximum of 4.5m above ground Fire resistance Appendix B12 level 3.14–3.17 Layout restrictions Diagrams 4.2 and 4.3, Table 4.2 Requirement B1 page 8 Linings Sheltered housing 0.11 See Internal linings See also Escape routes Live/work units 3.24 Measurement methods Appendix D Definition Appendix A Building dimensions Diagrams D2 to D6 Loadbearing capacity Definition Appendix A Resistance to collapse Appendix B19, Table B3 Floor space factors Table D1 Loadbearing elements of structure Occupant number Appendix D1 to D2 See Elements of structure Travel distance Appendix D3 Lobbies Width Appendix D4 See Protected corridors/lobbies Mechanical ventilation Loft conversions 2.21–2.23 See Ventilation Floors 5.4 Mixed use 0.18–0.19, 3.5, 3.76–3.77 Means of escape 2.21 Air extraction systems 9.10 Compartmentation 0.14–0.15 M N Machine rooms Lifts 3.105 Natural ventilation Maintenance See Ventilation Fire detection and alarm systems 1.14 Notification of work page iv Fire safety 0.6 Notional boundaries 11.5, Diagram 11.3 Management of premises 0.6 Definition Appendix A Mantle shelves O Definition of walls 4.3 Material alteration 1.8–1.9 Oil pipes Material change of use page iii, 10.13 In protected shafts 7.26 Materials and workmanship Offices Independent certification schemes page iii Purpose groups Table 0.1 Regulation 7 pages 76–77 Openable windows Means of escape 2.1–2.23, 3.20–3.24, Diagram 2.1 See Windows Definition Appendix A Opening characteristics Dwellinghouses 2.1–2.23 Doors and doorways 3.94–3.96 More than 4.5m above ground level 2.4–2.9 Provision 2.10–2.17 Upper storeys a maximum of 4.5m above ground level 2.2–2.3 161 Building Regulations 2010 Approved Document B Volume 1, 2019 edition O N L I N E V E R S I O N O N L I N E V E R S I O N Openings Limitations on use 12.5–12.6, Tables 12.2 to 12.3 In cavity barriers 5.24 See also Thermoplastic materials In compartment walls 5.9, 7.6, 7.19–7.20 Platform floors Separating buildings or occupancies 7.19 Excluded from elements of structure 6.2 Minimising 9.24, Table 9.1 Polycarbonate For pipes 9.2–9.5, Diagram 9.2 Rooflights 12.7, Tables 12.1 to 12.3 Into protected shafts 7.29 TP(a) rigid and TP(b) sheet Appendix B13 See also Doors and doorways; Windows Portal frames Other residential use Fire resistance 11.15 Purpose groups Table 0.1 Power supply Escape lighting 3.43 P Protected power circuits 3.46–3.48 Smoke and heat alarms 1.4 Partitions Progressive horizontal evacuation 3.101 Cavity barriers 5.21 Property protection 0.7 Loft conversions 2.21, 2.23 Protected circuits See also Walls Definition Appendix A Performance Protected corridors/lobbies See Fire performance Access for fire service 15.8 Perimeter (of a building) Definition Appendix A Definition Appendix A Escape routes 3.27, 3.33–3.34, 3.37 Phased evacuation 3.101 Protected entrance halls/landings 3.14 Picture rails Air circulation systems 3.23 Definition of walls and ceilings 4.3, 4.6 Definition Appendix A Pipes Multi-storey flats 3.21, Diagram 3.6 Definition Appendix A Single storey flats 3.18 Maximum nominal internal diameter 9.5, Table 9.1 Protected escape routes Openings 9.2–9.5 Cavity barriers 8.5, Diagram 8.1 Penetrating structure Diagram 9.2 Ventilation ducts and flues in 9.16–9.17, In protected shafts 7.26–7.28 Diagrams 9.3 to 9.4 In protected stairways 3.80 Protected power circuits 3.46–3.48 Sleeving 9.5 Protected shafts 7.21–7.29 Pitched roofs Construction 7.23, Diagram 7.1 Treated as wall 11.14 Definition Appendix A Places of special fire hazard Fire resistance Table B3 Compartmentation 7.3 Openings 7.29 Definition Appendix A Pipes for oil or gas in 7.26–7.28 Fire-resisting construction 7.2 Provision 7.22 Insulating core panels in 4.10 Uninsulated glazed screens to 7.24–7.25, Smoke outlets 16.7 Diagram 7.2 Stairs serving 3.75 Ventilation 7.28 Plasterboard Protected stairways 2.9, 3.61–3.64 Test substrates Appendix B9 Access for fire service 15.6–15.7 Plastics Air circulation systems in 2.9, 3.23 PTFE-based materials 4.9 Definition Appendix A Rooflights 4.7, 4.14 Dwellinghouses with floor more than 4.5m above Layout restrictions Diagrams 4.2 to 4.3 ground level 2.5, 2.9, Diagram 2.3 Limitations on extent Table 4.2 Exits from 3.81 Limitations on spacing and size Diagram 12.1 162 Approved Document B Volume 1, 2019 edition Building Regulations 2010 O N L I N E V E R S I O N O N L I N E V E R S I O N External walls adjacent to 3.63–3.64, 11.10, Revolving doors 3.98 Diagram 3.10 Risk Multi-storey flats 3.21 Insurance 0.7 Rooflights of thermoplastic materials 4.14 See also Places of special fire hazard Separation of adjoining 3.70 Rolling shutters 15.12, Appendix C9 Thermoplastic lighting diffusers in ceilings 4.16 Roof coverings Use of space below diffusers or rooflights Table 4.2 External fire spread 12.1–12.9 Use of space within 3.78–3.80 Separation distances for roofs 12.3–12.9, Tables Use of uninsulated glazed elements on escape 12.1–12.3 routes Table B5 Junction of compartment wall with roof 5.11–5.15, Ventilation ducts 9.7 7.15–7.18, Diagram 5.2 Protective barriers Performance classification Table B2 Flat roof forming escape route 3.30 Slates and tiles 5.22 Pumping appliances Thatch 12.9 Fire service vehicle access Table 13.1 Wood shingles 12.9 See also Fire service facilities Rooflights Pumps Area measurement Diagram D3 Sprinkler systems Appendix E6 Definition Appendix A Purpose groups 0.14–0.17 Definition of ceilings 4.6 Classification Table 0.1 Fire resistance 4.7 Definition Appendix A Plastic 4.7, 4.14, 5.12, 12.5–12.7 Minimum periods of fire resistance by purpose Fire resistance Appendix B12 group Table B4 Layout restrictions Diagrams 4.2 to 4.3 PVC Limitations on spacing and size Diagrams 12.1 See uPVC to 12.3 Limitations on use 12.5–12.6, Table 4.2, Tables R","and Diagram 2.3; underside paragraph 8.5 and Diagram 8.3. 19. Duct described in E 30 Not applicable 30 min No provision From outside paragraph 5.24e. 20. Casing around a E 30 Not applicable 30 min No provision From outside drainage system described in Diagram 9.1. 21. Flue walls described EI half the Not applicable Half the period Half the period From outside in Diagram 9.5. period given in given in Table given in Table Table B4 for the B4 for the B4 for the compartment compartment compartment wall/floor wall/floor wall/floor 128 Approved Document B Volume 1, 2019 edition Building Regulations 2010 O N L I N E V E R S I O N O N L I N E V E R S I O N B Table B3 Continued Part of building Minimum Alternative minimum provisions when tested to Type of provisions when the relevant part of BS 476(2) (minutes) exposure tested to the Loadbearing Integrity Insulation relevant European capacity(3) standard (minutes)(1) 22. Construction EI 30 Not applicable 30 min 30 min From described in note (a) underside to paragraph 12.9. 23. Fire doorsets See Table C1 See Table C1 See Appendix C NOTES: 1. BS EN 13501-2 Classification using data from fire resistance tests, excluding ventilation services. BS EN 13501-3 Classification using data from fire resistance tests on products and elements used in building service installations: fire resisting ducts and fire dampers. BS EN 13501-4 Classification using data from fire resistance tests on components of smoke control systems. In the European classification: ‘R’ is the resistance to fire in terms of loadbearing capacity. ‘E’ is the resistance to fire in terms of integrity. ‘I’ is the resistance to fire in terms of insulation. The national classifications do not automatically equate with the alternative classifications in the European column, therefore products cannot typically assume a European class unless they have been tested accordingly. 2. BS 476-20 for general principles, BS 476-21 for loadbearing elements, BS 476-22 for non-loadbearing elements, BS 476-23 for fire-protecting suspended ceilings and BS 476-24 for ventilation ducts. 3. Applies to loadbearing elements only (see paragraph B19). 4. Guidance on increasing the fire resistance of existing timber floors is given in BRE Digest 208. 5. Only if a suspended ceiling meets the appropriate provisions should it be relied on to add to the fire resistance of the floor. 6. Such walls may contain areas that do not need to be fire resisting (unprotected areas). See Section 11. 7. Unless needed as part of a wall in item 5a or 5b. 8. Except for any limitations on uninsulated glazed elements given in Table B5. 129 Building Regulations 2010 Approved Document B Volume 1, 2019 edition O N L I N E V E R S I O N B O N L I N E V E R S I O N Table B4 Minimum periods of fire resistance Purpose group of building Minimum periods of fire resistance(1) (minutes) in a: Basement storey* Ground or upper storey including floor over Depth (m) of the Height (m) of top floor above ground, in a building or lowest basement separated part of a building More than Up to 10 Up to 5 Up to 11 Up to 18 Up to 30 More than 10 30 1. Residential: a. Block of flats – without sprinkler 90 min 60 min 30 min† 60 min+§ Not Not Not system permitted(2) permitted(2) permitted(2) – with sprinkler system(3) 90 min 60 min 30 min† 60 min+§ 60 min+§ 90 min+ 120 min+ b. and c. Dwellinghouse Not 30 min*† 30 min† 60 min(5) 60 min(5) Not Not applicable(4) applicable(4) applicable(4) 2. Residential a. Institutional 90 min 60 min 30 min† 60 min 60 min 90 min 120 min‡ b. Other residential 90 min 60 min 30 min† 60 min 60 min 90 min 120 min‡ 3. Office: – without sprinkler 90 min 60 min 30 min† 60 min 60 min 90 min Not system permitted(6) – with sprinkler system(3) 60 min 60 min 30 min† 30 min† 30 min† 60 min 120 min‡ 4. Shop and commercial: – without sprinkler 90 min 60 min 60 min 60 min 60 min 90 min Not system permitted(6) – with sprinkler system(3) 60 min 60 min 30 min† 60 min 60 min 60 min 120 min‡ 5. Assembly and recreation: – without sprinkler 90 min 60 min 60 min 60 min 60 min 90 min Not system permitted(6) – with sprinkler system(3) 60 min 60 min 30 min† 60 min 60 min 60 min 120 min‡ 6. Industrial: – without sprinkler 120 min 90 min 60 min 90 min 90 min 120 min Not system permitted(6) – with sprinkler system(3) 90 min 60 min 30 min† 60 min 60 min 90 min 120 min‡ 7. Storage and other non- residential: a. any building or part not described elsewhere: – without sprinkler 120 min 90 min 60 min 90 min 90 min 120 min Not system permitted(6) – with sprinkler system(3) 90 min 60 min 30 min† 60 min 60 min 90 min 120 min‡ 130 Approved Document B Volume 1, 2019 edition Building Regulations 2010 O N L I N E V E R S I O N O N L I N E V E R S I O N B Table B4 Continued Purpose group of building Minimum periods of fire resistance(1) (minutes) in a: Basement storey* Ground or upper storey including floor over Depth (m) of the Height (m) of top floor above ground, in a building or lowest basement separated part of a building More than Up to 10 Up to 5 Up to 11 Up to 18 Up to 30 More than 10 30 b. car park for light vehicles: i. open sided car park(7) Not Not 15 min†# 15 min†#(8) 15 min†#(8) 15 min†#(8) 60 min applicable applicable ii. any other car park 90 min 60 min 30 min† 60 min 60 min 90 min 120 min‡ NOTES: For single storey buildings, the periods under the heading ‘Up to 5’ apply. If single storey buildings have basements, for the basement storeys the period appropriate to their depth applies. * For the floor over a basement or, if there is more than one basement, the floor over the topmost basement, the higher of the period for the basement storey and the period for the ground or upper storey applies. † For compartment walls that separate buildings, the period is increased to a minimum of 60 minutes. + For any floor that does not contribute to the support of the building within a flat of more than one storey, the period is reduced to 30 minutes. § For flat conversions, refer to paragraphs 6.5 to 6.7 regarding the acceptability of 30 minutes. ‡ For elements that do not form part of the structural frame, the period is reduced to 90 minutes. # For elements that protect the means of escape, the period is increased to 30 minutes. 1. Refer to note 1, Table B3 for the specific provisions of test. 2. Blocks of flats with a top storey more than 11m above ground level (see Diagram D6) should be fitted with a sprinkler system in accordance with Appendix E. NOTE: Sprinklers should be provided within the individual flats, they do not need to be provided in the common areas such as stairs, corridors or landings when these areas are fire sterile. 3. ‘With sprinkler system’ means that the building is fitted throughout with an automatic sprinkler system in accordance with Appendix E. 4. Very large (with a top storey more than 18m above ground level or with a 10m deep basement) or unusual dwellinghouses are outside the scope of the guidance provided with regard to dwellinghouses. 5. A minimum of 30 minutes in the case of three storey dwellinghouses, increased to 60 minutes minimum for compartment walls separating buildings. 6. Buildings within the ‘office’, ‘shop and commercial’, ‘assembly and recreation’, ‘industrial’ and ‘storage and other non-residential’ (except car parks for light vehicles) purpose groups (purpose groups 3 to 7(a)) require sprinklers where there is a top storey more than 30m above ground level. 7. The car park should comply with the relevant provisions in the guidance on requirement B3, Section 11 of Approved Document B Volume 2. 8. For the purposes of meeting the Building Regulations, the following types of steel elements are deemed to have satisfied the minimum period of fire resistance of 15 minutes when tested to the European test method. i. Beams supporting concrete floors, maximum Hp/A=230m-1 operating under full design load. ii. Free-standing columns, maximum Hp/A=180m-1 operating under full design load. iii. Wind bracing and struts, maximum Hp/A=210m-1 operating under full design load. Guidance is also available in BS EN 1993-1-2. 131 Building Regulations 2010 Approved Document B Volume 1, 2019 edition O N L I N E V E R S I O N B O N L I N E V E R S I O N Application of the fire resistance standards in Table B4 B26 The following guidance should be used when applying the fire resistance standards in Table B4. a. If one element of structure supports or carries or gives stability to another, the fire resistance of the supporting element should be no less than the minimum period of fire resistance for the other element (whether that other element is loadbearing or not). In some circumstances, it may be reasonable to vary this principle, for example: i. if the supporting structure is in the open air and is not likely to be affected by the fire in the building ii. if the supporting structure is in a different compartment, with a fire-separating element (that has the higher standard of fire resistance) between the supporting and the separated structure iii. if a plant room on the roof needs greater fire resistance than the elements of structure that support it. b. If an element of structure forms part of more than one building or compartment, that element should be constructed to the standard of the higher of the relevant provisions. c. If, due to the slope of the ground, one side of a basement is open at ground level (allowing smoke to vent and providing access for firefighting) for elements of structure in that storey it may be appropriate to adopt the standard of fire resistance that applies to above-ground structures. d. Although most elements of structure in a single storey building may not need fire resistance, fire resistance is needed if one of the following applies to the element. i. It is part of, or supports, an external wall, and there is provision in the guidance on requirement B4 to limit the extent of openings and other unprotected areas in the wall. ii. It is part of, or supports, a compartment wall, including a wall that is common to two or more buildings. iii. It supports a gallery. B27 For the purposes of this paragraph, the ground storey of a building that has one or more basement storeys and no upper storeys may be considered as a single storey building. The fire resistance of the basement storeys should be that specified for basements. 132 Approved Document B Volume 1, 2019 edition Building Regulations 2010 O N L I N E V E R S I O N O N L I N E V E R S I O N B Table B5 L imitations on the use of uninsulated glazed elements on escape routes. These limitations do not apply to glazed elements that satisfy the relevant insulation criterion, see Table B3 Position of glazed element Maximum total glazed area in parts of a building with access to: A single stair More than one stair Walls Door leaf Walls Door leaf Flats 1. Within the enclosures of a protected Fixed fanlights Unlimited Fixed fanlights Unlimited entrance hall or protected landing, or only above 1100mm only above 1100mm within fire resisting separation shown in from floor from floor Section 3, Diagram 3.4. Dwellinghouses 2. Within either: Unlimited Unlimited Unlimited Unlimited above 1100mm above 1100mm a. the enclosures of a protected stairway from floor or from floor or b. fire resisting separation shown in pitch of the pitch of the Diagram 2.2. stair stair 3. Within fire resisting separation either: Unlimited Unlimited Unlimited Unlimited above 100mm above 100mm above 100mm above 100mm a. shown in Diagram 2.4 from floor from floor from floor from floor b. described in paragraph 2.16b. 4. Existing window between an attached/ Unlimited Not applicable Unlimited Not applicable integral garage and the dwellinghouse. 5. Adjacent to an external escape stair (see Unlimited Unlimited Unlimited Unlimited paragraph 2.17 and Diagram 2.7) or roof escape route (see paragraph 2.13). General (except dwellinghouses) 6. Between residential/sleeping Nil Nil Nil Nil accommodation and a common escape route (corridor, lobby or stair). 7. Between a protected stairway(1) and either: Nil 25% of door Unlimited 50% of door area above area a. the accommodation 1100mm(2) b. a corridor that is not a protected corridor other than in item 6 above. 8. Between either: Unlimited Unlimited Unlimited Unlimited above 1100mm above 100mm above 100mm above 100mm a. a protected stairway(1) and a protected from floor from floor from floor from floor lobby or protected corridor b. accommodation and a protected lobby other than in item 6 above. 9. Between the accommodation and a Unlimited Unlimited Unlimited Unlimited protected corridor that forms a dead end, above 1100mm above 100mm above 1100mm above 100mm other than in item 6 above. from floor from floor from floor from floor 10. Between accommodation and any other Not applicable Not applicable Unlimited Unlimited corridor, or sub-dividing corridors, other above 100mm above 100mm than in item 6 above. from floor from floor 11. Beside an external escape route. Unlimited Unlimited Unlimited Unlimited above 1100mm above 1100mm above 1100mm above 1100mm from floor from floor from floor from floor 133 Building Regulations 2010 Approved Document B Volume 1, 2019 edition O N L I N E V E R S I O N B O N L I N E V E R S I O N Table B5 Continued Position of glazed element Maximum total glazed area in parts of a building with access to: A single stair More than one stair Walls Door leaf Walls Door leaf 12. Beside an external escape stair (see Unlimited Unlimited Unlimited Unlimited paragraph 3.68 and Diagram 3.11) or roof escape route (see paragraph 3.30). NOTES: Items 1 and 8 apply also to single storey buildings. Fire resisting glass should be marked with the name of the manufacturer and the name of the product. Further guidance can be found in A Guide to Best Practice in the Specification and Use of Fire-resistant Glazed Systems published by the Glass and Glazing Federation. 1. If the protected stairway is also a protected shaft or a firefighting stair (see Section 15), there may be further restrictions on the use of glazed elements. 2. Measured vertically from the landing floor level or the stair pitch line. 3. The 100mm limit is intended to reduce the risk of fire spreading from a floor covering. 134 Approved Document B Volume 1, 2019 edition Building Regulations 2010 O N L I N E V E R S I O N O N L I N E V E R S I O N C Appendix C: Fire doorsets C1 All fire doorsets should have the performance shown in Table C1, based on one of the following. a. Fire resistance in terms of integrity, for a period of minutes, when tested to BS 476-22, e.g. FD 30. A suffix (S) is added for doorsets where restricted smoke leakage at ambient temperatures is needed. b. As determined with reference to Commission Decision 2000/367/EC regarding the classification of the resistance to fire performance of construction products, construction works and parts thereof. All fire doorsets should be classified in accordance with BS EN 13501-2, tested to the relevant European method from the following. i. BS EN 1634-1. ii. BS EN 1634-2. iii. BS EN 1634-3. c. As determined with reference to European Parliament and Council Directive 95/16/EC (which applies to lifts that permanently serve buildings and constructions and specified safety components) on the approximation of laws of Member States relating to lifts (‘Lifts Directive’) implementing the Lifts Regulations 1997 (SI 1997/831) and calling upon the harmonised standard BS EN 81-58. C2 The performance requirement is in terms of integrity (E) for a period of minutes. An additional classification of S is used for all doors where restricted smoke leakage at ambient temperatures is a needed. C3 The requirement is for test exposure from each side of the doorset separately. The exception is lift doors, which are tested from the landing side only. C4 Any test evidence used to verify the fire resistance rating of a doorset or shutter should be checked to ensure both of the following. a. It adequately demonstrates compliance. b. It is applicable to the complete installed assembly. Small differences in detail may significantly affect the rating. Until relevant harmonised product standards are published, for the purposes of meeting the Building Regulations, products tested in accordance with BS EN 1634-1 (with or without pre-fire test mechanical conditioning) that achieve the minimum performance in Table C1 will be deemed to satisfy the provisions. C5 All fire doorsets, including to flat entrances and between a dwellinghouse and an integral garage, should be fitted with a self-closing device, except for all of the following. a. Fire doorsets to cupboards. b. Fire doorsets to service ducts normally locked shut. c. Fire doorsets within flats and dwellinghouses. 135 Building Regulations 2010 Approved Document B Volume 1, 2019 edition O N L I N E V E R S I O N C O N L I N E V E R S I O N C6 If a self-closing device would be considered to interfere with the normal approved use of the building, self-closing fire doors may be held open by one of the following. a. A fusible link, but not if the doorset is in an opening provided as a means of escape unless it complies with paragraph C7. b. An automatic release mechanism activated by an automatic fire detection and alarm system. c. A door closer delay device. C7 Two fire doorsets may be fitted in the same opening if each door is capable of closing the opening, so the total fire resistance is the sum of their individual resistances. If the opening is provided as a means of escape, both fire doorsets should be self-closing. If one fire doorset is capable of being easily opened by hand and has a minimum of 30 minutes’ fire resistance, the other fire doorset should comply with both of the following. a. Be fitted with an automatic self-closing device. b. Be held open by a fusible link. C8 Fire doorsets often do not provide any significant insulation. Unless providing both integrity and insulation in accordance with Appendix B, Table B3, a maximum of 25% of the length of a compartment wall should consist of door openings. Where it is practicable to maintain a clear space on both sides of the doorway, the above percentage may be greater. C9 Rolling shutters should be capable of manual opening and closing for firefighting purposes (see Section 15). Rolling shutters across a means of escape should only be released by a heat sensor, such as a fusible link or electric heat detector, in the immediate vicinity of the door. Unless a shutter is also intended to partially descend as part of a boundary to a smoke reservoir, shutters across a means of escape should not be closed by smoke detectors or a fire alarm system. C10 Unless shown to be satisfactory when tested as part of a fire doorset assembly, the essential components of any hinge on which a fire door is hung should be made entirely from materials that have a minimum melting point of 800°C. C11 Except for doorsets listed in paragraph C12, all fire doorsets should be marked with one of the following fire safety signs, complying with BS 5499-5, as appropriate. a. To be kept closed when not in use – mark ‘Fire door keep shut’. b. To be kept locked when not in use – mark ‘Fire door keep locked shut’. c. Held open by an automatic release mechanism or free swing device – mark ‘Automatic fire door keep clear’. All fire doorsets should be marked on both sides, except fire doorsets to cupboards and service ducts, which should be marked on the outside. C12 The following fire doorsets are not required to comply with paragraph C11. a. Doors to and within flats and dwellinghouses. b. Bedroom doors in ‘residential (other)’ (purpose group 2(b)) premises. c. Lift entrance/landing doors. 136 Approved Document B Volume 1, 2019 edition Building Regulations 2010 O N L I N E V E R S I O N O N L I N E V E R S I O N C C13 The performance of some doorsets set out in Table C1 is linked to the minimum periods of fire resistance for elements of structure given in Tables B3 and B4. Limitations on the use of uninsulated glazing in fire doorsets are given in Table B5. C14 Recommendations for the specification, design, construction, installation and maintenance of fire doorsets constructed with non-metallic door leaves are given in BS 8214. Guidance on timber fire resisting doorsets, in relation to the new European test standard, may be found in Timber Fire Resisting Doorsets: Maintaining Performance Under the New European Test Standard published by the Timber Research and Development Association (TRADA). Guidance for metal doors is given in Code of Practice for Fire Resisting Metal Doorsets published by the Door and Shutter Manufacturers’ Association (DSMA). C15 Hardware used on fire doors can significantly affect their performance in a fire. Notwithstanding the guidance in this approved document, guidance is available in Hardware for Fire and Escape Doors published by the Door and Hardware Federation (DHF) and Guild of Architectural Ironmongers (GAI). Table C1 Provisions for fire doorsets Position of door Minimum fire resistance of door Minimum fire resistance of in terms of integrity (minutes) door in terms of integrity when tested to the relevant (minutes) when tested to European standard(1) BS 476-22 1. In a compartment wall separating buildings Same as for the wall in which Same as for the wall in which the door is fitted, but a the door is fitted, but a minimum of 60 minutes minimum of 60 minutes 2. In a compartment wall: a. if it separates a flat from a space in E 30 S(2) FD 30 S(2) a common use b. enclosing a protected shaft forming E 30 S(2) FD 30 S(2) a a stairway wholly or partly above the adjoining ground in a building used for flats, other residential, assembly and recreation, or office purposes c. enclosing a protected shaft forming a Half the period of fire Half the period of fire stairway not described in (b) above resistance of the wall in which resistance of the wall in it is fitted, but 30 minutes which it is fitted, but 30 minimum and with suffix S(2) minutes minimum and with a suffix S(2) d. enclosing a protected shaft forming a lift Half the period of fire Half the period of fire or service shaft resistance of the wall in which resistance of the wall in it is fitted, but 30 minutes which it is fitted, but 30 minimum minutes minimum e. not described in (a), (b), (c) or (d) above. Same as for the wall in which Same as for the wall in which it is fitted, but add S(2) if the it is fitted, but add S(2) if the a door is used for progressive door is used for progressive horizontal evacuation under the horizontal evacuation under guidance to requirement B1 the guidance to requirement B1 3. In a compartment floor Same as for the floor in which Same as for the floor in it is fitted which it is fitted 137 Building Regulations 2010 Approved Document B Volume 1, 2019 edition O N L I N E V E R S I O N C O N L I N E V E R S I O N Table C1 Continued Position of door Minimum fire resistance of door Minimum fire resistance of in terms of integrity (minutes) door in terms of integrity when tested to the relevant (minutes) when tested to European standard(1) BS 476-22 4. Forming part of the enclosures of: a. a protected stairway (except as described E 30 S(2) FD 30 S(2) a in item 9 or 11(b) below) b. a lift shaft (see paragraph 3.99b) that does E 30 FD 30 not form a protected shaft in 2(b), (c) or (d) above. 5. Forming part of the enclosure of: a. a protected lobby approach (or protected E 30 S(2) FD 30 S(2) a corridor) to a stairway b. any other protected corridor E 20 S(2) FD 20 S(2) a c. a protected lobby approach to a lift shaft E 30 S(2) FD 30 S(2) a (paragraphs 3.102 to 3.104). 6. Giving access to an external escape route E 30 FD 30 7. Sub-dividing: a. corridors connecting alternative exits E 20 S(2) FD 20 S(2) a b. dead-end portions of corridors from the E 20 S(2) FD 20 S(2) a remainder of the corridor. 8. Any door within a cavity barrier E 30 FD 30 9. Any door that forms part of the enclosure E 20 FD 20 to a protected entrance hall or protected landing in a flat 10. Any door that forms part of the enclosure: a. to a place of special fire hazard E 30 FD 30 b. to ancillary accommodation in care homes E 30 FD 30 (see paragraph 2.44 in Approved Document B Volume 2). 11. In a dwellinghouse: a. between a dwellinghouse and a garage E 30 S(2) FD 30 S(2) a b. forming part of the enclosures to a E 20 FD 20 protected stairway in a single family dwellinghouse c. within any fire resisting construction in a E 20 FD 20 dwellinghouse not described elsewhere in this table. NOTES: 1. Classified in accordance with BS EN 13501-2. National classifications do not necessarily equate with European classifications, therefore products cannot typically assume a European class unless they have been tested accordingly. 2. Unless pressurisation techniques that comply with BS EN 12101-6 are used, these doors should also comply with one of the following conditions. a. Have a leakage rate not exceeding 3m3/m/hour (from head and jambs only) when tested at 25Pa under BS 476-31.1. b. Meet the additional S classification when tested to BS EN 1634-3. a 138 Approved Document B Volume 1, 2019 edition Building Regulations 2010 O N L I N E V E R S I O N O N L I N E V E R S I O N D Appendix D: Methods of measurement Occupant number D1 The number of occupants of a room, storey, building or part of a building is either of the following. a. The maximum number of people it is designed to hold. b. In buildings other than dwellings, the number of people calculated by dividing the area of a room or storey(s) (m2) by a floor space factor (m2 per person) such as given in Table D1 for guidance. D2 Counters and display units should be included when measuring area. All of the following should be excluded. a. Stair enclosures. b. Lifts. c. Sanitary accommodation. d. Any other fixed part of the building structure. 139 Building Regulations 2010 Approved Document B Volume 1, 2019 edition O N L I N E V E R S I O N D O N L I N E V E R S I O N Table D1 Floor space factors(1) Type of accommodation(2)(3) Floor space factor (m2/person) 1. Standing spectator areas, bar areas (within 2m of serving point), similar 0.3 refreshment areas 2. Amusement arcade, assembly hall (including a general purpose place of 0.5 assembly), bingo hall, club, crush hall, dance floor or hall, venue for pop concerts and similar events and bar areas without fixed seating 3. Concourse or queuing area(4) 0.7 4. Committee room, common room, conference room, dining room, licensed 1.0 betting office (public area), lounge or bar (other than in (1) above), meeting room, reading room, restaurant, staff room or waiting room(5) 5. Exhibition hall or studio (film, radio, television, recording) 1.5 6. Skating rink 2.0 7. Shop sales area(6) 2.0 8. Art gallery, dormitory, factory production area, museum or workshop 5.0 9. Office 6.0 10. Shop sales area(7) 7.0 11. Kitchen or library 7.0 12. Bedroom or study-bedroom 8.0 13. Bed-sitting room, billiards or snooker room or hall 10.0 14. Storage and warehousing 30.0 15. Car park Two persons per parking space NOTES: 1. A s an alternative to using the values in the table, the floor space factor may be determined by reference to actual data taken from similar premises. Where appropriate, the data should reflect the average occupant density at a peak trading time of year. 2. W here accommodation is not directly covered by the descriptions given, a reasonable value based on a similar use may be selected. 3. W here any part of the building is to be used for more than one type of accommodation, the most onerous factor(s) should be applied. Where the building contains different types of accommodation, the occupancy of each different area should be calculated using the relevant space factor. 4. F or detailed guidance on appropriate floor space factors for concourses in sports grounds refer to Concourses published by the Football Licensing Authority. 5. A lternatively the occupant number may be taken as the number of fixed seats provided, if the occupants will normally be seated. 6. S hops excluding those under item 10, but including: supermarkets and department stores (main sales areas), shops for personal services, such as hairdressing, and shops for the delivery or collection of goods for cleaning, repair or other treatment or for members of the public themselves carrying out such cleaning, repair or other treatment. 7. S hops (excluding those in covered shopping complexes but including department stores) trading predominantly in furniture, floor coverings, cycles, prams, large domestic appliances or other bulky goods, or trading on a wholesale self-selection basis (cash and carry). 140 Approved Document B Volume 1, 2019 edition Building Regulations 2010 O N L I N E V E R S I O N O N L I N E V E R S I O N D Travel distance D3 Travel distance is measured as the shortest route. Both of the following should be observed. a. If there is fixed seating or other fixed obstructions, the shortest route is along the centre line of the seatways and gangways. b. If the route includes a stair, the shortest route is along the pitch line on the centre line of travel. Width D4 Width is measured according to the following. a. For a door (or doorway), the clear width when the door is open (Diagram D1). b. For an escape route, either of the following. i. When the route is defined by walls: the width at 1500mm above finished floor level. ii. Elsewhere: the minimum width of passage available between any fixed obstructions. c. For a stair, the clear width between the walls or balustrades. On escape routes and stairs, handrails and strings intruding into the width by a maximum of 100mm on each side may be ignored. Rails used for guiding a stair-lift may be ignored, but it should be possible to park the lift’s chair or carriage in a position that does not obstruct the stair or landing. Effective clear Effective clear width (door stop width (door stop to to projecting door leaf) ironmongery) Diagram D1 M easurement of door width 141 Building Regulations 2010 Approved Document B Volume 1, 2019 edition O N L I N E V E R S I O N D O N L I N E V E R S I O N Building dimensions In every case measure the volume contained by all of the following. a. Under surface of roof. Internal wall Internal wall or partition or partition b. Upper surface of lowest floor. Enclosing wall Enclosing wall Compartment floor c. Inner surface of Compartment wall enclosing walls. When there is not an outer enclosing wall, measure to the outermost edge of the a. Cubic capacity of a building b. Cubic capacity of compartments floor slab. or separated part of a building The measured volume should include internal walls and partitions. Diagram D2 C ubic capacity a. Surface area: roofs and rooflights In each case measure the visible area Measure from Lowest point If a hipped roof, Roof sheeting outermost point of of roof slope measure to outermost roof at eaves or verge at eaves point of roof at base area If a lean-to roof, Outermost measure from the Highest point point Rooflight face of wall to the of roof slope of roof outermost point of roof Section Section Elevation Section i. Flat or monopitch roof ii. Double pitch roof iii. Rooflight b. Floor area: c. Floor area: Room, garage, conservatory or outbuilding, Storey, part or compartment, measure to inner surface of enclosing walls measure to inner surface of enclosing walls and include internal walls and partitions When there is not an outer enclosing wall, measure to the outermost edge of the floor slab Diagram D3 Area 142 Approved Document B Volume 1, 2019 edition Building Regulations 2010 O N L I N E V E R S I O N O N L I N E V E R S I O N D Highest point Highest point of Highest point of roof slope parapet (including of roof slope coping) Equal Mean roof level Mean roof Equal Lowest point level of roof slope Height of building a b Highest level Top level of ground of gutter adjacent to Mean ground Mean ground outside walls level level Use height a or b, whichever is greater Lowest level a. Double pitch roof b. Mansard type roof of ground adjacent to outside walls Highest point of roof slope Equal Mean roof level Lowest point of roof slope Height of building Highest level of ground adjacent to Mean ground outside walls level Lowest level c. Flat or monopitch roof of ground adjacent to outside walls Diagram D4 Height of building 143 Building Regulations 2010 Approved Document B Volume 1, 2019 edition O N L I N E V E R S I O N D O N L I N E V E R S I O N Building three storeys Second To count the number of storeys in a building, floor or in a separated part of a building, count only at the position which gives the greatest number and First exclude any basement storeys. floor Ground floor Basement Separated part three storeys Separated part two storeys Second floor Compartment NOTES: wall First 1 . In assembly buildings (purpose group 5), a gallery floor is included as a storey, but not if it is a loading gallery, fly gallery, stage grid, lighting bridge, or any gallery Ground provided for similar purposes, or for maintenance and floor repair. 2 . In other purpose group buildings, galleries are not Basement counted as a storey. 3 . For the definition of basement, see Appendix A. Diagram D5 Number of storeys Plant Roof Height of top storey excludes roof-top plant areas and any top storeys consisting exclusively Height of top of plant rooms storey measured from upper floor surface of top floor to ground level on lowest side of building Diagram D6 Height of top storey in building 144 Approved Document B Volume 1, 2019 edition Building Regulations 2010 O N L I N E V E R S I O N O N L I N E V E R S I O N D Free area of smoke ventilators D5 The free area of a smoke ventilator should be measured by either of the following. a. The declared aerodynamic free area in accordance with BS EN 12101-2. b. The total unobstructed cross-sectional area (geometric free area), measured in the plane where the area is at a minimum and at right angles to the direction of air flow (Diagram D7). a. b. Free area Free area for louvred measured at vent = a+a+a+a+a 1 2 3 4 5 right angles to air flow a a a a a 1 2 3 4 5 90° Diagram D7 Free area of smoke ventilators 145 Building Regulations 2010 Approved Document B Volume 1, 2019 edition O N L I N E V E R S I O N E O N L I N E V E R S I O N Appendix E: Sprinklers Sprinkler systems E1 Sprinkler systems installed in buildings can reduce the risk to life and significantly reduce the degree of damage caused by fire within a building. E2 Further recommendations for the provision of sprinklers are provided in the following sections: Volume 1 – Dwellings Functional Paragraph Title requirement B1 2.6 Dwellinghouses with two or more storeys more than 4.5m above ground level B1 2.23 Loft conversions B1 3.21 Internal planning of multi-storey flats B3 Table B4 Minimum periods of fire resistance B3 7.4 Sprinklers B4 11.15 Unprotected areas and fire resistance – portal frames B4 11.21 Methods for calculating acceptable unprotected area – sprinkler systems B5 15.7 Provision of firefighting shafts Volume 2 – Buildings other than dwellings Functional Paragraph Title requirement B1 2.46 Residential care homes – sprinkler systems B1 3.21 Width of escape stairs – phased evacuation B1 5.46 Shop store rooms B3 7.7 Raised storage areas B3 Table 8.1 Maximum dimensions of building or compartment B3 Table B4 Minimum periods of fire resistance B3 8.14 Sprinklers B4 13.16 Unprotected areas and fire resistance – portal frames B4 13.22 Methods for calculating acceptable unprotected area – sprinkler systems B5 17.8 Location of firefighting shafts B5 18.11 Provision of smoke outlets – mechanical smoke extract 146 Approved Document B Volume 1, 2019 edition Building Regulations 2010 O N L I N E V E R S I O N O N L I N E V E R S I O N E Design of sprinkler systems E3 Where required, sprinkler systems should be provided throughout the building or separated part, unless acting as a compensatory feature to address a specific risk. They should be designed and installed in accordance with the following. a. For residential buildings, the requirements of BS 9251. b. For non-residential buildings, or residential buildings outside the scope of BS 9251, the requirements of BS EN 12845, including the relevant hazard classification together with additional measures to improve system reliability and availability as described in Annex F of the standard. NOTE: Any sprinkler system installed to satisfy the requirements of Part B of the Building Regulations should be provided with additional measures to improve system reliability and availability and is therefore to be regarded as a life safety system. However, there may be some circumstances in which additional measures to improve system reliability and availability specified in Annex F of BS EN 12845 are inappropriate or unnecessary. E4 If the provisions in a building vary from those in this document, sprinkler protection can also sometimes be used as a compensatory feature. BS 9251 makes additional recommendations when sprinklers are proposed as compensatory features. Water supplies and pumps E5 For non-residential sprinkler systems designed and installed to BS EN 12845, water supplies should consist of either of the following. a. Two single water supplies complying with clause 9.6.1, independent of each other. b. Two stored water supplies meeting all of the following conditions. i. Gravity or suction tanks should satisfy all the requirements of clause 9.6.2(b), other than capacity. ii. Any pump arrangements should comply with clause 10.2. iii. In addition to meeting the requirements for inflow, either of the following should apply. • The capacity of each tank should be at least half the specified minimum water volume of a single full capacity tank, appropriate to the hazard. • One tank should be at least equivalent to half the specified water volume of a single full capacity tank, and the other shall not be less than the minimum volume of a reduced capacity tank (see clause 9.3.4) appropriate to the hazard. The total capacity of the water supply in (iii), including any inflow for a reduced capacity tank, should be at least that of a single full holding capacity tank that complies with Table 9, Table 10 or clause 9.3.2.3, as appropriate to the hazard and pipework design. E6 For the systems described in paragraph E5, both of the following apply if pumps are used to draw water from two tanks. a. Each pump should be able to draw water from either tank. b. Any one pump, or either tank, should be able to be isolated. The sprinkler water supplies should not be used as connections for other services or other fixed firefighting systems. 147 Building Regulations 2010 Approved Document B Volume 1, 2019 edition O N L I N E V E R S I O N F O N L I N E V E R S I O N Appendix F: Standards referred to European Standards BS EN 1634 Fire resistance and smoke control tests for door and shutter assemblies, openable windows NOTE: All the British and European Standards can and elements of building hardware be purchased at the following address: https:// BS EN 1634-1 Fire resistance test for door and shop.bsigroup.com/. Alternatively access to the shutter assemblies and openable windows [2014 British and European Standards may be gained at + A1 2018] public reference libraries. BS EN 1634-2 Fire resistance characterisation test BS EN 54 Fire detection and fire alarm systems for elements of building hardware [2008] BS EN 54-7 Smoke detectors. Point smoke BS EN 1634-3 Smoke control test for door and detectors that operate using scattered light, shutter assemblies [2004] transmitted light or ionization [2018] BS EN 1993-1-2 Eurocode 3. Design of steel BS EN 54-11 Manual call points [2001] structures. General rules. Structural fire design BS EN 81 Safety rules for the construction and [2005] installation of lifts BS ISO 3864-1 Graphical symbols. Safety colours BS EN 81-20 Lifts for the transport of persons and safety signs. Design principles for safety signs and goods. Passenger and goods passenger lifts and safety markings [2011] [2014] BS EN 12101 Smoke and heat control systems BS EN 81-58 Examination and tests. Landing BS EN 12101-2 Natural smoke and heat exhaust doors fire resistance test [2018] ventilators [2017] BS EN 81-72 Particular applications for passenger BS EN 12101-3 Specification for powered smoke and goods passenger lifts. Firefighters lifts [2015] and heat control ventilators (Fans) [2015] BS EN ISO 306 Plastics. Thermoplastic materials. BS EN 12101-6 Specification for pressure Determination of Vicat softening temperature (VST) differential systems. Kits [2005] [2013] BS EN 12845 Fixed firefighting systems. Automatic BS EN 520 Gypsum plasterboards. Definitions, sprinkler systems. Design, installation and requirements and test methods [2004 + A1 2009] maintenance [2015] BS EN 1125 Building hardware. Panic exit devices BS EN 13238 Reaction to fire tests for building operated by a horizontal bar, for use on escape products. Conditioning procedures and general routes. Requirements and test methods [2008] rules for selection of substrates [2010] BS EN 1155 Building hardware. Electrically powered BS EN 13501 Fire classification of construction hold-open devices for swing doors. Requirements products and building elements and test methods [1997] BS EN 13501-1 Classification using data from BS EN 1366 Fire resistance tests for service reaction to fire tests [2018] installations BS EN 13501-2 Classification using data from fire BS EN 1366-2 Fire dampers [2015] resistance tests, excluding ventilation services BS EN 1366-8 Smoke extraction ducts [2004] [2016] 148 Approved Document B Volume 1, 2019 edition Building Regulations 2010 O N L I N E V E R S I O N O N L I N E V E R S I O N F BS EN 13501-3 Classification using data from fire British Standards resistance tests on products and elements used in building service installations: fire resisting BS 476 Fire tests on building materials and ducts and fire dampers [2005 + A1 2009] structures BS EN 13501-4 Classification using data from BS 476-3 Classification and method of test for fire resistance tests on components of smoke external fire exposure to roofs [2004] control systems [2016] BS 476-6 Method of test for fire propagation for BS EN 13501-5 Classification using data from products [1989 + A1 2009] external fire exposure to roof tests [2016] BS 476-7 Method of test to determine the BS EN 14306 Thermal insulation products for classification of the surface spread of flame of building equipment and industrial installations. products [1997] Factory made calcium silicate (CS) products. BS 476-8 Test methods and criteria for the fire Specification [2015] resistance of elements of building construction BS EN 14604 Smoke alarm devices [2005] [1972] BS EN 15102 Decorative wall coverings. Roll and BS 476-11 Method for assessing the heat panel form [2007 + A1 2011] emission from building materials [1982] BS EN 15650 Ventilation for buildings. Fire dampers BS 476-20 Method for determination of the fire [2010] resistance of elements of construction (general principles) [1987] BS EN 15725 Extended application reports on the fire performance of construction products and BS 476-21 Methods for determination of the building elements [2010] fire resistance of loadbearing elements of construction [1987] BS EN 50200 Method of test for resistance to fire of unprotected small cables for use in emergency BS 476-22 Methods for determination of the circuits [2015] fire resistance of non-loadbearing elements of construction [1987] BS 476-23 Methods for determination of the contribution of components to the fire resistance of a structure [1987] BS 476-24 Method for determination of the fire resistance of ventilation ducts [1987] BS 476-31.1 Methods for measuring smoke penetration through doorsets and shutter assemblies. Method of measurement under ambient temperature conditions [1983] BS 2782-0 Methods of testing. Plastics. Introduction [2011] BS 3251 Specification. Indicator plates for fire hydrants and emergency water supplies [1976] BS 4422 Fire. Vocabulary [2005] BS 4514 Unplasticized PVC soil and ventilating pipes of 82.4mm minimum mean outside diameter, and fittings and accessories of 82.4mm and of other sizes. Specification [2001] 149 Building Regulations 2010 Approved Document B Volume 1, 2019 edition O N L I N E V E R S I O N F O N L I N E V E R S I O N BS 5255 Specification for thermoplastics waste pipe BS 7157 Method of test for ignitability of fabrics and fittings [1989] used in the construction of large tented structures [1989] BS 5266-1 Emergency lighting. Code of practice for the emergency lighting of premises [2016] BS 7273 Code of practice for the operation of fire protection measures BS 5395-2 Stairs, ladders and walkways. Code of practice for the design of helical and spiral stairs BS 7273-4 Actuation of release mechanisms for [1984] doors [2015] BS 5438 Methods of test for flammability of textile BS 7346-7 Components for smoke and heat fabrics when subjected to a small igniting flame control systems. Code of practice on functional applied to the face or bottom edge of vertically recommendations and calculation methods for oriented specimens [1989] smoke and heat control systems for covered car parks [2013] BS 5446-2 Fire detection and fire alarm devices for dwellings. Specification for heat alarms [2003] BS 7974 Application of fire safety engineering principles to the design of buildings. Code of BS 5499 Graphical symbols and signs practice [2019] BS 5499-4 Safety signs. Code of practice for BS 8214 Timber-based fire door assemblies. Code of escape route signing [2013] practice [2016] BS 5499-5 Safety signs, including fire safety BS 8313 Code of practice for accommodation of signs. Signs with specific safety meanings [2002] building services in ducts [1997] BS 5839 Fire detection and fire alarm systems for BS 8414 Fire performance of external cladding systems buildings BS 8414-1 Test method for non-loadbearing BS 5839-1 Code of practice for system design, external cladding systems applied to the installation, commissioning and maintenance of masonry face of a building [2015 + A1 2017] systems in non-domestic premises [2017] BS 8414-2 Test method for non-loadbearing BS 5839-2 Specification for manual call points external cladding systems fixed to and [1983] supported by a structural steel frame [2015 + A1 BS 5839-3 Specification for automatic release 2017] mechanisms for certain fire protection BS 8519 Selection and installation of fire-resistant equipment [1988] power and control cable systems for life safety and BS 5839-6 Code of practice for the design, fire-fighting applications. Code of practice [2010] installation, commissioning and maintenance BS 9251 Fire sprinkler systems for domestic and of fire detection and fire alarm systems in residential occupancies. Code of practice [2014] domestic premises [2019] BS 9252 Components for residential sprinkler BS 5839-8 Code of practice for the design, systems. Specification and test methods for installation, commissioning and maintenance of residential sprinklers [2011] voice alarm systems [2013] BS 9990 Non automatic fire-fighting systems in BS 5839-9 Code of practice for the design, buildings. Code of practice [2015] installation, commissioning and maintenance of emergency voice communication systems [2011] BS 9991 Fire safety in the design, management and use of residential buildings. Code of practice [2015] BS 5867-2 Fabrics for curtains and drapes. Flammability requirements. Specification [2008] BS 9999 Fire safety in the design, management and use of buildings. Code of practice [2017] BS 5906 Waste management in buildings. Code of practice [2005] 150 Approved Document B Volume 1, 2019 edition Building Regulations 2010 O N L I N E V E R S I O N O N L I N E V E R S I O N G Appendix G: Documents referred to Legislation Other documents (available via www.legislation.gov.uk) Publications Education Act 1996 Association for Specialist Fire Protection (ASFP) Gas Safety (Installation and Use) Regulations 1998 (www.asfp.org.uk) (SI 1998/2451) ASFP Red Book – Fire-Stopping: Linear Joint Seals, Lifts Regulations 1997 (SI 1997/831) Penetration Seals and Cavity Barriers, Pipelines Safety Regulations 1996 (SI 1996/825) Fourth Edition Prison Act 1952 ASFP Grey Book – Volume 1: Fire Dampers (European Standards), Second Edition Safety of Sports Grounds Act 1975 ASFP Blue Book British Standard version – Fire Regulatory Reform (Fire Safety) Order 2005 Resisting Ductwork, Tested to BS 476 Part 24, (SI 2005/1541) Third Edition Commission Decision 2000/367/EC of 3 May 2000 ASFP Blue Book European version – Fire Resisting implementing Council Directive 89/106/EEC Ductwork, Classified to BS EN 13501 Parts 3 and 4, Commission Decision 2000/553/EC of 6 September First Edition 2000 implementing Council Directive 89/106/EEC Ensuring Best Practice for Passive Fire Protection in European Parliament and Council Directive 95/16/ Buildings, Second Edition [2014] EC Building Research Establishment Limited (BRE) (www.bre.co.uk) BRE report (BR 135) Fire Performance of External Thermal Insulation for Walls of Multi-storey Buildings, Third Edition [2013] BRE report (BR 187) External Fire Spread: Building Separation and Boundary Distances, Second Edition [2014] BRE Digest 208 Increasing the Fire Resistance of Existing Timber Floors [1988] BRE report (BR 274) Fire Safety of PTFE-based Materials Used in Buildings [1994] 151 Building Regulations 2010 Approved Document B Volume 1, 2019 edition O N L I N E V E R S I O N G O N L I N E V E R S I O N Department for Communities and Local Health and Safety Executive (HSE) Government (www.hse.gov.uk) (www.gov.uk/government/publications/fire- Safety Signs and Signals: The Health and Safety performance-of-green-roofs-and-walls) Regulations 1996. Guidance on Regulations, L64 Fire Performance of Green Roofs and Walls [2013] [2015] Department for Education HM Prison and Probation Service (HMPPS) (www.dfes.gov.uk) (www.hmppsintranet.org.uk/uploads/ HMPPSFireSafetyDesignGuide.pdf) Building Bulletin (BB) 100: Design for Fire Safety in Schools [2007] Custodial Premises Fire Safety Design Guide Department of Health Passive Fire Protection Federation (PFPF) (www.dh.gov.uk) (http://pfpf.org/pdf/publications/guide_to_ uailoft.pdf) Health Technical Memorandum (HTM) 05-02: Firecode. Guidance in Support of Functional Guide to Undertaking Assessments in Lieu of Fire Provisions (Fire Safety in the Design of Healthcare Tests [2000] Premises) [2015] Sports Grounds Safety Authority HTM 88: Guide to Fire Precautions in NHS Housing (https://sgsa.org.uk/) in the Community for Mentally Handicapped (or Guide to Safety at Sports Grounds [2007] Mentally Ill) People Steel Construction Institute (SCI) Door and Hardware Federation (DHF) and Guild (https://steel-sci.com) of Architectural Ironmongers (GAI) (www.firecode.org.uk) SCI Publication P288 Fire Safe Design: A New Approach to Multi-storey Steel-framed Buildings, Hardware for Fire and Escape Doors [2012] Second Edition [2006] Door and Shutter Manufacturers’ Association SCI Publication P313 Single Storey Steel Framed (DSMA) Buildings in Fire Boundary Conditions [2002] (www.dhfonline.org.uk) Code of Practice for Fire Resisting Metal Doorsets Timber Research and Development Associations [2010] (TRADA) (www.trada.co.uk) Fire Protection Association (FPA) Timber Fire Resisting Doorsets: Maintaining (www.thefpa.co.uk) Performance under the New European Test Standard RISCAuthority Design Guide for the Fire Protection [2002] of Buildings [2005] Football Licensing Authority (www.flaweb.org.uk/home.php) Concourses [2006] Glass and Glazing Federation (GGF) (www.ggf.org.uk) A Guide to Best Practice in the Specification and Use of Fire-resistant Glazed Systems [2011] 152 Approved Document B Volume 1, 2019 edition Building Regulations 2010 O N L I N E V E R S I O N O N L I N E V E R S I O N Index A Alternative supply of water 14.12–14.13 Ancillary accommodation 3.28, 3.37, 3.73–3.75 Access floors Appliance ventilation ducts 9.23 See Platform floors Definition Appendix A Access for fire service Approved Documents pages i–ii See Fire service facilities Architraves Accessibility 0.8, 3.107, 17.4 Definition of wall and ceiling 4.3, 4.6 Access panels Area measurement Diagram D3 Drainage and water supply pipes Diagram 9.1 Assembly and recreation purpose group Access rooms Table 0.1 Definition Appendix A Atria 7.20 Means of escape from inner rooms 2.12, 3.8 Definition Appendix A Accreditation Automatic doors 3.98 Installers and suppliers page iii, Appendix B5 See also Automatic release mechanisms; Self- Air changes closing devices See Ventilation Automatic fire detection and alarm systems Air circulation systems for heating, etc. See Fire detection and alarm systems Dwellinghouses with a floor more than 4.5m Automatic release mechanisms above ground level 2.8–2.9 Definition Appendix A Multi-storey flats 3.23 Fire and smoke dampers 9.14, 9.22 Air conditioning 9.6–9.17 Fire safety signs Appendix C11 See also Ventilation Self-closing fire doors Appendix C6 Air exhaust terminals 9.6 See also Self-closing devices Alarm systems B See Fire detection and alarm systems Alterations Back gardens Material alteration 1.8–1.9 Means of escape 2.10, Diagram 2.5 Alternative approaches 0.9 Balconies Alternative escape routes Escape routes 3.29 Cavity barriers 8.6 Means of escape 2.14, 3.11–3.12 Definition Appendix A See also Common balconies Dwellinghouses with floor more than 4.5m above Basement storeys ground level 2.5–2.6 Definition Appendix A Flats 3.26–3.27, 3.59 Escape stairs 3.82 Alternative exits Firefighting shafts 15.3 Common balconies 3.12 Fire resistance Appendix B27, Table B4 Definition Appendix A Lifts 3.102, 3.104 Divided corridors Table C1 Means of escape 2.16, 3.9, 3.71–3.72 Dwellinghouses with floor more than 4.5m above Smoke outlets 16.2–16.3 ground level Diagram 2.4 Bathrooms Flats Fire doorsets Diagram 3.2 Multi-storey flats 3.21, 3.22, Diagrams 3.5 to 3.6 Inner rooms 2.11, 3.7 Single storey 3.19, Diagram 3.4 Beams Galleries 2.15, 3.13 Fire resistance Table B3 Openings for 5.9, 7.6 153 Building Regulations 2010 Approved Document B Volume 1, 2019 edition O N L I N E V E R S I O N O N L I N E V E R S I O N Boiler rooms 3.73 BS EN 1366-2 Diagram 9.4 Boundaries BS EN 1634-1 Appendix C1, Appendix C4 Definition Appendix A BS EN 1634-2 Appendix C1 See also Notional boundaries; Relevant BS EN 1634-3 Appendix C1, Table C1 boundaries; Separation distances BS EN 1993-1-2 Table B4 British Standards Appendix F BS EN 12101-2 Appendix D5 BS 476-3 Table B2 BS EN 12101-3 16.12 BS 476-6 Table B1 BS EN 12101-6 3.54, Table C1 BS 476-7 Appendix B13, Table B1 BS EN 12845 Appendix E3, Appendix E5 BS 476-20 to 21 Table B3 BS EN 13238 Appendix B8 BS 476-22 Table B3, Appendix C1, Table C1 BS EN 13501-1 page 76, Appendix B6, Appendix BS 476-23 to 24 Table B3 B10, Table B1 BS 476-31.1 Table C1 BS EN 13501-2 Appendix B22, Appendix B25, BS 2782 Appendix B13 Appendix C1, Diagram 9.3, Table B3, Table C1 BS 2782-0 Appendix B13 BS EN 13501-3 Appendix B22, Appendix B25, BS 3251 14.10 Diagrams 9.3 to 9.4, Table B3 BS 4422 Appendix A BS EN 13501-4 Appendix B22, Appendix B25, BS 4514 9.5, Table 9.1 Table B3 BS 5255 9.5, Table 9.1 BS EN 13501-5 Appendix B16 to B18, Table B2 BS 5266-1 3.24, 3.44, 3.48 BS EN 14306 Appendix B9 BS 5395-2 3.86 BS EN 14604 1.2 BS 5438 Appendix B13 BS EN 15102 Table 4.1 BS 5446-2 1.3 BS EN 15650 9.20–9.21 BS 5499-4 3.45 BS EN 15725 Appendix B4 BS 5499-5 Appendix C11 BS EN 50200 3.47 BS 5839-1 3.48, 16.12, Diagram 9.4 BS EN ISO 306 Appendix B11 BS 5839-3 9.22 Building control body page iv BS 5839-6 1.1, 1.4, 1.6, 1.7, 3.21 Definition Appendix A BS 5867-2 Appendix B13 Building dimensions BS 5906 3.55 Measurement methods Diagrams D2 to D6 BS 7157 4.8 Building Regulations 2010 pages iii–iv BS 7273 1.15 Buildings of architectural or historical interest BS 7273-4 3.92 0.10, 2.22 BS 7974 0.13 Building work page iii BS 8214 Appendix C14 Bungalows BS 8313 7.28 See Single storey buildings BS 8414-1 10.3 C BS 8414-2 10.3 BS 8519 3.48 Cables BS 9251 2.6, Appendix E3, Appendix E4 See Electrical wiring BS 9990 14.5, 14.11 Canopies 11.12–11.13, Diagram 11.6 BS 9991 3.29 Car parks BS 9999 7.20, 15.8, 15.11, 17.5, Diagram 15.1 Air extraction systems 9.10 BS EN 54-7 9.22 Covered 3.28, 3.73 BS EN 81-20 15.11 Enclosed BS EN 81-58 Appendix C1 Lifts 3.102 BS EN 81-72 15.11 Smoke ventilation 3.75 BS EN 520 Appendix B9 Escape stairs serving 3.73, 3.75 154 Approved Document B Volume 1, 2019 edition Building Regulations 2010 O N L I N E V E R S I O N O N L I N E V E R S I O N Minimum periods of fire resistance Table B4 Thermoplastic lighting diffusers 4.16, Table 4.2 Recessed car parking areas Diagram A1 Wall and ceiling linings Table 4.1, Table 4.2 Sprinkler systems 16.11 Cladding 10.5–10.6, Table 10.1 Cavities 5.16 Flexible membranes 4.8 Definition Appendix A Codes of practice Appendix G Fire resisting ceilings below Diagram 8.3 Collapse See also Cavity barriers; Cavity walls Resistance to 5.23, Appendix B19 Cavity barriers Columns Alternative escape routes 8.6 Fire resistance Table B3 Cavity walls excluded Diagram 5.3 Portal frames 11.15 Construction and fixings 5.20–5.23, 8.8–8.9 Combustibility of external surface materials Definition Appendix A 10.3–10.15 Double-skinned insulated roof sheeting 5.14, 7.17, Unprotected area 11.6–11.15, Diagram 11.4 8.7, Diagram 5.2, Diagram 8.4 Common balconies 3.12, 3.22 Fire resistance Table B3 Definition Appendix A Floor or roof cavities 8.5, Diagram 8.3 Common corridors Openings in 5.24 Escape routes 3.27, 3.34–3.37, Diagrams 3.7 to 3.8 Protected escape routes 8.5 Common escape routes 3.31–3.58 Protected stairways 2.5, Diagram 2.3 Exit signs 3.45 Provision 5.17–5.19, 8.2–8.3, Diagram 8.1 Flooring 3.39 Replacement windows 2.20 Headroom 3.38 Cavity walls Lighting 3.41–3.44 Cavity barriers 5.18, 8.3 Ramps and sloping floors 3.40 Excluded from provisions for cavity barriers Smoke control 3.49–3.54 Diagram 5.3, Diagram 8.2 See also Protected escape routes Ceilings Common stairs 3.14, 3.22, 3.59–3.62 Definition 4.5–4.6, Appendix A Definition Appendix A Fire resistance Table B3 Enclosure 3.62 Fire resisting ceilings 2.5, Diagram 2.3 Escape routes 3.27, 3.28, Diagrams 3.7 to 3.9 Cavities above 8.5, Diagram 8.3 Number 3.59 Lighting diffusers that form part of a ceiling 4.15, Serving ancillary accommodation 3.73–3.75 Diagram 4.1 See also Protected stairways Linings Compartmentation Classification Table 4.1 Definition Appendix A Definition 4.5–4.6 Dwellinghouses 5.5–5.7, Diagram 5.1 Stretched skin 4.17 Flats 7.1–7.3 See also Suspended ceilings Mixed use buildings 0.14–0.17 Central alarm monitoring Compartment floors Sheltered housing 1.12 Cavity barriers 5.18 Certification Construction 7.5 Installers and suppliers page iii, 1.14 Junction with compartment wall 7.14 Circulation spaces Junction with external wall 7.12–7.13 Definition Appendix A Openings 7.20 Extensions 1.9 Definition Appendix A External windows 4.13 Flues penetrating 9.23, Diagram 9.5 Loft conversions 5.4 Nominal internal diameter of pipes passing Smoke alarms 1.9 through Table 9.1 Thermoplastic glazing 4.13–4.14, Table 4.2 Provision 7.1 155 Building Regulations 2010 Approved Document B Volume 1, 2019 edition O N L I N E V E R S I O N O N L I N E V E R S I O N Compartment walls 5.8–5.15 Disabled people 0.8, 3.107, 17.4 Between buildings 5.10, 7.8 Domestic garages Cavity barriers 5.18 Construction to protect dwellinghouses 5.6–5.7, Construction 5.9 Diagram 5.1 Flats 7.5–7.18 Fire doors between dwellinghouse and garage 5.7, Junction with compartment floor 7.14 Diagram 5.1, Table C1 Junction with other walls 7.12–7.13 Linings Table 4.1 Junction with roof 5.11–5.15, 7.15–7.18, Diagram 5.2 Doors and doorways Openings 5.9, 7.6, 7.19–7.20 Amount of opening 3.95 Definition Appendix A Direction of opening 3.94 Fire resistance Table B3 Door fastenings 3.92–3.93 Flues penetrating 9.23, Diagram 9.5 Between dwellinghouse and garage 5.7, Maximum door openings Appendix C8 Diagram 5.1 Nominal internal diameter of pipes passing On escape routes 3.90–3.98 through Table 9.1 Alternative exits 3.22 Provision 5.5 External escape stairs 3.68 Flats 7.1 External means of escape 2.10 Separated parts of buildings 7.9 Basement storeys 3.9 Concealed spaces Flats 3.6 See Cavities Fire resistance 3.68, 3.87 Conduits for cables Fire resisting construction 2.17, Diagram 2.7 Openings in cavity barriers 5.24 Glazed elements 3.88 Openings in fire resisting elements 9.24 Loft conversions 2.21–2.23 Cooking facilities Openings in cavity barriers 5.24, 8.3 Loft conversions 2.23 Openings in compartment walls or floors Room containing a gallery Diagram 2.6, 7.19–7.20 Diagram 3.1 Vision panels 3.97 Single storey flats 3.18 Width measurement Appendix D4, Diagram D1 See also Kitchens See also Automatic doors; Fire doorsets Corridor access Diagrams 3.7 to 3.8 Double‑skinned insulated roof sheeting 7.17 Definition Appendix A Cavity barriers 8.7, Diagram 8.4 See also Common corridors Junction of compartment wall with roof 5.14, Courtyards Diagram 5.2 Means of escape 2.10, Diagram 2.5 Drainage pipes Cover moulds Enclosure Diagram 9.1, Table B3 Definition of walls and ceilings 4.3, 4.6 Maximum nominal internal diameter of pipes 9.4, Curtain walls Table 9.1 Excluded from elements of structure 5.3, 6.2 Dressing rooms Inner rooms 2.11, 3.7 D Ducts Fire resistance 9.3, Table B3 Dead ends 3.27 Mechanical ventilation and air-conditioning Definition Appendix A 9.6–9.9 Fire service vehicle access routes 13.4, Diagram 13.1 Openings 9.12–9.17, Diagrams 9.3 to 9.4 Deck access In cavity barriers 5.24 Escape routes 3.29 In compartment walls or floors 7.20 Direct distances Protected stairways 3.23 Definition Appendix A Protection 9.24–9.29 156 Approved Document B Volume 1, 2019 edition Building Regulations 2010 O N L I N E V E R S I O N O N L I N E V E R S I O N Protected shafts 7.26 Energy efficiency requirements page iv Protected stairways 2.9 Entrance halls See also Ventilation ducts See Protected entrance halls/landings Dwellinghouses Escape lighting Definition Appendix A Common escape routes 3.41–3.44 Internal fire spread Definition Appendix A Cavities 5.16–5.24 Escape routes Compartmentation 5.5–5.15 Definition Appendix A Loadbearing elements of structure 5.1–5.4 Dwellinghouses with floor more than 4.5m above Means of escape 2.1–2.23 ground level 2.5–2.6 More than 4.5m above ground level 2.4–2.9 Flats Provision 2.10–2.17 With balcony or deck access 3.29 Upper storeys a maximum of 4.5m above ground Common escape routes 3.31–3.37 level 2.2–2.3 Number of escape routes 3.26–3.27 Work on existing dwellinghouses 2.18–2.23 Small single stair buildings 3.28, Diagram 3.9 Helical stairs and spiral stairs on 3.86 E Single steps on 3.84 Uninsulated glazed elements on Table B5 Electrical circuits Width measurement Appendix D4 See Protected circuits See also Common escape routes; Protected Electrical wiring escape routes Openings in cavity barriers 5.24 Escape stairs Openings in compartment walls and floors 7.20 Construction 3.82–3.83 Protected power circuits 3.46–3.48 External Electricity meters 3.79 Fire resistance of adjacent areas Diagram 3.11 Elements of structure Lighting 3.43 Definition Appendix A Number 3.59 Fire resistance 5.1–5.3, Appendix B26 Stairs serving ancillary accommodation 3.73–3.75 Flats 6.1–6.4 Width 3.60 Part of more than one building or compartment See also External escape stairs; Protected Appendix B26 stairways Standards Appendix B22 European Standards Appendix F Tests Table B3 See also British Standards BS EN Emergency egress windows Evacuation See Windows Phased or progressive horizontal 3.101 Emergency escape signs 3.45 Stay put strategy 3.3 Emergency lighting Evacuation lifts Definition Appendix A Definition Appendix A See also Escape lighting Existing buildings Enclosed space Building work page iii Ground or basement storey exit into Diagram 2.5 Fire safety assessments 0.9 Enclosure Portal frames 11.15 Common stairs 3.62 See also Buildings of architectural or historical Drainage pipes Diagram 9.1, Table B3 interest Ductwork Diagram 9.3 Exit passageways 3.81 Fire resistance Table B3 Definition Appendix A Water supply pipes Diagram 9.1 Exits See Alternative exits; Final exits; Storey exits 157 Building Regulations 2010 Approved Document B Volume 1, 2019 edition O N L I N E V E R S I O N O N L I N E V E R S I O N Exit signs 3.45 Fire and smoke dampers Extensions Definition Appendix A Energy efficiency requirements page iv Ductwork on protected escape routes 9.8, 9.16– Fire detection and alarm systems 1.8–1.9 9.17, Diagram 9.4 External doors Installation and specification 9.18–9.22 Emergency escape 2.10, 3.6 Ventilation ducts and flues 9.14 External escape stairs 2.17, 3.65–3.69 Fire dampers Construction 3.82 Definition Appendix A Fire resistance of adjacent areas 3.68, Diagram 3.11 Installation and specification 9.18–9.22 External fire spread Ventilation ducts and flues 9.14 From one building to another page 78, 11.1–11.5 Fire detection and alarm systems 1.1–1.15 Over external walls page 77, 10.1–10.15 Automatic fire detection and alarm systems Requirement B4 page 76 Activation of air extraction system 16.12 Roof coverings 12.1–12.9 Activation of door release mechanism Separation distances for roofs Tables 12.1 to 12.3 Appendix C6 External walls In mixed use buildings 3.77 Adjacent to protected stairways 3.63–3.64, In student residences 1.11 Diagram 3.10 Design and installation 1.14 Combustibility 10.3–10.8, Table 10.1 Interface with other systems 1.15 Definition Appendix A Power supply 1.4 External fire spread 10.1–10.15 Requirement B1 page 8 External surfaces 10.5, Table 10.1 Fire doorsets Table C1 Facing a boundary 11.4–11.5 Automatic closing methods Appendix C6 Fire resistance 10.5–10.6, Table 10.1, Table B3 Bedrooms 3.19 Insulation products and filler materials 10.6 Common corridors 3.35–3.36 Junction with compartment floor 7.12–7.14 Common escape routes 3.36 Materials and workmanship Definition Appendix A Regulation 7 pages 76–77, 10.9–10.15 Dwellinghouses with a floor more than 4.5m Protected stairways 10.11 above ground level 2.5 Specified attachments 10.9–10.15 Flats with an alternative exit 3.19 Unprotected areas 11.6–11.11, 11.15, Diagrams 11.4 Hinges Appendix C10 to 11.5 Openings in cavity barriers 5.24 Calculation of acceptable unprotected area Openings in compartment walls or floors 11.16–11.21, Table 11.1 7.19–7.20 Openings into protected shafts 7.29 F Protected stairways 2.5 See also Doors and doorways Fastenings Firefighting lifts 15.2–15.3, 15.8, 15.11, Diagram 15.1 Doors and doorways 3.91–3.93 Definition Appendix A Final exits Firefighting lobbies 15.8, Diagram 15.1 Definition Appendix A Definition Appendix A Dwellinghouses with a floor more than 4.5m Firefighting shafts 15.1–15.11, Diagram 15.1 above ground level 2.5, Diagrams 2.1 to 2.2 Definition Appendix A Flats 3.81, 3.106–3.109 Design and construction 15.8–15.11 See also Alternative exits Fire resistance Table B3 Fire alarms Hose laying distances 15.7, Diagram 15.3 Definition Appendix A Provision 15.1–15.7, Diagram 15.2 See also Fire detection and alarm systems 158 Approved Document B Volume 1, 2019 edition Building Regulations 2010 O N L I N E V E R S I O N O N L I N E V E R S I O N Firefighting stairs Diagram 15.1 Separating upper storey from lower storeys 2.6, Construction 3.82–3.83 Diagram 2.4 Definition Appendix A Separation between garage and dwellinghouse Fire hydrants 14.8–14.13 5.6, Diagram 5.1 Fire mains 13.5–13.6, 14.1–14.7, 15.10 Smoke outlet shafts 16.13–16.14, Diagram 16.1 Fire penetration Fire safety engineering 0.12–0.13 Resistance to Appendix B19 Fire safety information 17.1–17.6 Fire performance Building Regulations 2010 page 109 Classification and testing Appendix B1 to B10, Fire‑separating elements Table B1 Definition Appendix A Minimum periods of fire resistance by purpose Fire separation group Table B4 Between buildings Reaction to fire Appendix B6 to B10 External walls 11.1–11.10 Roofs Appendix B15 to B18, Table B2 Garages and houses 5.6–5.7, Diagram 5.1 See also Fire resistance Roofs 12.3–12.9 Fireplace surrounds Dwellinghouses with floor more than 4.5m above Definition of walls 4.3 ground level 2.6, Diagram 2.4 Fire resistance Appendix B19 to B25 Loft conversions 2.23 Definition Appendix A See also Cavity barriers; Compartmentation; Elements of structure 5.1–5.4, Appendix B22, Separation distances Appendix B26 Fire service facilities Flats 6.1–6.4 Access to flats for firefighting personnel 15.1–15.12 Tests by element Table B3 Fire mains 13.5–13.6, 14.1–14.7, 15.10 Minimum periods by building type Table B4 Requirement B5 page 96 Fire resisting construction Vehicle access 13.1–13.6 Ceilings 2.5, Diagram 2.3 Access routes and hardstandings 13.1–13.4, Common corridors Diagram 3.2 Table 13.1 Common escape routes Diagram 3.9 Flats 13.2, 13.5–13.6 Ductwork enclosure Diagram 9.3 Turning facilities 13.4, Diagram 13.1, Table 13.1 Dwellinghouses with floor more than 4.5m above See also Firefighting shafts ground level 2.4–2.5, Diagram 2.2 Fire spread Electricity meter cupboards 3.79 See External fire spread; Internal fire spread External escape stairs 2.17, Diagram 2.7 Fire‑stopping 9.24–9.29 Building areas near to 3.68, Diagram 3.11 Cavity barriers 5.22 Fire resistance Table B3 Definition Appendix A Flat roofs forming escape route 2.13, 3.10, 3.30 Divided corridors 8.6 Flats with an alternative exit 3.19 Ductwork 2.9, 3.23 Galleries with cooking facilities Diagram 3.1 Junction of compartment wall or floor with other Lift wells 3.99 walls 7.12–7.14 Loft conversions 2.21, 2.23 Junction of compartment wall with roof 5.11, Places of special fire hazard 7.2 7.15–7.18, Diagram 5.2 Protected escape routes 8.5 Materials 9.25–9.27 Protected shafts 7.24 Openings for pipes, etc. 9.4, 9.24, Diagram 9.1 Protected stairways 2.5, 2.6, Diagram 3.10 Openings in compartment walls 5.9, 7.6 Refuse chutes and rooms for storing refuse 3.56 Fire tests Separating bedroom from living accommodation See Fire performance 3.19, Diagram 3.4 Fitted furniture Definition of walls 4.3 159 Building Regulations 2010 Approved Document B Volume 1, 2019 edition O N L I N E V E R S I O N O N L I N E V E R S I O N Fixings Openings in compartment walls or floors 9.23, Cavity barriers 5.22, 8.8 Diagram 9.5 Insulating core panels 4.10 Passing through fire-separating elements 9.12–9.17 Flame spread Fuel storage space 3.73 See External fire spread; Internal fire spread G Flat roofs Access to an external escape stair 3.69 Galleries Escape routes 3.30 Definition Appendix A Means of escape 2.13–2.14, 3.10–3.12, 3.22 Means of escape 2.15, 3.13, Diagram 2.6, Flats Diagram 3.1 Cavity barriers 8.2–8.9 Garages Compartmentation 7.1–7.24 See Domestic garages Openings 7.19–7.20 Gardens Conversion to 6.5–6.7 See Back gardens Definition Appendix A Gas meters 3.80 Fire detection and alarm systems 1.10 Gas service pipes 3.80, 7.26–7.28 Internal planning Glazed screens Multi-storey flats 3.20–3.24 Protected shafts 7.24–7.25, Diagram 7.2 Single storey flats 3.18–3.19, Diagrams 3.2 to 3.4 Glazing Loadbearing elements of structure 6.1–6.7 Definition of walls and ceilings 4.2–4.3, 4.6 Means of escape 3.1–3.13 External escape stairs 2.17, 3.68 In common parts of flats 3.25–3.58 Fire resistance 3.88–3.89 Common stairs 3.59–3.89 Fire resisting construction 3.68 Doors on escape routes 3.90–3.98 Glass and glazing elements on escape routes Final exits 3.106–3.109 Table B5 Lifts 3.99–3.105 Thermoplastic materials 4.13, Appendix B12 Storeys more than 4.5m above ground level Unwired glass in rooflights 12.8 3.18–3.24 Guarding Upper storeys a maximum of 4.5m above ground Flat roof forming escape route 2.14, 3.11 level 3.14–3.17 In mixed use buildings 3.76–3.77 H Protected shafts 7.21–7.29 See also Sheltered housing; Student Habitable rooms accommodation Basement storeys 2.16, 3.9 Floor finishes Definition Appendix A Common escape routes 3.39 Extensions 1.8 Floor level Handicapped people Ramps and sloping floors 3.40 See Disabled people Single steps on escape routes 3.84 Hardstandings Floors Fire service vehicles 13.1–13.4 Area measurement Diagram D3 Hardware Fire resistance Table B3 Fire doors Appendix C15 Loft conversions 5.4 Hazards See also Compartment floors See Places of special fire hazard; Risk Floor space factors Table D1 Health and safety page 96, 0.8 Flues Fire resistance 9.23, Table B3 160 Approved Document B Volume 1, 2019 edition Building Regulations 2010 O N L I N E V E R S I O N O N L I N E V E R S I O N Heat alarms Integrity Multi-storey flats 3.21 Compartment walls 7.14 Power supply 1.4 Fire doorsets Appendix C1, Table C1 Standards 1.3 Resistance to fire penetration Appendix B19, Heat and smoke outlets Table B3 See Smoke outlets Internal fire spread Heat radiation Linings Discounting 11.1 Insulating core panels 4.10 Height Requirement B2 page 42 Definition Appendix A Thermoplastic materials 4.12–4.17, Appendix B14 Measurement methods Diagram D4 Structure Helical stairs and spiral stairs 3.86 Loadbearing elements of structure 5.1–5.4, High reach appliances 6.1–6.3 Fire service vehicle access Table 13.1 Requirement B3 page 49 High risk Internal linings See Places of special fire hazard Classification 4.1, Table 4.1 Hinges Protection of substrate Appendix B14 Fire doors Appendix C10 Requirement B2 page 42 Historic buildings J See Buildings of architectural or historical interest Hose laying distances 15.7, Diagram 15.3 Joists House conversions Openings for 5.9, 7.6 Conversion to flats 6.5–6.7 Junctions See also Loft conversions Compartment wall or floor with other walls Hydraulic platforms 7.12–7.14 See High reach appliances Compartment wall with roof 5.11–5.15, 7.15–7.18, I Diagram 5.2 Double-skinned insulated roof sheeting Inclusive design 0.8 Diagram 5.2 Industrial purpose group Table 0.1 Fire-stopping 5.11, 7.15–7.18, Diagram 5.2 Inner rooms K Definition Appendix A Means of escape through another room 2.11–2.12, Kitchens 3.7–3.8 Extract ductwork 9.15 Installers Heat alarms 3.21 Certification and accreditation page iii Inner rooms 2.11–2.12, 3.7–3.8 Institutional premises Insulating core panels in 4.10 See Residential (institutional) purpose group See also Cooking facilities Insulating core panels Used internally 4.10 L Insulation performance Appendix B19, Table B3 Fire doorsets Appendix C8 Ladders Floors in loft conversions 5.4 Means of escape 3.85 Glazing 3.88 See also High reach appliances Insulation (thermal) Landings Cavity walls Diagram 5.3, Diagram 8.2 See Protected entrance halls/landings Effect on fire performance Appendix B2 Large dwellinghouses External walls 10.6 Fire detection and alarm systems 1.5–1.7 161 Building Regulations 2010 Approved Document B Volume 1, 2019 edition O N L I N E V E R S I O N O N L I N E V E R S I O N Legislation Appendix G Work on existing dwellinghouses 2.18–2.23 Lifts 3.99–3.105 Flats 3.1–3.13 Lift doors Appendix C3 In common parts of flats 3.25–3.58 Machine rooms 3.105 Common stairs 3.59–3.89 Means of escape 2.7 Doors on escape routes 3.90–3.98 See also Firefighting lifts Final exits 3.106–3.109 Lighting Lifts 3.99–3.105 See Escape lighting Multi-storey 3.20–3.24, Diagram 3.5 Lighting diffusers Storeys more than 4.5m above ground level Suspended ceilings 4.17, Table 4.2 3.18–3.24 Thermoplastic 4.15–4.16, Diagram 4.1 Upper storeys a maximum of 4.5m above ground Fire resistance Appendix B12 level 3.14–3.17 Layout restrictions Diagrams 4.2 and 4.3, Table 4.2 Requirement B1 page 8 Linings Sheltered housing 0.11 See Internal linings See also Escape routes Live/work units 3.24 Measurement methods Appendix D Definition Appendix A Building dimensions Diagrams D2 to D6 Loadbearing capacity Definition Appendix A Resistance to collapse Appendix B19, Table B3 Floor space factors Table D1 Loadbearing elements of structure Occupant number Appendix D1 to D2 See Elements of structure Travel distance Appendix D3 Lobbies Width Appendix D4 See Protected corridors/lobbies Mechanical ventilation Loft conversions 2.21–2.23 See Ventilation Floors 5.4 Mixed use 0.18–0.19, 3.5, 3.76–3.77 Means of escape 2.21 Air extraction systems 9.10 Compartmentation 0.14–0.15 M N Machine rooms Lifts 3.105 Natural ventilation Maintenance See Ventilation Fire detection and alarm systems 1.14 Notification of work page iv Fire safety 0.6 Notional boundaries 11.5, Diagram 11.3 Management of premises 0.6 Definition Appendix A Mantle shelves O Definition of walls 4.3 Material alteration 1.8–1.9 Oil pipes Material change of use page iii, 10.13 In protected shafts 7.26 Materials and workmanship Offices Independent certification schemes page iii Purpose groups Table 0.1 Regulation 7 pages 76–77 Openable windows Means of escape 2.1–2.23, 3.20–3.24, Diagram 2.1 See Windows Definition Appendix A Opening characteristics Dwellinghouses 2.1–2.23 Doors and doorways 3.94–3.96 More than 4.5m above ground level 2.4–2.9 Provision 2.10–2.17 Upper storeys a maximum of 4.5m above ground level 2.2–2.3 162 Approved Document B Volume 1, 2019 edition Building Regulations 2010 O N L I N E V E R S I O N O N L I N E V E R S I O N Openings Limitations on use 12.5–12.6, Tables 12.2 to 12.3 In cavity barriers 5.24 See also Thermoplastic materials In compartment walls 5.9, 7.6, 7.19–7.20 Platform floors Separating buildings or occupancies 7.19 Excluded from elements of structure 6.2 Minimising 9.24, Table 9.1 Polycarbonate For pipes 9.2–9.5, Diagram 9.2 Rooflights 12.7, Tables 12.1 to 12.3 Into protected shafts 7.29 TP(a) rigid and TP(b) sheet Appendix B13 See also Doors and doorways; Windows Portal frames Other residential use Fire resistance 11.15 Purpose groups Table 0.1 Power supply Escape lighting 3.43 P Protected power circuits 3.46–3.48 Smoke and heat alarms 1.4 Partitions Progressive horizontal evacuation 3.101 Cavity barriers 5.21 Property protection 0.7 Loft conversions 2.21, 2.23 Protected circuits See also Walls Definition Appendix A Performance Protected corridors/lobbies See Fire performance Access for fire service 15.8 Perimeter (of a building) Definition Appendix A Definition Appendix A Escape routes 3.27, 3.33–3.34, 3.37 Phased evacuation 3.101 Wayfinding signage 15.13–15.16 Picture rails Protected entrance halls/landings 3.14 Definition of walls and ceilings 4.3, 4.6 Air circulation systems 3.23 Pipes Definition Appendix A Definition Appendix A Multi-storey flats 3.21, Diagram 3.6 Maximum nominal internal diameter 9.5, Table 9.1 Single storey flats 3.18 Openings 9.2–9.5 Protected escape routes Penetrating structure Diagram 9.2 Cavity barriers 8.5, Diagram 8.1 In protected shafts 7.26–7.28 Ventilation ducts and flues in 9.16–9.17, In protected stairways 3.80 Diagrams 9.3 to 9.4 Sleeving 9.5 Protected power circuits 3.46–3.48 Pitched roofs Protected shafts 7.21–7.29 Treated as wall 11.14 Construction 7.23, Diagram 7.1 Places of special fire hazard Definition Appendix A Compartmentation 7.3 Fire resistance Table B3 Definition Appendix A Openings 7.29 Fire-resisting construction 7.2 Pipes for oil or gas in 7.26–7.28 Insulating core panels in 4.10 Provision 7.22 Smoke outlets 16.7 Uninsulated glazed screens to 7.24–7.25, Stairs serving 3.75 Diagram 7.2 Plasterboard Ventilation 7.28 Test substrates Appendix B9 Protected stairways 2.9, 3.61–3.64 Plastics Access for fire service 15.6–15.7 PTFE-based materials 4.9 Air circulation systems in 2.9, 3.23 Rooflights 4.7, 4.14 Definition Appendix A Layout restrictions Diagrams 4.2 to 4.3 Dwellinghouses with floor more than 4.5m above Limitations on extent Table 4.2 ground level 2.5, 2.9, Diagram 2.3 Limitations on spacing and size Diagram 12.1 Exits from 3.81 163 Building Regulations 2010 Approved Document B Volume 1, 2019 edition O N L I N E V E R S I O N O N L I N E V E R S I O N External walls adjacent to 3.63–3.64, 11.10, Revolving doors 3.98 Diagram 3.10 Risk Multi-storey flats 3.21 Insurance 0.7 Rooflights of thermoplastic materials 4.14 See also Places of special fire hazard Separation of adjoining 3.70 Rolling shutters 15.12, Appendix C9 Thermoplastic lighting diffusers in ceilings 4.16 Roof coverings Use of space below diffusers or rooflights Table 4.2 External fire spread 12.1–12.9 Use of space within 3.78–3.80 Separation distances for roofs 12.3–12.9, Tables Use of uninsulated glazed elements on escape 12.1–12.3 routes Table B5 Junction of compartment wall with roof 5.11–5.15, Ventilation ducts 9.7 7.15–7.18, Diagram 5.2 Wayfinding signage 15.13–15.16 Performance classification Table B2 Protective barriers Slates and tiles 5.22 Flat roof forming escape route 3.30 Thatch 12.9 Pumping appliances Wood shingles 12.9 Fire service vehicle access Table 13.1 Rooflights See also Fire service facilities Area measurement Diagram D3 Pumps Definition Appendix A Sprinkler systems Appendix E6 Definition of ceilings 4.6 Purpose groups 0.14–0.17 Fire resistance 4.7 Classification Table 0.1 Plastic 4.7, 4.14, 5.12, 12.5–12.7 Definition Appendix A Fire resistance Appendix B12 Minimum periods of fire resistance by purpose Layout restrictions Diagrams 4.2 to 4.3 group Table B4 Limitations on spacing and size Diagrams 12.1 PVC to 12.3 See uPVC Limitations on use 12.5–12.6, Table 4.2, Tables",modified,
0.14,0.14,unchanged,1.0,exact_number+difflib,"Building uses are classified within different purpose groups, which represent different levels of hazard (see Table 0.1). A purpose group can apply to a whole building or a compartment within the building, and should relate to the main use of the building or compartment.","Building uses are classified within different purpose groups, which represent different levels of hazard (see Table 0.1). A purpose group can apply to a whole building or a compartment within the building, and should relate to the main use of the building or compartment.",unchanged,
2.14,2.14,unchanged,1.0,exact_number+difflib,A balcony or flat roof intended to form part of an escape route should be provided with guarding etc. in accordance with Approved Document K. Galleries,A balcony or flat roof intended to form part of an escape route should be provided with guarding etc. in accordance with Approved Document K. Galleries,unchanged,
3.23,3.23,unchanged,1.0,exact_number+difflib,"For systems circulating air only within an individual flat, take all of the following precautions. a. Transfer grilles should not be fitted in any wall, door, floor or ceiling of the enclosure. b. Any duct passing through the enclosure should be rigid steel. Joints between the ductwork and enclosure should be fire-stopped. c. Ventilation ducts serving the enclosure should not serve any other areas. d. Any system of mechanical ventilation which recirculates air and which serves both the stair and other areas should be designed to shut down on the detection of smoke within the system. e. For ducted warm air heating systems, a room thermostat should be sited in the living room. It should be mounted at a height between 1370mm and 1830mm above the floor. The maximum setting should be 27°C. NOTE: Ventilation ducts passing through compartment walls should comply with the guidance in Section 9. Live/work units","For systems circulating air only within an individual flat, take all of the following precautions. a. Transfer grilles should not be fitted in any wall, door, floor or ceiling of the enclosure. b. Any duct passing through the enclosure should be rigid steel. Joints between the ductwork and enclosure should be fire-stopped. c. Ventilation ducts serving the enclosure should not serve any other areas. d. Any system of mechanical ventilation which recirculates air and which serves both the stair and other areas should be designed to shut down on the detection of smoke within the system. e. For ducted warm air heating systems, a room thermostat should be sited in the living room. It should be mounted at a height between 1370mm and 1830mm above the floor. The maximum setting should be 27°C. NOTE: Ventilation ducts passing through compartment walls should comply with the guidance in Section 9. Live/work units",unchanged,
16.10,16.10,modified,0.783,exact_number+difflib,"Outlets should not be placed where they prevent the use of escape routes from the building. 106 Approved Document B Volume 1, 2019 edition Building Regulations 2010 O N L I N E V E R S I O N O N L I N E V E R S I O N B5 Mechanical smoke extract","Outlets should not be placed where they prevent the use of escape routes from the building. 107 Building Regulations 2010 Approved Document B Volume 1, 2019 edition O N L I N E V E R S I O N B5 O N L I N E V E R S I O N Mechanical smoke extract",modified,page number changed: 106 -> 107
0.13,0.13,unchanged,1.0,exact_number+difflib,"BS 7974 and supporting published documents (PDs) provide a framework for and guidance on the application of fire safety engineering principles to the design of buildings. 3 Building Regulations 2010 Approved Document B Volume 1, 2019 edition O N L I N E V E R S I O N O N L I N E V E R S I O N Purpose groups","BS 7974 and supporting published documents (PDs) provide a framework for and guidance on the application of fire safety engineering principles to the design of buildings. 3 Building Regulations 2010 Approved Document B Volume 1, 2019 edition O N L I N E V E R S I O N O N L I N E V E R S I O N Purpose groups",unchanged,
13.2,13.2,unchanged,1.0,exact_number+difflib,"For flats, either of the following provisions should be made. a. Provide access for a pumping appliance to within 45m of all points inside each flat of a block, measured along the route of the hose. b. Provide fire mains in accordance with paragraphs 13.5 and 13.6.","For flats, either of the following provisions should be made. a. Provide access for a pumping appliance to within 45m of all points inside each flat of a block, measured along the route of the hose. b. Provide fire mains in accordance with paragraphs 13.5 and 13.6.",unchanged,
7.5,7.5,unchanged,1.0,exact_number+difflib,max. i. An alternative escape route ii. An emergency escape window (where the gallery floor is not more than 4.5m above ground level). 2. Any cooking facilities within a room containing a gallery should comply with one of the following conditions: Visible area to 3m max. i. Be enclosed with fire resisting construction be at least 50% ii. Be remote from the stair to the gallery and positioned of floor area in such that they do not prejudice escape from the gallery. lower room Exit Diagram 2.6 Gallery floors with no alternative exit Basements,max. i. An alternative escape route ii. An emergency escape window (where the gallery floor is not more than 4.5m above ground level). 2. Any cooking facilities within a room containing a gallery should comply with one of the following conditions: Visible area to 3m max. i. Be enclosed with fire resisting construction be at least 50% ii. Be remote from the stair to the gallery and positioned of floor area in such that they do not prejudice escape from the gallery. lower room Exit Diagram 2.6 Gallery floors with no alternative exit Basements,unchanged,
14.10,14.10,unchanged,1.0,exact_number+difflib,"Each fire hydrant should be clearly indicated by a plate, fixed nearby in a conspicuous position, in accordance with BS 3251.","Each fire hydrant should be clearly indicated by a plate, fixed nearby in a conspicuous position, in accordance with BS 3251.",unchanged,
