old_clause_number,new_clause_number,predicted_change_type,similarity,method,old_text,new_text,gold_change_type,notes
0.4,0.4,unchanged,1.0,exact_number+difflib,"Guidance is given on each aspect separately, though many are closely interlinked. The document should be considered as a whole. The relationship between different requirements and their interdependency should be recognised. Particular attention should be given to the situation where one part of the guidance is not fully followed, as this could have a negative effect on other provisions.","Guidance is given on each aspect separately, though many are closely interlinked. The document should be considered as a whole. The relationship between different requirements and their interdependency should be recognised. Particular attention should be given to the situation where one part of the guidance is not fully followed, as this could have a negative effect on other provisions.",unchanged,
0.5,0.5,unchanged,1.0,exact_number+difflib,Guidance on matters that refer to more than one section of this document can be found in the following appendices.,Guidance on matters that refer to more than one section of this document can be found in the following appendices.,,
0.6,0.6,unchanged,1.0,exact_number+difflib,"The Building Regulations do not impose any requirements on the management of a building, but do assume that it will be properly managed. This includes, for example, keeping protected escape routes virtually ‘fire sterile’. Appropriate fire safety design considers the way in which a building will be managed. Any reliance on an unrealistic or unsustainable management regime cannot be considered to have met the requirements of the regulations. Once the building is in use, the management regime should be maintained and a suitable risk assessment undertaken for any variation in that regime. Failure to take proper management responsibility may result in the prosecution of an employer, building owner or occupier under legislation such as the Regulatory Reform (Fire Safety) Order 2005.","The Building Regulations do not impose any requirements on the management of a building, but do assume that it will be properly managed. This includes, for example, keeping protected escape routes virtually ‘fire sterile’. Appropriate fire safety design considers the way in which a building will be managed. Any reliance on an unrealistic or unsustainable management regime cannot be considered to have met the requirements of the regulations. Once the building is in use, the management regime should be maintained and a suitable risk assessment undertaken for any variation in that regime. Failure to take proper management responsibility may result in the prosecution of an employer, building owner or occupier under legislation such as the Regulatory Reform (Fire Safety) Order 2005.",,
0.7,0.7,unchanged,1.0,exact_number+difflib,"The Building Regulations are intended to ensure a reasonable standard of life safety in a fire. The protection of property, including the building itself, often requires additional measures. Insurers usually set higher standards before accepting the insurance risk. Many insurers use the RISCAuthority Design Guide for the Fire Protection of Buildings by the Fire Protection Association (FPA) as a basis for providing guidance to the building designer on what they require. Further information on the protection of property can be obtained from the FPA website: www.thefpa.co.uk.","The Building Regulations are intended to ensure a reasonable standard of life safety in a fire. The protection of property, including the building itself, often requires additional measures. Insurers usually set higher standards before accepting the insurance risk. Many insurers use the RISCAuthority Design Guide for the Fire Protection of Buildings by the Fire Protection Association (FPA) as a basis for providing guidance to the building designer on what they require. Further information on the protection of property can be obtained from the FPA website: www.thefpa.co.uk.",,
0.8,0.8,unchanged,1.0,exact_number+difflib,"The fire safety aspects of the Building Regulations aim to achieve reasonable standards of health and safety for people in and around buildings. People, regardless of ability, age or gender, should be able to access buildings and use their facilities. The fire safety measures incorporated into a building should take account of the needs of everyone who may access the building, both as visitors and as people who live or work in it. It is not appropriate, except in exceptional circumstances, to assume that certain groups of people will be excluded from a building because of its use. The provisions in this approved document are considered to be of a reasonable standard for most buildings. However, some people’s specific needs might not be addressed. In some situations, additional measures may be needed to accommodate these needs. This should be done on a case- by-case basis.","The fire safety aspects of the Building Regulations aim to achieve reasonable standards of health and safety for people in and around buildings. People, regardless of ability, age or gender, should be able to access buildings and use their facilities. The fire safety measures incorporated into a building should take account of the needs of everyone who may access the building, both as visitors and as people who live or work in it. It is not appropriate, except in exceptional circumstances, to assume that certain groups of people will be excluded from a building because of its use. The provisions in this approved document are considered to be of a reasonable standard for most buildings. However, some people’s specific needs might not be addressed. In some situations, additional measures may be needed to accommodate these needs. This should be done on a case- by-case basis.",,
0.9,0.9,unchanged,1.0,exact_number+difflib,"The fire safety requirements of the Building Regulations will probably be satisfied by following the relevant guidance in this approved document. However, approved documents provide guidance for some common building situations, and there may be alternative methods of complying with the Building Regulation requirements. If alternative methods are adopted, the overall level of safety should not be lower than the approved document provides. It is the responsibility of those undertaking the work to demonstrate compliance. If other standards or guidance documents are adopted, the relevant fire safety recommendations in those publications should be followed in their entirety. However, in some circumstances it may be necessary to use one publication to supplement another. Care must be taken when using supplementary guidance to ensure that an integrated approach is used in any one building. Guidance documents intended specifically for assessing fire safety in existing buildings often include less onerous provisions than those for new buildings and are therefore unlikely to be appropriate for building work that is controlled by the Building Regulations. Buildings for industrial and commercial activities that present a special fire hazard, e.g. those that sell fuels, may require additional fire precautions to those in this approved document.","The fire safety requirements of the Building Regulations will probably be satisfied by following the relevant guidance in this approved document. However, approved documents provide guidance for some common building situations, and there may be alternative methods of complying with the Building Regulation requirements. If alternative methods are adopted, the overall level of safety should not be lower than the approved document provides. It is the responsibility of those undertaking the work to demonstrate compliance. If other standards or guidance documents are adopted, the relevant fire safety recommendations in those publications should be followed in their entirety. However, in some circumstances it may be necessary to use one publication to supplement another. Care must be taken when using supplementary guidance to ensure that an integrated approach is used in any one building. Guidance documents intended specifically for assessing fire safety in existing buildings often include less onerous provisions than those for new buildings and are therefore unlikely to be appropriate for building work that is controlled by the Building Regulations. Buildings for industrial and commercial activities that present a special fire hazard, e.g. those that sell fuels, may require additional fire precautions to those in this approved document.",,
0.10,0.10,unchanged,1.0,exact_number+difflib,"Where Part B applies to existing buildings, particularly buildings of special architectural or historic interest for which the guidance in this document might prove too restrictive, some variation of the provisions in this document may be appropriate. In such cases, it is appropriate to assess the hazard and risk in the particular case and consider a range of fire safety features in that context.","Where Part B applies to existing buildings, particularly buildings of special architectural or historic interest for which the guidance in this document might prove too restrictive, some variation of the provisions in this document may be appropriate. In such cases, it is appropriate to assess the hazard and risk in the particular case and consider a range of fire safety features in that context.",,
0.11,0.11,unchanged,1.0,exact_number+difflib,"While many of the provisions in this approved document for means of escape from flats are applicable to sheltered housing, the nature of the occupancy may necessitate some additional fire protection measures. The extent of such measures will depend on the form of the development. For example, a group of specially adapted bungalows or two storey flats, with few communal facilities, will not need to be treated differently from other single storey or two storey dwellinghouses or flats.","While many of the provisions in this approved document for means of escape from flats are applicable to sheltered housing, the nature of the occupancy may necessitate some additional fire protection measures. The extent of such measures will depend on the form of the development. For example, a group of specially adapted bungalows or two storey flats, with few communal facilities, will not need to be treated differently from other single storey or two storey dwellinghouses or flats.",,
0.12,0.12,unchanged,1.0,exact_number+difflib,Fire safety engineering might provide an alternative approach to fire safety. Fire safety engineering may be the only practical way to achieve a satisfactory standard of fire safety in some complex buildings and in buildings that contain different uses. Fire safety engineering may also be suitable for solving a specific problem with a design that otherwise follows the provisions in this document.,Fire safety engineering might provide an alternative approach to fire safety. Fire safety engineering may be the only practical way to achieve a satisfactory standard of fire safety in some complex buildings and in buildings that contain different uses. Fire safety engineering may also be suitable for solving a specific problem with a design that otherwise follows the provisions in this document.,,
0.13,0.13,unchanged,1.0,exact_number+difflib,BS 7974 and supporting published documents (PDs) provide a framework for and guidance on the application of fire safety engineering principles to the design of buildings.,BS 7974 and supporting published documents (PDs) provide a framework for and guidance on the application of fire safety engineering principles to the design of buildings.,unchanged,
0.14,0.14,unchanged,1.0,exact_number+difflib,"Building uses are classified within different purpose groups, which represent different levels of hazard (see Table 0.1). A purpose group can apply to a whole building or a compartment within the building, and should relate to the main use of the building or compartment.","Building uses are classified within different purpose groups, which represent different levels of hazard (see Table 0.1). A purpose group can apply to a whole building or a compartment within the building, and should relate to the main use of the building or compartment.",unchanged,
0.15,0.15,unchanged,1.0,exact_number+difflib,"Where a building or compartment has more than one use, it is appropriate to assign each different use to its own purpose group in the following situations. a. If the ancillary use is a flat. b. If both of the following apply. i. The building or compartment has an area of more than 280m2. ii. The ancillary use relates to an area that is more than one-fifth of the total floor area of the building or compartment. c. In ‘shop and commercial’ (purpose group 4) buildings or compartments, if the ancillary use is storage and both of the following apply. i. The building or compartment has an area of more than 280m2. ii. The storage area comprises more than one-third of the total floor area of the building or compartment.","Where a building or compartment has more than one use, it is appropriate to assign each different use to its own purpose group in the following situations. a. If the ancillary use is a flat. b. If both of the following apply. i. The building or compartment has an area of more than 280m2. ii. The ancillary use relates to an area that is more than one-fifth of the total floor area of the building or compartment. c. In ‘shop and commercial’ (purpose group 4) buildings or compartments, if the ancillary use is storage and both of the following apply. i. The building or compartment has an area of more than 280m2. ii. The storage area comprises more than one-third of the total floor area of the building or compartment.",,
0.16,0.16,unchanged,1.0,exact_number+difflib,"Where there are multiple main uses that are not ancillary to one another (for example, shops with independent offices above), each use should be assigned to a purpose group in its own right. Where there is doubt as to which purpose group is appropriate, the more onerous guidance should be applied.","Where there are multiple main uses that are not ancillary to one another (for example, shops with independent offices above), each use should be assigned to a purpose group in its own right. Where there is doubt as to which purpose group is appropriate, the more onerous guidance should be applied.",unchanged,
0.17,0.17,unchanged,1.0,exact_number+difflib,"In sheltered housing, the guidance in design of communal facilities, such as a common lounge. Title Group Purpose for which the building or compartment of a building is intended to be used Residential 1(a)(1) Flat. 1(b)(2) Dwellinghouse that contains a habitable storey with a floor level a minimum of 4.5m 1(c)(2)(4) Dwellinghouse that does not contain a habitable storey with a floor level a minimum of 4.5m above ground level. Residential 2(a) Hospital, home, school or other similar establishment, where people sleep on the (institutional) premises. The building may be either of the following. maintenance of, either: people under the age of 5 years. • A place of lawful detention. Residential 2(b) Hotel, boarding house, residential college, hall of residence, hostel or any other (other) residential purpose not described above. Office 3 Offices or premises used for any of the following and their control: • performance (premises not open to the public). Shop and 4 Shops or premises used for either of the following. business of a barber or hairdresser, and the rental of storage space to the public). • Premises to which the public are invited either: – (except in the case of repair of motor vehicles) where the public themselves may carry out such repairs or other treatments. Title Group Purpose for which the building or compartment of a building is intended to be used Assembly and 5 Place of assembly, entertainment or recreation, including any of the following: • libraries open to the public, non-residential day centres, clinics, health centres and • zoos and menageries. Industrial 6 Factories and other premises used for any of the following: • slaughtering livestock. 7(a) Either of the following: residential(4) • place (other than described under 7(b)) for the storage or deposit of goods or materials • any building not within purpose groups 1 to 6. or light goods vehicles that weigh a maximum of 2500kg gross. NOTES: This table only applies to Part B. 1. Includes live/work units that meet the provisions of paragraph 3.24. 2. Includes any surgeries, consulting rooms, offices or other accommodation that meets all of the following conditions. a. A maximum of 50m2 in total. b. Part of a dwellinghouse. c. Used by an occupant of the dwellinghouse in a professional or business capacity. 3. Where very large (over 18m in height or with a 10m deep basement) or unusual dwellinghouses are proposed, some of the guidance for buildings other than dwellings may be needed. 4. All of the following are included in purpose group 1(c). a. A detached garage a maximum of 40m2 in area. b. A detached open carport a maximum 40m2 in area. c. A detached building that consists of a garage and open carport, each a maximum of 40m2 in area.","In sheltered housing, the guidance in design of communal facilities, such as a common lounge. Title Group Purpose for which the building or compartment of a building is intended to be used Residential 1(a)(1) Flat. 1(b)(2) Dwellinghouse that contains a habitable storey with a floor level a minimum of 4.5m 1(c)(2)(4) Dwellinghouse that does not contain a habitable storey with a floor level a minimum of 4.5m above ground level. Residential 2(a) Hospital, home, school or other similar establishment, where people sleep on the (institutional) premises. The building may be either of the following. maintenance of, either: people under the age of 5 years. • A place of lawful detention. Residential 2(b) Hotel, boarding house, residential college, hall of residence, hostel or any other (other) residential purpose not described above. Office 3 Offices or premises used for any of the following and their control: • performance (premises not open to the public). Shop and 4 Shops or premises used for either of the following. business of a barber or hairdresser, and the rental of storage space to the public). • Premises to which the public are invited either: – (except in the case of repair of motor vehicles) where the public themselves may carry out such repairs or other treatments. Title Group Purpose for which the building or compartment of a building is intended to be used Assembly and 5 Place of assembly, entertainment or recreation, including any of the following: • libraries open to the public, non-residential day centres, clinics, health centres and • zoos and menageries. Industrial 6 Factories and other premises used for any of the following: • slaughtering livestock. 7(a) Either of the following: residential(4) • place (other than described under 7(b)) for the storage or deposit of goods or materials • any building not within purpose groups 1 to 6. or light goods vehicles that weigh a maximum of 2500kg gross. NOTES: This table only applies to Part B. 1. Includes live/work units that meet the provisions of paragraph 3.24. 2. Includes any surgeries, consulting rooms, offices or other accommodation that meets all of the following conditions. a. A maximum of 50m2 in total. b. Part of a dwellinghouse. c. Used by an occupant of the dwellinghouse in a professional or business capacity. 3. Where very large (over 18m in height or with a 10m deep basement) or unusual dwellinghouses are proposed, some of the guidance for buildings other than dwellings may be needed. 4. All of the following are included in purpose group 1(c). a. A detached garage a maximum of 40m2 in area. b. A detached open carport a maximum 40m2 in area. c. A detached building that consists of a garage and open carport, each a maximum of 40m2 in area.",unchanged,
0.18,0.18,unchanged,1.0,exact_number+difflib,This approved document includes reference to selected guidance for buildings other than consulted in addition to the guidance contained in this approved document.,This approved document includes reference to selected guidance for buildings other than consulted in addition to the guidance contained in this approved document.,,
0.19,0.19,unchanged,1.0,exact_number+difflib,"Where a complex mix of uses exists, the effect that one use may have on another in terms of risk should be considered. It could be necessary to use guidance from both volumes, apply other guidance (such as from HTM 05-02 or Building Bulletin 100), and/or apply special measures to reduce the risk.","Where a complex mix of uses exists, the effect that one use may have on another in terms of risk should be considered. It could be necessary to use guidance from both volumes, apply other guidance (such as from HTM 05-02 or Building Bulletin 100), and/or apply special measures to reduce the risk.",,
1.1,1.1,unchanged,1.0,exact_number+difflib,"All dwellings should have a fire detection and alarm system, minimum Grade D2 Category LD3 standard, in accordance with the relevant recommendations of BS 5839-6. A higher standard of protection should be considered where occupants of a proposed dwelling would be at special risk from fire. Further advice on this is also given in BS 5839-6.","All dwellings should have a fire detection and alarm system, minimum Grade D2 Category LD3 standard, in accordance with the relevant recommendations of BS 5839-6. A higher standard of protection should be considered where occupants of a proposed dwelling would be at special risk from fire. Further advice on this is also given in BS 5839-6.",,
1.2,1.2,unchanged,1.0,exact_number+difflib,Smoke alarms should be mains operated and conform to BS EN 14604.,Smoke alarms should be mains operated and conform to BS EN 14604.,,
1.3,1.3,unchanged,1.0,exact_number+difflib,Heat alarms should be mains operated and conform to BS 5446-2.,Heat alarms should be mains operated and conform to BS 5446-2.,,
1.4,1.4,unchanged,1.0,exact_number+difflib,"Smoke and heat alarms should have a standby power supply, such as a battery (rechargeable or non-rechargeable) or capacitor. More information on power supplies is given in clause 15 of BS 5839-6. NOTE: The term ‘fire alarm system’ describes the combination of components for giving an audible and/or other perceptible warning of fire. NOTE: In this document, the term ‘fire detection system’ describes any type of automatic sensor network and associated control and indicating equipment. Sensors may be sensitive to smoke, heat, gaseous combustion products or radiation. Automatic sprinkler systems can also be used to operate a fire alarm system.","Smoke and heat alarms should have a standby power supply, such as a battery (rechargeable or non-rechargeable) or capacitor. More information on power supplies is given in clause 15 of BS 5839-6. NOTE: The term ‘fire alarm system’ describes the combination of components for giving an audible and/or other perceptible warning of fire. NOTE: In this document, the term ‘fire detection system’ describes any type of automatic sensor network and associated control and indicating equipment. Sensors may be sensitive to smoke, heat, gaseous combustion products or radiation. Automatic sprinkler systems can also be used to operate a fire alarm system.",,
1.5,1.5,unchanged,1.0,exact_number+difflib,"A large dwellinghouse has more than one storey, and at least one storey exceeds 200m2.","A large dwellinghouse has more than one storey, and at least one storey exceeds 200m2.",,
1.6,1.6,unchanged,1.0,exact_number+difflib,"A large dwellinghouse of two storeys (excluding basement storeys) should be fitted with a Grade A Category LD3 fire detection and alarm system, as described in BS 5839-6.","A large dwellinghouse of two storeys (excluding basement storeys) should be fitted with a Grade A Category LD3 fire detection and alarm system, as described in BS 5839-6.",,
1.7,1.7,unchanged,1.0,exact_number+difflib,A large dwellinghouse of three or more storeys (excluding basement storeys) should be fitted with a Grade A Category LD2 fire detection and alarm system as described in BS 5839-6.,A large dwellinghouse of three or more storeys (excluding basement storeys) should be fitted with a Grade A Category LD2 fire detection and alarm system as described in BS 5839-6.,,
1.8,1.8,unchanged,1.0,exact_number+difflib,"Where new habitable rooms are provided, a fire detection and alarm system should be installed where either of the following applies. a. The room is provided above or below the ground storey. b. The room is provided at the ground storey, without a final exit.","Where new habitable rooms are provided, a fire detection and alarm system should be installed where either of the following applies. a. The room is provided above or below the ground storey. b. The room is provided at the ground storey, without a final exit.",,
1.9,1.9,unchanged,1.0,exact_number+difflib,Smoke alarms should be provided in the circulation spaces of the dwelling in accordance with paragraphs 1.1 to 1.4. NOTE: This does not apply where inner rooms are provided (see paragraph 2.11 for inner room requirements).,Smoke alarms should be provided in the circulation spaces of the dwelling in accordance with paragraphs 1.1 to 1.4. NOTE: This does not apply where inner rooms are provided (see paragraph 2.11 for inner room requirements).,,
1.10,1.10,unchanged,1.0,exact_number+difflib,"Each flat in a block should have alarms as set out in paragraphs 1.1 to 1.4. With effective compartmentation, a communal fire alarm system is not normally needed. In some buildings, detectors in common parts of the building may need to operate smoke control or other fire protection systems but do not usually sound an audible warning.","Each flat in a block should have alarms as set out in paragraphs 1.1 to 1.4. With effective compartmentation, a communal fire alarm system is not normally needed. In some buildings, detectors in common parts of the building may need to operate smoke control or other fire protection systems but do not usually sound an audible warning.",,
1.11,1.11,unchanged,1.0,exact_number+difflib,"In student residences that are designed and occupied as a block of flats, separate automatic detection should be provided in each self-contained flat where all of the following apply. a. A group of up to six students shares the flat. b. Each flat has its own entrance door. c. The compartmentation principles for flats in Section 7 have been followed. Where a total evacuation strategy is adopted, the alarm system should follow the guidance for","In student residences that are designed and occupied as a block of flats, separate automatic detection should be provided in each self-contained flat where all of the following apply. a. A group of up to six students shares the flat. b. Each flat has its own entrance door. c. The compartmentation principles for flats in Section 7 have been followed. Where a total evacuation strategy is adopted, the alarm system should follow the guidance for",,
1.12,1.12,unchanged,1.0,exact_number+difflib,The fire detection and alarm systems in flats should connect to a central monitoring point or alarm receiving centre. The systems should alert the warden or supervisor and identify the individual flat where a fire has been detected.,The fire detection and alarm systems in flats should connect to a central monitoring point or alarm receiving centre. The systems should alert the warden or supervisor and identify the individual flat where a fire has been detected.,,
1.13,1.13,unchanged,1.0,exact_number+difflib,"These provisions do not apply to the following. a. The common parts of a sheltered housing development, such as communal lounges. b. Sheltered accommodation in the 'residential (institutional)' or 'residential (other)' purpose groups (purpose group 2(a) or 2(b)). In these parts, means of warning should follow the guidance for buildings other than dwellings in","These provisions do not apply to the following. a. The common parts of a sheltered housing development, such as communal lounges. b. Sheltered accommodation in the 'residential (institutional)' or 'residential (other)' purpose groups (purpose group 2(a) or 2(b)). In these parts, means of warning should follow the guidance for buildings other than dwellings in",,
1.14,1.14,unchanged,1.0,exact_number+difflib,"Fire detection and alarm systems must be properly designed, installed and maintained. A design, installation and commissioning certificate should be provided for fire detection and alarm systems. Third party certification schemes for fire protection products and related services are an effective means of providing assurances of quality, reliability and safety.","Fire detection and alarm systems must be properly designed, installed and maintained. A design, installation and commissioning certificate should be provided for fire detection and alarm systems. Third party certification schemes for fire protection products and related services are an effective means of providing assurances of quality, reliability and safety.",,
1.15,1.15,unchanged,1.0,exact_number+difflib,"Fire detection and alarm systems sometimes trigger other systems. The interface between systems must be reliable. Particular care should be taken if the interface is facilitated via another system. Where any part of BS 7273 applies to the triggering of other systems, the recommendations of that part of BS 7273 should be followed.","Fire detection and alarm systems sometimes trigger other systems. The interface between systems must be reliable. Particular care should be taken if the interface is facilitated via another system. Where any part of BS 7273 applies to the triggering of other systems, the recommendations of that part of BS 7273 should be followed.",,
2.1,2.1,unchanged,1.0,exact_number+difflib,"See Diagram 2.1a. All habitable rooms (excluding kitchens) should have either of the following. a. An opening directly onto a hall leading to a final exit. b. An emergency escape window or door, as described in paragraph 2.10.","See Diagram 2.1a. All habitable rooms (excluding kitchens) should have either of the following. a. An opening directly onto a hall leading to a final exit. b. An emergency escape window or door, as described in paragraph 2.10.",,
2.2,2.2,unchanged,1.0,exact_number+difflib,"See Diagram 2.1b. Where served by only one stair, all habitable rooms (excluding kitchens) should have either of the following. a. An emergency escape window or external door, as described in paragraph 2.10. b. Direct access to a protected stairway, as described in paragraph 2.5a.","See Diagram 2.1b. Where served by only one stair, all habitable rooms (excluding kitchens) should have either of the following. a. An emergency escape window or external door, as described in paragraph 2.10. b. Direct access to a protected stairway, as described in paragraph 2.5a.",,
2.3,2.3,unchanged,1.0,exact_number+difflib,Two rooms may be served by a single window. A door between the rooms should provide access to the window without passing through the stair enclosure. Both rooms should have their own access to the internal stair.,Two rooms may be served by a single window. A door between the rooms should provide access to the window without passing through the stair enclosure. Both rooms should have their own access to the internal stair.,,
2.4,2.4,unchanged,1.0,exact_number+difflib,"Dwellinghouses with one internal stair should comply with paragraphs 2.5 and 2.6. In dwellinghouses with more than one stair, the stairs should provide effective alternative means of escape. The stairs should be physically separated by either of the following. a. Fire resisting construction (minimum REI 30). b. More than one room.","Dwellinghouses with one internal stair should comply with paragraphs 2.5 and 2.6. In dwellinghouses with more than one stair, the stairs should provide effective alternative means of escape. The stairs should be physically separated by either of the following. a. Fire resisting construction (minimum REI 30). b. More than one room.",,
2.5,2.5,unchanged,1.0,exact_number+difflib,"See Diagram 2.1c. The dwellinghouse should have either of the following. a. Protected stairway – a stair separated by fire resisting construction (minimum REI 30) at all storeys, that complies with one of the following. i. Extends to a final exit (Diagram 2.2a). ii. Gives access to a minimum of two ground level final exits that are separated from each other by fire resisting construction (minimum REI 30) and fire doorsets (minimum E 20) (Diagram 2.2b). Cavity barriers or a fire resisting ceiling (minimum EI 30) should be provided above a protected stairway enclosure (Diagram 2.3). b. Alternative escape route – a top storey separated from lower storeys by fire resisting construction (minimum REI 30) and with an alternative escape route leading to its own final exit. and escape windows. a protected stairway. Escape via entrance hall. Escape via entrance hall. escape windows or doors. escape windows or doors. Escape via protected stairway. route or sprinklers. No inner rooms allowed. Escape via protected stairway. Escape via protected stairway. No inner rooms allowed. No inner rooms allowed. Escape via protected stairway. Escape via protected stairway. escape windows. escape windows. Escape via entrance hall. Escape via entrance hall. escape windows or doors. escape windows or doors. Note: This diagram must be read in conjunction with all of the relevant guidance given in section 2. a. b. a. Cavity barrier b.","See Diagram 2.1c. The dwellinghouse should have either of the following. a. Protected stairway – a stair separated by fire resisting construction (minimum REI 30) at all storeys, that complies with one of the following. i. Extends to a final exit (Diagram 2.2a). ii. Gives access to a minimum of two ground level final exits that are separated from each other by fire resisting construction (minimum REI 30) and fire doorsets (minimum E 20) (Diagram 2.2b). Cavity barriers or a fire resisting ceiling (minimum EI 30) should be provided above a protected stairway enclosure (Diagram 2.3). b. Alternative escape route – a top storey separated from lower storeys by fire resisting construction (minimum REI 30) and with an alternative escape route leading to its own final exit. and escape windows. a protected stairway. Escape via entrance hall. Escape via entrance hall. escape windows or doors. escape windows or doors. Escape via protected stairway. route or sprinklers. No inner rooms allowed. Escape via protected stairway. Escape via protected stairway. No inner rooms allowed. No inner rooms allowed. Escape via protected stairway. Escape via protected stairway. escape windows. escape windows. Escape via entrance hall. Escape via entrance hall. escape windows or doors. escape windows or doors. Note: This diagram must be read in conjunction with all of the relevant guidance given in section 2. a. b. a. Cavity barrier b.",modified,
2.6,2.6,unchanged,1.0,exact_number+difflib,"See Diagram 2.1d. In addition to meeting the provisions in paragraph 2.5, the dwellinghouse should comply with either of the following. a. Provide an alternative escape route from each storey more than 7.5m above ground level. At the first storey above 7.5m, the protected stairway should be separated from the lower storeys by fire resisting construction (minimum REI 30) if the alternative escape route is accessed via either of the following. i. The protected stairway to an upper storey. ii. A landing within the protected stairway enclosure to an alternative escape route on the same storey. The protected stairway at or about 7.5m above ground level should be separated from the lower storeys or levels by fire resisting construction (see Diagram 2.4). b. Provide a sprinkler system throughout, designed and installed in accordance with BS 9251.","See Diagram 2.1d. In addition to meeting the provisions in paragraph 2.5, the dwellinghouse should comply with either of the following. a. Provide an alternative escape route from each storey more than 7.5m above ground level. At the first storey above 7.5m, the protected stairway should be separated from the lower storeys by fire resisting construction (minimum REI 30) if the alternative escape route is accessed via either of the following. i. The protected stairway to an upper storey. ii. A landing within the protected stairway enclosure to an alternative escape route on the same storey. The protected stairway at or about 7.5m above ground level should be separated from the lower storeys or levels by fire resisting construction (see Diagram 2.4). b. Provide a sprinkler system throughout, designed and installed in accordance with BS 9251.",,
2.7,2.7,unchanged,1.0,exact_number+difflib,"A passenger lift serving any storey more than 4.5m above ground level should be in either of the following. a. The enclosure to the protected stairway, as described in paragraph 2.5. b. A fire resisting lift shaft (minimum REI 30).","A passenger lift serving any storey more than 4.5m above ground level should be in either of the following. a. The enclosure to the protected stairway, as described in paragraph 2.5. b. A fire resisting lift shaft (minimum REI 30).",,
2.8,2.8,unchanged,1.0,exact_number+difflib,Air circulation systems which circulate air within an individual dwellinghouse with a floor more than 4.5m above ground level should meet the guidance given in paragraph 2.9.,Air circulation systems which circulate air within an individual dwellinghouse with a floor more than 4.5m above ground level should meet the guidance given in paragraph 2.9.,,
2.9,2.9,unchanged,1.0,exact_number+difflib,"All of the following precautions should be taken to avoid the spread of smoke and fire to the protected stairway. a. Transfer grilles should not be fitted in any wall, door, floor or ceiling of the stair enclosure. b. Any duct passing through the stair enclosure should be rigid steel. Joints between the ductwork and stair enclosure should be fire-stopped. c. Ventilation ducts supplying or extracting air directly to or from a protected stairway should not serve other areas as well. d. Any system of mechanical ventilation which recirculates air and which serves both the stair and other areas should be designed to shut down on the detection of smoke within the system. e. For ducted warm air heating systems, a room thermostat should be sited in the living room. It should be mounted at a height between 1370mm and 1830mm above the floor. The maximum setting should be 27°C. NOTE: Ventilation ducts passing through compartment walls should comply with the guidance in Section 9.","All of the following precautions should be taken to avoid the spread of smoke and fire to the protected stairway. a. Transfer grilles should not be fitted in any wall, door, floor or ceiling of the stair enclosure. b. Any duct passing through the stair enclosure should be rigid steel. Joints between the ductwork and stair enclosure should be fire-stopped. c. Ventilation ducts supplying or extracting air directly to or from a protected stairway should not serve other areas as well. d. Any system of mechanical ventilation which recirculates air and which serves both the stair and other areas should be designed to shut down on the detection of smoke within the system. e. For ducted warm air heating systems, a room thermostat should be sited in the living room. It should be mounted at a height between 1370mm and 1830mm above the floor. The maximum setting should be 27°C. NOTE: Ventilation ducts passing through compartment walls should comply with the guidance in Section 9.",,
2.10,2.10,unchanged,1.0,exact_number+difflib,Windows or external doors providing emergency escape should comply with all of the following. a. Windows should have an unobstructed openable area that complies with all of the following. i. A minimum area of 0.33m2. window may be at an angle rather than straight through). iii. The bottom of the openable area is a maximum of 1100mm above the floor. b. People escaping should be able to reach a place free from danger from fire. Courtyards or inaccessible back gardens should comply with Diagram 2.5. c. Locks (with or without removable keys) and opening stays (with child-resistant release catches) may be fitted to escape windows. d. Windows should be capable of remaining open without being held. dwellinghouse is to an x min. the space should exceed whichever is the greater of the following. ground level (x). b. Where a rear extension is extension (y).,Windows or external doors providing emergency escape should comply with all of the following. a. Windows should have an unobstructed openable area that complies with all of the following. i. A minimum area of 0.33m2. window may be at an angle rather than straight through). iii. The bottom of the openable area is a maximum of 1100mm above the floor. b. People escaping should be able to reach a place free from danger from fire. Courtyards or inaccessible back gardens should comply with Diagram 2.5. c. Locks (with or without removable keys) and opening stays (with child-resistant release catches) may be fitted to escape windows. d. Windows should be capable of remaining open without being held. dwellinghouse is to an x min. the space should exceed whichever is the greater of the following. ground level (x). b. Where a rear extension is extension (y).,,
2.11,2.11,unchanged,1.0,exact_number+difflib,"An inner room is permitted when it is one of the following. a. A kitchen. b. A laundry or utility room. c. A dressing room. d. A bathroom, WC or shower room. e. Any room on a storey that is a maximum of 4.5m above ground level which is provided with an emergency escape window as described in paragraph 2.10. f. A gallery that complies with paragraph 2.15.","An inner room is permitted when it is one of the following. a. A kitchen. b. A laundry or utility room. c. A dressing room. d. A bathroom, WC or shower room. e. Any room on a storey that is a maximum of 4.5m above ground level which is provided with an emergency escape window as described in paragraph 2.10. f. A gallery that complies with paragraph 2.15.",unchanged,
2.12,2.12,unchanged,1.0,exact_number+difflib,A room accessed only via an inner room (an inner inner room) is acceptable when all of the following apply. a. It complies with paragraph 2.11. b. The access rooms each have a smoke alarm (see Section 1). c. None of the access rooms is a kitchen.,A room accessed only via an inner room (an inner inner room) is acceptable when all of the following apply. a. It complies with paragraph 2.11. b. The access rooms each have a smoke alarm (see Section 1). c. None of the access rooms is a kitchen.,,
2.13,2.13,unchanged,1.0,exact_number+difflib,"Where a flat roof forms part of a means of escape, it should comply with all of the following. a. It should be part of the same building from which escape is being made. b. The route across the roof should lead to a storey exit or external escape route. c. The part of the roof (including its supporting structure) forming the escape route, and any opening within 3m of the escape route, should be of fire resisting construction (minimum REI 30).","Where a flat roof forms part of a means of escape, it should comply with all of the following. a. It should be part of the same building from which escape is being made. b. The route across the roof should lead to a storey exit or external escape route. c. The part of the roof (including its supporting structure) forming the escape route, and any opening within 3m of the escape route, should be of fire resisting construction (minimum REI 30).",,
2.14,2.14,unchanged,1.0,exact_number+difflib,A balcony or flat roof intended to form part of an escape route should be provided with guarding etc. in accordance with Approved Document K.,A balcony or flat roof intended to form part of an escape route should be provided with guarding etc. in accordance with Approved Document K.,unchanged,
2.15,2.15,unchanged,1.0,exact_number+difflib,"A gallery should comply with one of the following. a. It should be provided with an alternative exit. b. It should be provided with an emergency escape window, as described in paragraph 2.10, where the gallery floor is a maximum of 4.5m above ground level. c. It should meet all the conditions shown in Diagram 2.6. NOTES: 1. This diagram does not apply where the gallery is provided with one of the following: 7.5 max. i. An alternative escape route floor is not more than 4.5m above ground level). should comply with one of the following conditions: Visible area to 3m max. i. Be enclosed with fire resisting construction be at least 50% ii. Be remote from the stair to the gallery and positioned of floor area in such that they do not prejudice escape from the gallery.","A gallery should comply with one of the following. a. It should be provided with an alternative exit. b. It should be provided with an emergency escape window, as described in paragraph 2.10, where the gallery floor is a maximum of 4.5m above ground level. c. It should meet all the conditions shown in Diagram 2.6. NOTES: 1. This diagram does not apply where the gallery is provided with one of the following: 7.5 max. i. An alternative escape route floor is not more than 4.5m above ground level). should comply with one of the following conditions: Visible area to 3m max. i. Be enclosed with fire resisting construction be at least 50% ii. Be remote from the stair to the gallery and positioned of floor area in such that they do not prejudice escape from the gallery.",,
2.16,2.16,unchanged,1.0,exact_number+difflib,Basement storeys containing habitable rooms should have one of the following. (paragraph 2.10). b. A protected stairway (paragraph 2.5a) leading from the basement to a final exit.,Basement storeys containing habitable rooms should have one of the following. (paragraph 2.10). b. A protected stairway (paragraph 2.5a) leading from the basement to a final exit.,,
2.17,2.17,unchanged,1.0,exact_number+difflib,"Any external escape stair should meet all of the following conditions (Diagram 2.7). a. Doors to the stair should be fire resisting (minimum E 30), except for a single exit door from the building to the top landing of a downward-leading external stair. b. Fire resisting construction (minimum RE 30) is required for the building envelope within the following zones, measured from the flights and landings of the external stair. i. 1800mm horizontally. ii. 9m vertically below. iii. 1100mm above the top landing of the stair (except where the stair leads from basement to ground level). c. Fire resisting construction (minimum RE 30) should be provided for any part of the building (including doors) within 1800mm of the escape route from the foot of the stair to a place of safety. This does not apply if there are alternative escape routes from the foot of the external escape stair. d. Stairs more than 6m in height should be protected from adverse weather. Protection should prevent the build-up of snow or ice but does not require full enclosure. e. Glazing in areas of fire resisting construction should be fixed shut and fire resisting (in terms of integrity, but not insulation) (minimum E 30). 6m max.","Any external escape stair should meet all of the following conditions (Diagram 2.7). a. Doors to the stair should be fire resisting (minimum E 30), except for a single exit door from the building to the top landing of a downward-leading external stair. b. Fire resisting construction (minimum RE 30) is required for the building envelope within the following zones, measured from the flights and landings of the external stair. i. 1800mm horizontally. ii. 9m vertically below. iii. 1100mm above the top landing of the stair (except where the stair leads from basement to ground level). c. Fire resisting construction (minimum RE 30) should be provided for any part of the building (including doors) within 1800mm of the escape route from the foot of the stair to a place of safety. This does not apply if there are alternative escape routes from the foot of the external escape stair. d. Stairs more than 6m in height should be protected from adverse weather. Protection should prevent the build-up of snow or ice but does not require full enclosure. e. Glazing in areas of fire resisting construction should be fixed shut and fire resisting (in terms of integrity, but not insulation) (minimum E 30). 6m max.",,
2.18,2.18,unchanged,1.0,exact_number+difflib,"Work should comply with Parts K and L of Schedule 1 to the Building Regulations. When complete, the building should comply with other applicable parts of Schedule 1 to at least the same level as before.","Work should comply with Parts K and L of Schedule 1 to the Building Regulations. When complete, the building should comply with other applicable parts of Schedule 1 to at least the same level as before.",unchanged,
2.19,2.19,unchanged,1.0,exact_number+difflib,"Where an existing window would be an escape window in a new dwellinghouse, and is big enough to be used for escape purposes, then the replacement should comply with one of the following. a. The replacement window should be sized to provide at least the same potential for escape. b. If the existing window was larger than required for escape purposes, the opening can be reduced to the minimum described in paragraph 2.10.","Where an existing window would be an escape window in a new dwellinghouse, and is big enough to be used for escape purposes, then the replacement should comply with one of the following. a. The replacement window should be sized to provide at least the same potential for escape. b. If the existing window was larger than required for escape purposes, the opening can be reduced to the minimum described in paragraph 2.10.",,
2.20,2.20,unchanged,1.0,exact_number+difflib,"If windows are replaced, it may be necessary to provide cavity barriers around the opening in accordance with Section 5.","If windows are replaced, it may be necessary to provide cavity barriers around the opening in accordance with Section 5.",,
2.21,2.21,unchanged,1.0,exact_number+difflib,"Where a new storey is added through conversion to create a storey above 4.5m, both of the following should apply. a. The full extent of the escape route should be addressed. b. Fire resisting doors (minimum E 20) and partitions (minimum REI 30) should be provided, including upgrading the existing doors where necessary. NOTE: Where the layout is open plan, new partitions should be provided to enclose the escape route (Diagram 2.2).","Where a new storey is added through conversion to create a storey above 4.5m, both of the following should apply. a. The full extent of the escape route should be addressed. b. Fire resisting doors (minimum E 20) and partitions (minimum REI 30) should be provided, including upgrading the existing doors where necessary. NOTE: Where the layout is open plan, new partitions should be provided to enclose the escape route (Diagram 2.2).",,
2.22,2.22,unchanged,1.0,exact_number+difflib,"Where it is undesirable to replace existing doors because of historical or architectural merit, the possibility of retaining, and where necessary upgrading, them should be investigated.","Where it is undesirable to replace existing doors because of historical or architectural merit, the possibility of retaining, and where necessary upgrading, them should be investigated.",,
2.23,2.23,unchanged,1.0,exact_number+difflib,An alternative approach to that described in paragraph 2.21 would be to comply with all of the following. a. Provide sprinkler protection to the open-plan areas. b. Provide a fire resisting partition (minimum REI 30) and door (minimum E 20) to separate the ground storey from the upper storeys. The door should allow occupants of the loft room access to a first storey escape window. c. Separate cooking facilities from the open-plan area with fire resisting construction (minimum REI 30).,An alternative approach to that described in paragraph 2.21 would be to comply with all of the following. a. Provide sprinkler protection to the open-plan areas. b. Provide a fire resisting partition (minimum REI 30) and door (minimum E 20) to separate the ground storey from the upper storeys. The door should allow occupants of the loft room access to a first storey escape window. c. Separate cooking facilities from the open-plan area with fire resisting construction (minimum REI 30).,unchanged,
3.1,3.1,unchanged,1.0,exact_number+difflib,"Separate guidance applies to means of escape within the flat and within the common parts of the building that lead to a place of safety. Flats at ground level are treated similarly to dwellinghouses. With increasing height, more complex provisions are needed.","Separate guidance applies to means of escape within the flat and within the common parts of the building that lead to a place of safety. Flats at ground level are treated similarly to dwellinghouses. With increasing height, more complex provisions are needed.",,
3.2,3.2,unchanged,1.0,exact_number+difflib,"The provisions in this section make the following assumptions. a. Any fire is likely to be in a flat. b. There is no reliance on external rescue. c. Simultaneous evacuation of all flats is unlikely to be necessary due to compartmentation. d. Fires in common parts of the building should not spread beyond the fabric in the immediate vicinity. In some cases, however, communal facilities exist that require additional measures to be taken.","The provisions in this section make the following assumptions. a. Any fire is likely to be in a flat. b. There is no reliance on external rescue. c. Simultaneous evacuation of all flats is unlikely to be necessary due to compartmentation. d. Fires in common parts of the building should not spread beyond the fabric in the immediate vicinity. In some cases, however, communal facilities exist that require additional measures to be taken.",,
3.3,3.3,unchanged,1.0,exact_number+difflib,"Provisions are recommended to support a stay put evacuation strategy for blocks of flats. It is based on the principle that a fire is contained in the flat of origin and common escape routes are maintained relatively free from smoke and heat. It allows occupants, some of whom may require assistance to escape in the event of a fire, in other flats that are not affected to remain. Sufficient protection to common means of escape is necessary to allow occupants to escape should they choose to do so or are instructed/aided to by the fire service. A higher standard of protection is therefore needed to ensure common escape routes remain available for a longer period than is provided in other buildings.","Provisions are recommended to support a stay put evacuation strategy for blocks of flats. It is based on the principle that a fire is contained in the flat of origin and common escape routes are maintained relatively free from smoke and heat. It allows occupants, some of whom may require assistance to escape in the event of a fire, in other flats that are not affected to remain. Sufficient protection to common means of escape is necessary to allow occupants to escape should they choose to do so or are instructed/aided to by the fire service. A higher standard of protection is therefore needed to ensure common escape routes remain available for a longer period than is provided in other buildings.",,
3.4,3.4,unchanged,1.0,exact_number+difflib,Paragraphs 3.6 to 3.23 deal with the means of escape within each flat. Paragraphs 3.25 to 3.89 deal with the means of escape in common areas of the building (including mixed use buildings in paragraphs 3.76 and 3.77). Guidance for live/work units is given in paragraph 3.24.,Paragraphs 3.6 to 3.23 deal with the means of escape within each flat. Paragraphs 3.25 to 3.89 deal with the means of escape in common areas of the building (including mixed use buildings in paragraphs 3.76 and 3.77). Guidance for live/work units is given in paragraph 3.24.,,
3.5,3.5,unchanged,1.0,exact_number+difflib,"In mixed use buildings, separate means of escape should be provided from any storeys or parts of storeys used for the ‘residential’ or ‘assembly and recreation’ purpose groups (purpose groups 1, 2 and 5), other than in the case of certain small buildings or buildings in which the residential accommodation is ancillary (see paragraphs 3.76 and 3.77)","In mixed use buildings, separate means of escape should be provided from any storeys or parts of storeys used for the ‘residential’ or ‘assembly and recreation’ purpose groups (purpose groups 1, 2 and 5), other than in the case of certain small buildings or buildings in which the residential accommodation is ancillary (see paragraphs 3.76 and 3.77)",,
3.6,3.6,unchanged,1.0,exact_number+difflib,Windows or external doors providing emergency escape should comply with all of the following. a. Windows should have an unobstructed openable area that complies with all of the following. i. A minimum area of 0.33m2. ii. A minimum height of 450mm and a minimum width of 450mm (the route through the window may be at an angle rather than straight through). iii. The bottom of the openable area is a maximum of 1100mm above the floor. b. People escaping should be able to reach a place free from danger from fire. c. Locks (with or without removable keys) and opening stays (with child-resistant release catches) may be fitted to escape windows. d. Windows should be capable of remaining open without being held.,Windows or external doors providing emergency escape should comply with all of the following. a. Windows should have an unobstructed openable area that complies with all of the following. i. A minimum area of 0.33m2. ii. A minimum height of 450mm and a minimum width of 450mm (the route through the window may be at an angle rather than straight through). iii. The bottom of the openable area is a maximum of 1100mm above the floor. b. People escaping should be able to reach a place free from danger from fire. c. Locks (with or without removable keys) and opening stays (with child-resistant release catches) may be fitted to escape windows. d. Windows should be capable of remaining open without being held.,,
3.7,3.7,unchanged,1.0,exact_number+difflib,"An inner room is permitted when it is one of the following. a. A kitchen. b. A laundry or utility room. c. A dressing room. d. A bathroom, WC or shower room. e. Any room on a storey that is a maximum of 4.5m above ground level which is provided with an emergency escape window as described in paragraph 3.6. f. A gallery that complies with paragraph 3.13.","An inner room is permitted when it is one of the following. a. A kitchen. b. A laundry or utility room. c. A dressing room. d. A bathroom, WC or shower room. e. Any room on a storey that is a maximum of 4.5m above ground level which is provided with an emergency escape window as described in paragraph 3.6. f. A gallery that complies with paragraph 3.13.",,
3.8,3.8,unchanged,1.0,exact_number+difflib,A room accessed only via an inner room (an inner inner room) is acceptable when all of the following apply. a. It complies with paragraph 3.7. b. The access rooms each have a smoke alarm (see Section 1). c. None of the access rooms is a kitchen.,A room accessed only via an inner room (an inner inner room) is acceptable when all of the following apply. a. It complies with paragraph 3.7. b. The access rooms each have a smoke alarm (see Section 1). c. None of the access rooms is a kitchen.,,
3.9,3.9,unchanged,1.0,exact_number+difflib,Basement storeys containing habitable rooms should have one of the following. a. An emergency escape window or external door providing escape from the basement (see paragraph 3.6). b. A protected stairway (minimum REI 30) leading from the basement to a final exit.,Basement storeys containing habitable rooms should have one of the following. a. An emergency escape window or external door providing escape from the basement (see paragraph 3.6). b. A protected stairway (minimum REI 30) leading from the basement to a final exit.,,
3.10,3.10,unchanged,1.0,exact_number+difflib,"Where a flat roof forms part of a means of escape, it should comply with all of the following. a. It should be part of the same building from which escape is being made. b. The route across the roof should lead to a storey exit or external escape route. c. The part of the roof (including its supporting structure) forming the escape route, and any opening within 3m of the escape route, should be of fire resisting construction (minimum REI 30).","Where a flat roof forms part of a means of escape, it should comply with all of the following. a. It should be part of the same building from which escape is being made. b. The route across the roof should lead to a storey exit or external escape route. c. The part of the roof (including its supporting structure) forming the escape route, and any opening within 3m of the escape route, should be of fire resisting construction (minimum REI 30).",,
3.11,3.11,unchanged,1.0,exact_number+difflib,A balcony or flat roof intended to form part of an escape route should be provided with guarding etc. in accordance with Approved Document K.,A balcony or flat roof intended to form part of an escape route should be provided with guarding etc. in accordance with Approved Document K.,,
3.12,3.12,unchanged,1.0,exact_number+difflib,"For flats more than 4.5m above ground level, a balcony outside an alternative exit should be a common balcony meeting the conditions described in paragraph 3.22.","For flats more than 4.5m above ground level, a balcony outside an alternative exit should be a common balcony meeting the conditions described in paragraph 3.22.",,
3.13,3.13,unchanged,1.0,exact_number+difflib,"A gallery should comply with one of the following. a. It should be provided with an alternative exit. b. It should be provided with an emergency escape window, as described in paragraph 3.6, where the gallery floor is a maximum of 4.5m above ground level. c. It should meet the conditions shown in Diagram 3.1. NOTES: 1. This diagram does not apply where the gallery is provided with one of the following: 7.5 max. i. An alternative escape route floor is not more than 4.5m above ground level). should comply with one of the following conditions: Visible area to 3m max. i. Be enclosed with fire resisting construction be at least 50% ii. Be remote from the stair to the gallery and positioned of floor area in such that they do not prejudice escape from the gallery.","A gallery should comply with one of the following. a. It should be provided with an alternative exit. b. It should be provided with an emergency escape window, as described in paragraph 3.6, where the gallery floor is a maximum of 4.5m above ground level. c. It should meet the conditions shown in Diagram 3.1. NOTES: 1. This diagram does not apply where the gallery is provided with one of the following: 7.5 max. i. An alternative escape route floor is not more than 4.5m above ground level). should comply with one of the following conditions: Visible area to 3m max. i. Be enclosed with fire resisting construction be at least 50% ii. Be remote from the stair to the gallery and positioned of floor area in such that they do not prejudice escape from the gallery.",,
3.14,3.14,unchanged,1.0,exact_number+difflib,"The internal arrangement of single storey or multi-storey flats should comply with paragraphs 3.15 to 3.17. Alternatively, the guidance in paragraphs 3.18 to 3.22 may be followed. A flat accessed via the common parts of the building should also comply with the provisions for small single stair buildings in paragraph 3.28 and Diagram 3.9. A protected entrance hall may be required as a result.","The internal arrangement of single storey or multi-storey flats should comply with paragraphs 3.15 to 3.17. Alternatively, the guidance in paragraphs 3.18 to 3.22 may be followed. A flat accessed via the common parts of the building should also comply with the provisions for small single stair buildings in paragraph 3.28 and Diagram 3.9. A protected entrance hall may be required as a result.",,
3.15,3.15,unchanged,1.0,exact_number+difflib,"All habitable rooms (excluding kitchens) should have either of the following. a. An opening directly onto a hall leading to a final exit. b. An emergency escape window or door, as described in paragraph 3.6.","All habitable rooms (excluding kitchens) should have either of the following. a. An opening directly onto a hall leading to a final exit. b. An emergency escape window or door, as described in paragraph 3.6.",,
3.16,3.16,unchanged,1.0,exact_number+difflib,"All habitable rooms (excluding kitchens) should have either of the following. a. An emergency escape window or external door, as described in paragraph 3.6. b. In multi-storey flats, direct access to a protected internal stairway (minimum REI 30) leading to an exit from the flat.","All habitable rooms (excluding kitchens) should have either of the following. a. An emergency escape window or external door, as described in paragraph 3.6. b. In multi-storey flats, direct access to a protected internal stairway (minimum REI 30) leading to an exit from the flat.",,
3.17,3.17,unchanged,1.0,exact_number+difflib,Two rooms may be served by a single escape window. A door between rooms should provide access to the escape window without passing through the stair enclosure. Both rooms should have their own access to the internal stair.,Two rooms may be served by a single escape window. A door between rooms should provide access to the escape window without passing through the stair enclosure. Both rooms should have their own access to the internal stair.,,
3.18,3.18,unchanged,1.0,exact_number+difflib,"One of the following approaches should be adopted, observing the inner room restrictions described in paragraphs 3.7 and 3.8. a. Provide a protected entrance hall (minimum REI 30) serving all habitable rooms that meets the conditions shown in Diagram 3.2. b. Plan the flat to meet the conditions shown in Diagram 3.3, so that both of the following apply. i. The travel distance from the flat entrance door to any point in any habitable room is a maximum of 9m. ii. Cooking facilities are remote from the main entrance door and do not impede the escape route from anywhere in the flat. c. Provide an alternative exit from the flat complying with paragraph 3.22. NOTE: Bathrooms do not need to have fire doorsets provided that the bathroom is from the adjacent rooms. area Kitchen x. max. x.","One of the following approaches should be adopted, observing the inner room restrictions described in paragraphs 3.7 and 3.8. a. Provide a protected entrance hall (minimum REI 30) serving all habitable rooms that meets the conditions shown in Diagram 3.2. b. Plan the flat to meet the conditions shown in Diagram 3.3, so that both of the following apply. i. The travel distance from the flat entrance door to any point in any habitable room is a maximum of 9m. ii. Cooking facilities are remote from the main entrance door and do not impede the escape route from anywhere in the flat. c. Provide an alternative exit from the flat complying with paragraph 3.22. NOTE: Bathrooms do not need to have fire doorsets provided that the bathroom is from the adjacent rooms. area Kitchen x. max. x.",,
3.19,3.19,unchanged,1.0,exact_number+difflib,"Where access from any habitable room to the entrance hall or flat entrance is impossible without passing through another room, all of the following conditions should be met (Diagram 3.4). a. Bedrooms should be separated from living accommodation by fire resisting construction (minimum REI 30) and fire doorsets (minimum E 20). b. The alternative exit should be in the part of the flat that contains the bedrooms. NOTE: The bedrooms are not classified as inner rooms because escape is possible in two directions.","Where access from any habitable room to the entrance hall or flat entrance is impossible without passing through another room, all of the following conditions should be met (Diagram 3.4). a. Bedrooms should be separated from living accommodation by fire resisting construction (minimum REI 30) and fire doorsets (minimum E 20). b. The alternative exit should be in the part of the flat that contains the bedrooms. NOTE: The bedrooms are not classified as inner rooms because escape is possible in two directions.",,
3.20,3.20,unchanged,1.0,exact_number+difflib,"A multi-storey flat with an independent external entrance at ground level is similar to a dwellinghouse and means of escape should be planned on the basis of Section 2, depending on the height of the top storey above ground level.","A multi-storey flat with an independent external entrance at ground level is similar to a dwellinghouse and means of escape should be planned on the basis of Section 2, depending on the height of the top storey above ground level.",,
3.21,3.21,unchanged,1.0,exact_number+difflib,"When multi-storey flats do not have their own external entrance at ground level, adopt one of the following approaches. a. Approach 1 – provide at least one alternative exit from each habitable room that is not on the entrance storey of the flat (Diagram 3.5 and paragraph 3.22). b. Approach 2 – provide at least one alternative exit from each storey that is not the entrance storey of the flat. All habitable rooms should have direct access to a protected landing (Diagram 3.6 and paragraph 3.22). c. Approach 3 – provide a protected stairway plus a sprinkler system in accordance with Appendix E and provide smoke alarms in accordance with BS 5839-6. d. Approach 4 – if the vertical distance between the entrance storey of the flat and any of the storeys above or below does not exceed 7.5m, provide all of the following. i. A protected stairway. ii. Additional smoke alarms in all habitable rooms. iii. A heat alarm in any kitchen. 9m max. at least one storey is more than 4.5m above ground level. max. at least one storey is more than Fd 4.5m above ground level.","When multi-storey flats do not have their own external entrance at ground level, adopt one of the following approaches. a. Approach 1 – provide at least one alternative exit from each habitable room that is not on the entrance storey of the flat (Diagram 3.5 and paragraph 3.22). b. Approach 2 – provide at least one alternative exit from each storey that is not the entrance storey of the flat. All habitable rooms should have direct access to a protected landing (Diagram 3.6 and paragraph 3.22). c. Approach 3 – provide a protected stairway plus a sprinkler system in accordance with Appendix E and provide smoke alarms in accordance with BS 5839-6. d. Approach 4 – if the vertical distance between the entrance storey of the flat and any of the storeys above or below does not exceed 7.5m, provide all of the following. i. A protected stairway. ii. Additional smoke alarms in all habitable rooms. iii. A heat alarm in any kitchen. 9m max. at least one storey is more than 4.5m above ground level. max. at least one storey is more than Fd 4.5m above ground level.",unchanged,
3.22,3.22,unchanged,1.0,exact_number+difflib,"Any alternative exit from a flat should comply with all of the following. a. It should be remote from the main entrance door to the flat. b. It should lead to a final exit, via a common stair if necessary, through one of the following. i. A door to an access corridor, access lobby or common balcony. ii. An internal private stair leading to an access corridor, access lobby or common balcony at another level. iii. A door to a common stair. iv. A door to an external stair. v. A door to an escape route over a flat roof. Any access route leading to a final exit or common stair should comply with the provisions for means of escape in the common parts of a flat (see paragraph 3.25).","Any alternative exit from a flat should comply with all of the following. a. It should be remote from the main entrance door to the flat. b. It should lead to a final exit, via a common stair if necessary, through one of the following. i. A door to an access corridor, access lobby or common balcony. ii. An internal private stair leading to an access corridor, access lobby or common balcony at another level. iii. A door to a common stair. iv. A door to an external stair. v. A door to an escape route over a flat roof. Any access route leading to a final exit or common stair should comply with the provisions for means of escape in the common parts of a flat (see paragraph 3.25).",,
3.23,3.23,unchanged,1.0,exact_number+difflib,"For systems circulating air only within an individual flat, take all of the following precautions. a. Transfer grilles should not be fitted in any wall, door, floor or ceiling of the enclosure. b. Any duct passing through the enclosure should be rigid steel. Joints between the ductwork and enclosure should be fire-stopped. c. Ventilation ducts serving the enclosure should not serve any other areas. d. Any system of mechanical ventilation which recirculates air and which serves both the stair and other areas should be designed to shut down on the detection of smoke within the system. e. For ducted warm air heating systems, a room thermostat should be sited in the living room. It should be mounted at a height between 1370mm and 1830mm above the floor. The maximum setting should be 27°C. NOTE: Ventilation ducts passing through compartment walls should comply with the guidance in Section 9.","For systems circulating air only within an individual flat, take all of the following precautions. a. Transfer grilles should not be fitted in any wall, door, floor or ceiling of the enclosure. b. Any duct passing through the enclosure should be rigid steel. Joints between the ductwork and enclosure should be fire-stopped. c. Ventilation ducts serving the enclosure should not serve any other areas. d. Any system of mechanical ventilation which recirculates air and which serves both the stair and other areas should be designed to shut down on the detection of smoke within the system. e. For ducted warm air heating systems, a room thermostat should be sited in the living room. It should be mounted at a height between 1370mm and 1830mm above the floor. The maximum setting should be 27°C. NOTE: Ventilation ducts passing through compartment walls should comply with the guidance in Section 9.",unchanged,
3.24,3.24,unchanged,1.0,exact_number+difflib,"For flats serving as a workplace for both occupants and people who do not live on the premises, provide both of the following. a. A maximum travel distance of 18m between any part of the working area and either of the following. i. The flat entrance door. ii. An alternative means of escape that is not a window. If the travel distance is over 18m, the assumptions in paragraph 3.2 may not be valid. The design should be considered on a case-by-case basis. b. Escape lighting to windowless accommodation in accordance with BS 5266-1.","For flats serving as a workplace for both occupants and people who do not live on the premises, provide both of the following. a. A maximum travel distance of 18m between any part of the working area and either of the following. i. The flat entrance door. ii. An alternative means of escape that is not a window. If the travel distance is over 18m, the assumptions in paragraph 3.2 may not be valid. The design should be considered on a case-by-case basis. b. Escape lighting to windowless accommodation in accordance with BS 5266-1.",,
3.25,3.25,unchanged,1.0,exact_number+difflib,The following paragraphs deal with means of escape from the entrance doors of flats to a final exit. They do not apply to flats with a top storey that is a maximum of 4.5m above ground level (designed in accordance with paragraphs 3.16 and 3.17). Reference should also be made to the following. a. Requirement B3 regarding compartment walls and protected shafts. b. Requirement B5 regarding access for the fire and rescue service.,The following paragraphs deal with means of escape from the entrance doors of flats to a final exit. They do not apply to flats with a top storey that is a maximum of 4.5m above ground level (designed in accordance with paragraphs 3.16 and 3.17). Reference should also be made to the following. a. Requirement B3 regarding compartment walls and protected shafts. b. Requirement B5 regarding access for the fire and rescue service.,,
3.26,3.26,unchanged,1.0,exact_number+difflib,"A person escaping through the common area, if confronted by the effects of a fire in another flat, should be able to turn away from it and make a safe escape via an alternative route.","A person escaping through the common area, if confronted by the effects of a fire in another flat, should be able to turn away from it and make a safe escape via an alternative route.",,
3.27,3.27,unchanged,1.0,exact_number+difflib,"From the flat entrance door, a single escape route is acceptable in either of the following cases. a. The flat is on a storey served by a single common stair and both of the following apply. i. Every flat is separated from the common stair by a protected lobby or common protected corridor (see Diagram 3.7). ii. The maximum travel distance in Table 3.1, for escape in one direction only, is not exceeded. b. The flat is in a dead end of a common corridor served by two (or more) common stairs and the maximum travel distance given in Table 3.1, for escape in one direction only, is not exceeded (Diagram 3.8). NOTES: 1. If travel distance is measured to a stair lobby, the lobby must not provide direct access to any storage room, flat or other space containing a fire hazard. 2. In the case of a small single stair building in accordance with Diagram 3.9, this is reduced to 4.5m. 3. Does not apply if all flats on a storey have independent alternative means of escape. 4. Sheltered housing may require reduced maximum travel distances. 7.5m max. 7.5m max. b. LOBBY ACCESS FLATS NOTES: 1. The arrangements shown also apply to the top storey. 2. See Diagram 3.9 for small single stair buildings. 3. All doors shown are fire doorsets. 4. Where travel distance is measured to a stair lobby, the lobby must not provide direct access to any storage hazard. Appendix C, Table C1. 7.5m max. Shaded areas indicate zones where ventilation should be 30m max. The central door may be omitted if maximum travel distance is not more than 15m. 7.5m max. 7.5m max. 30m max. NOTES: F F 1. The arrangements shown also apply to the top storey. refer to Appendix C, Table C1. Shaded areas indicate zones where ventilation should be","From the flat entrance door, a single escape route is acceptable in either of the following cases. a. The flat is on a storey served by a single common stair and both of the following apply. i. Every flat is separated from the common stair by a protected lobby or common protected corridor (see Diagram 3.7). ii. The maximum travel distance in Table 3.1, for escape in one direction only, is not exceeded. b. The flat is in a dead end of a common corridor served by two (or more) common stairs and the maximum travel distance given in Table 3.1, for escape in one direction only, is not exceeded (Diagram 3.8). NOTES: 1. If travel distance is measured to a stair lobby, the lobby must not provide direct access to any storage room, flat or other space containing a fire hazard. 2. In the case of a small single stair building in accordance with Diagram 3.9, this is reduced to 4.5m. 3. Does not apply if all flats on a storey have independent alternative means of escape. 4. Sheltered housing may require reduced maximum travel distances. 7.5m max. 7.5m max. b. LOBBY ACCESS FLATS NOTES: 1. The arrangements shown also apply to the top storey. 2. See Diagram 3.9 for small single stair buildings. 3. All doors shown are fire doorsets. 4. Where travel distance is measured to a stair lobby, the lobby must not provide direct access to any storage hazard. Appendix C, Table C1. 7.5m max. Shaded areas indicate zones where ventilation should be 30m max. The central door may be omitted if maximum travel distance is not more than 15m. 7.5m max. 7.5m max. 30m max. NOTES: F F 1. The arrangements shown also apply to the top storey. refer to Appendix C, Table C1. Shaded areas indicate zones where ventilation should be",,
3.28,3.28,unchanged,1.0,exact_number+difflib,"For some low rise buildings, the provisions in paragraphs 3.26 and 3.27 may be modified and the use of a single stair, protected in accordance with Diagram 3.9, may be permitted where all of the following apply. a. The top storey of the building is a maximum of 11m above ground level. b. No more than three storeys are above the ground storey. c. The stair does not connect to a covered car park, unless the car park is open sided (as defined d. The stair does not serve offices, stores or other ancillary accommodation. If it does, they should be separated from the stair by a protected lobby or protected corridor (minimum REI 30) with a minimum 0.4m2 of permanent ventilation, or be protected from the ingress of smoke by a mechanical smoke control system. NOTE: For refuse chutes and storage see paragraphs 3.55 to 3.58. e. Either of the following is provided for the fire and rescue service. i. A high-level openable vent with a free area of at least 1m2 at each storey. ii. A single openable vent with a free area of at least 1m2 at the head of the stair, operable remotely at the fire and rescue service access level. 4.5 m* OV *If smoke control is provided in the lobby, the travel distance can be increased to 7.5m maximum (see Diagram 3.7, example b). NOTES: 1. The arrangements shown also apply to the top storey. 4.5m, Diagram 3.7 applies. the dwelling is omitted in small single stair buildings, an automatic opening vent with a free area of at least 1m2 is required Fd F at the top of the stair, which is operated automatically on detection of smoke at any storey in the stair. b. SMALL SINGLE STAIR BUILDING the corridor to the flat and/or stairway refer to Appendix C, WITH NO MORE THAN TWO FLATS Table C1. The door between stair and lobby should be If the flats have protected entrance halls, the free area); see paragraph 3.28e entrance is not essential. Fd Fire doorset","For some low rise buildings, the provisions in paragraphs 3.26 and 3.27 may be modified and the use of a single stair, protected in accordance with Diagram 3.9, may be permitted where all of the following apply. a. The top storey of the building is a maximum of 11m above ground level. b. No more than three storeys are above the ground storey. c. The stair does not connect to a covered car park, unless the car park is open sided (as defined d. The stair does not serve offices, stores or other ancillary accommodation. If it does, they should be separated from the stair by a protected lobby or protected corridor (minimum REI 30) with a minimum 0.4m2 of permanent ventilation, or be protected from the ingress of smoke by a mechanical smoke control system. NOTE: For refuse chutes and storage see paragraphs 3.55 to 3.58. e. Either of the following is provided for the fire and rescue service. i. A high-level openable vent with a free area of at least 1m2 at each storey. ii. A single openable vent with a free area of at least 1m2 at the head of the stair, operable remotely at the fire and rescue service access level. 4.5 m* OV *If smoke control is provided in the lobby, the travel distance can be increased to 7.5m maximum (see Diagram 3.7, example b). NOTES: 1. The arrangements shown also apply to the top storey. 4.5m, Diagram 3.7 applies. the dwelling is omitted in small single stair buildings, an automatic opening vent with a free area of at least 1m2 is required Fd F at the top of the stair, which is operated automatically on detection of smoke at any storey in the stair. b. SMALL SINGLE STAIR BUILDING the corridor to the flat and/or stairway refer to Appendix C, WITH NO MORE THAN TWO FLATS Table C1. The door between stair and lobby should be If the flats have protected entrance halls, the free area); see paragraph 3.28e entrance is not essential. Fd Fire doorset",,
3.29,3.29,unchanged,1.0,exact_number+difflib,Paragraph 3.27 may be modified using the guidance in clause 7.3 of BS 9991.,Paragraph 3.27 may be modified using the guidance in clause 7.3 of BS 9991.,,
3.30,3.30,unchanged,1.0,exact_number+difflib,"Where a storey or part of a building has multiple escape routes available, one may be over a flat roof that complies with all of the following. a. It should be part of the same building from which escape is being made. b. The route across the roof should lead to a storey exit or external escape route. c. The part of the roof (including its supporting structure) forming the escape route, and any opening within 3m of the escape route, should be of fire resisting construction (minimum REI 30). d. The route should be clearly defined and guarded by walls and/or protective barriers to protect against falling.","Where a storey or part of a building has multiple escape routes available, one may be over a flat roof that complies with all of the following. a. It should be part of the same building from which escape is being made. b. The route across the roof should lead to a storey exit or external escape route. c. The part of the roof (including its supporting structure) forming the escape route, and any opening within 3m of the escape route, should be of fire resisting construction (minimum REI 30). d. The route should be clearly defined and guarded by walls and/or protective barriers to protect against falling.",,
3.31,3.31,unchanged,1.0,exact_number+difflib,The following paragraphs deal with means of escape from the entrance doors of flats to a final exit.,The following paragraphs deal with means of escape from the entrance doors of flats to a final exit.,,
3.32,3.32,unchanged,1.0,exact_number+difflib,Escape route travel distances should comply with Table 3.1.,Escape route travel distances should comply with Table 3.1.,,
3.33,3.33,unchanged,1.0,exact_number+difflib,An escape route should not pass through one stair enclosure to reach another. It may pass through a protected lobby (minimum REI 30) of one stair to reach another.,An escape route should not pass through one stair enclosure to reach another. It may pass through a protected lobby (minimum REI 30) of one stair to reach another.,,
3.34,3.34,unchanged,1.0,exact_number+difflib,"Common corridors should be protected corridors. The wall between each flat and the corridor should be a compartment wall (minimum REI 30 where the top storey is up to 5m above ground level, otherwise REI 60).","Common corridors should be protected corridors. The wall between each flat and the corridor should be a compartment wall (minimum REI 30 where the top storey is up to 5m above ground level, otherwise REI 60).",,
3.35,3.35,unchanged,1.0,exact_number+difflib,Divide a common corridor connecting two or more storey exits with a fire doorset fitted with a self-closing device (minimum E 30 S ). See Diagram 3.8. Associated screens should be fire resisting. Site doors so that smoke does not affect access to more than one stair.,Divide a common corridor connecting two or more storey exits with a fire doorset fitted with a self-closing device (minimum E 30 S ). See Diagram 3.8. Associated screens should be fire resisting. Site doors so that smoke does not affect access to more than one stair.,,
3.36,3.36,unchanged,1.0,exact_number+difflib,"A fire doorset (minimum E 30 S ) fitted with a self-closing device (and fire resisting screen, where required) should separate the dead-end portion of a common corridor from the rest of the corridor (Diagrams 3.7a, 3.8b and 3.8c).","A fire doorset (minimum E 30 S ) fitted with a self-closing device (and fire resisting screen, where required) should separate the dead-end portion of a common corridor from the rest of the corridor (Diagrams 3.7a, 3.8b and 3.8c).",,
3.37,3.37,unchanged,1.0,exact_number+difflib,"Ancillary accommodation should not be located in, or entered from, a protected lobby or protected corridor forming the only common escape route on that storey.","Ancillary accommodation should not be located in, or entered from, a protected lobby or protected corridor forming the only common escape route on that storey.",,
3.38,3.38,unchanged,1.0,exact_number+difflib,Escape routes should have a minimum clear headroom of 2m. The only projections allowed below this height are door frames.,Escape routes should have a minimum clear headroom of 2m. The only projections allowed below this height are door frames.,,
3.39,3.39,unchanged,1.0,exact_number+difflib,Escape route floor finishes should minimise their slipperiness when wet. Finishes include the treads of steps and surfaces of ramps and landings.,Escape route floor finishes should minimise their slipperiness when wet. Finishes include the treads of steps and surfaces of ramps and landings.,,
3.40,3.40,unchanged,1.0,exact_number+difflib,A ramp forming part of an escape route should meet the provisions in Approved Document M. Any sloping floor or tier should have a pitch of not more than 35 degrees to the horizontal.,A ramp forming part of an escape route should meet the provisions in Approved Document M. Any sloping floor or tier should have a pitch of not more than 35 degrees to the horizontal.,,
3.41,3.41,unchanged,1.0,exact_number+difflib,"All escape routes should have adequate artificial lighting. If the mains electricity power supply fails, escape lighting should illuminate the route (including external escape routes).","All escape routes should have adequate artificial lighting. If the mains electricity power supply fails, escape lighting should illuminate the route (including external escape routes).",,
3.42,3.42,unchanged,1.0,exact_number+difflib,"In addition, escape lighting should be provided to all of the following. a. Toilet accommodation with a minimum floor area of 8m2. b. Electricity and generator rooms. c. Switch room/battery room for emergency lighting system. d. Emergency control rooms.","In addition, escape lighting should be provided to all of the following. a. Toilet accommodation with a minimum floor area of 8m2. b. Electricity and generator rooms. c. Switch room/battery room for emergency lighting system. d. Emergency control rooms.",unchanged,
3.43,3.43,unchanged,1.0,exact_number+difflib,Escape stair lighting should be on a separate circuit from the electricity supply to any other part of the escape route.,Escape stair lighting should be on a separate circuit from the electricity supply to any other part of the escape route.,,
3.44,3.44,unchanged,1.0,exact_number+difflib,Escape lighting should conform to BS 5266-1.,Escape lighting should conform to BS 5266-1.,,
3.45,3.45,unchanged,1.0,exact_number+difflib,"Every doorway or other exit providing access to a means of escape, other than exits in ordinary use (e.g. main entrances), should be distinctively and conspicuously marked by an exit sign in accordance with BS ISO 3864-1 and BS 5499-4. For this reason, blocks of flats with a single stair in regular use would not usually require any fire exit signage. Advice on fire safety signs, including emergency escape signs, is given in the HSE publication Safety Signs and Signals: Guidance on Regulations. Some buildings may require additional signs to comply with other legislation.","Every doorway or other exit providing access to a means of escape, other than exits in ordinary use (e.g. main entrances), should be distinctively and conspicuously marked by an exit sign in accordance with BS ISO 3864-1 and BS 5499-4. For this reason, blocks of flats with a single stair in regular use would not usually require any fire exit signage. Advice on fire safety signs, including emergency escape signs, is given in the HSE publication Safety Signs and Signals: Guidance on Regulations. Some buildings may require additional signs to comply with other legislation.",,
3.46,3.46,unchanged,1.0,exact_number+difflib,"To limit potential damage to cables in protected circuits, all of the following should apply. a. Cables should be sufficiently robust. b. Cable routes should be carefully selected and/or physically protected in areas where cables may be exposed to damage. c. Methods of cable support should be class A1 rated and offer at least the same integrity as the cable. They should maintain circuit integrity and hold cables in place when exposed to fire.","To limit potential damage to cables in protected circuits, all of the following should apply. a. Cables should be sufficiently robust. b. Cable routes should be carefully selected and/or physically protected in areas where cables may be exposed to damage. c. Methods of cable support should be class A1 rated and offer at least the same integrity as the cable. They should maintain circuit integrity and hold cables in place when exposed to fire.",,
3.47,3.47,unchanged,1.0,exact_number+difflib,A protected circuit to operate equipment during a fire should achieve all of the following. a. Cables should achieve PH 30 classification when tested in accordance with BS EN 50200 (incorporating Annex E) or an equivalent standard. b. It should only pass through parts of the building in which the fire risk is negligible. c. It should be separate from any circuit provided for another purpose.,A protected circuit to operate equipment during a fire should achieve all of the following. a. Cables should achieve PH 30 classification when tested in accordance with BS EN 50200 (incorporating Annex E) or an equivalent standard. b. It should only pass through parts of the building in which the fire risk is negligible. c. It should be separate from any circuit provided for another purpose.,,
3.48,3.48,unchanged,1.0,exact_number+difflib,"Guidance on cables for large and complex buildings is given in BS 5839-1, BS 5266-1 and BS 8519.","Guidance on cables for large and complex buildings is given in BS 5839-1, BS 5266-1 and BS 8519.",,
3.49,3.49,unchanged,1.0,exact_number+difflib,"Despite the provisions described, it is probable that some smoke will get into the common corridor or lobby from a fire in a flat. There should therefore be some means of ventilating the common corridors/lobbies to control smoke and so protect the common stairs. This means of ventilation offers additional protection to that provided by the fire doors to the stair, as well as some protection to the corridors/lobbies. Ventilation can be natural (paragraphs 3.50 to 3.53) or mechanical (paragraph 3.54).","Despite the provisions described, it is probable that some smoke will get into the common corridor or lobby from a fire in a flat. There should therefore be some means of ventilating the common corridors/lobbies to control smoke and so protect the common stairs. This means of ventilation offers additional protection to that provided by the fire doors to the stair, as well as some protection to the corridors/lobbies. Ventilation can be natural (paragraphs 3.50 to 3.53) or mechanical (paragraph 3.54).",,
3.50,3.50,unchanged,1.0,exact_number+difflib,"Except in buildings that comply with Diagram 3.9, the corridor or lobby next to each stair should have a smoke vent. The location of the vent should comply with both of the following. a. Be as high as practicable. b. Be positioned so the top edge is at least as high as the top of the door to the stair.","Except in buildings that comply with Diagram 3.9, the corridor or lobby next to each stair should have a smoke vent. The location of the vent should comply with both of the following. a. Be as high as practicable. b. Be positioned so the top edge is at least as high as the top of the door to the stair.",,
3.51,3.51,unchanged,1.0,exact_number+difflib,"Smoke vents should comply with one of the following. a. They should be located on an external wall with minimum free area of 1.5m2. b. They should discharge into a vertical smoke shaft, closed at the base, that meets all of the following criteria. i. The shaft should conform to the following conditions. • Have a minimum cross-sectional area of 1.5m2 (minimum dimension 0.85m in any direction). horizontally. • Extend a minimum of 2.5m above the ceiling of the highest storey served by the shaft. ii. The free area of all the following vents should be a minimum of 1m2 in the following places. • From the corridor or lobby into the shaft. • At the opening at the head of the shaft. • At all internal locations within the shaft (e.g. safety grilles). iii. The smoke shaft should be constructed from a class A1 material. All vents should either be a fire doorset (see Appendix C, Table C1, item 2.e for minimum fire resistance) or fitted to operate as described below. The shaft should be vertical from base to head, with a maximum of 4m at a maximum inclined angle of 30 degrees. iv. If smoke is detected in the common corridor or lobby, both of the following should occur. • Simultaneous opening of vents on the storey where the fire is located, at the top of the smoke shaft and to the stair. • Vents from the corridors or lobbies on all other storeys should remain closed, even if smoke is subsequently detected on storeys other than where the fire is located.","Smoke vents should comply with one of the following. a. They should be located on an external wall with minimum free area of 1.5m2. b. They should discharge into a vertical smoke shaft, closed at the base, that meets all of the following criteria. i. The shaft should conform to the following conditions. • Have a minimum cross-sectional area of 1.5m2 (minimum dimension 0.85m in any direction). horizontally. • Extend a minimum of 2.5m above the ceiling of the highest storey served by the shaft. ii. The free area of all the following vents should be a minimum of 1m2 in the following places. • From the corridor or lobby into the shaft. • At the opening at the head of the shaft. • At all internal locations within the shaft (e.g. safety grilles). iii. The smoke shaft should be constructed from a class A1 material. All vents should either be a fire doorset (see Appendix C, Table C1, item 2.e for minimum fire resistance) or fitted to operate as described below. The shaft should be vertical from base to head, with a maximum of 4m at a maximum inclined angle of 30 degrees. iv. If smoke is detected in the common corridor or lobby, both of the following should occur. • Simultaneous opening of vents on the storey where the fire is located, at the top of the smoke shaft and to the stair. • Vents from the corridors or lobbies on all other storeys should remain closed, even if smoke is subsequently detected on storeys other than where the fire is located.",unchanged,
3.52,3.52,unchanged,1.0,exact_number+difflib,A vent to the outside with a minimum free area of 1m2 should be provided from the top storey of the stair.,A vent to the outside with a minimum free area of 1m2 should be provided from the top storey of the stair.,unchanged,
3.53,3.53,unchanged,1.0,exact_number+difflib,"In single stair buildings, smoke vents on the storey where the fire is initiated, and the vent at the head of the stair, should be activated by smoke detectors in the common parts. In buildings with more than one stair, smoke vents may be activated manually. The control system should open the vent at the head of the stair before, or at the same time as, the vent on the storey where the fire is located. Smoke detection is not required for ventilation purposes in this instance.","In single stair buildings, smoke vents on the storey where the fire is initiated, and the vent at the head of the stair, should be activated by smoke detectors in the common parts. In buildings with more than one stair, smoke vents may be activated manually. The control system should open the vent at the head of the stair before, or at the same time as, the vent on the storey where the fire is located. Smoke detection is not required for ventilation purposes in this instance.",unchanged,
3.54,3.54,unchanged,1.0,exact_number+difflib,Guidance on the design of smoke control systems that use pressure differentials is available in BS EN 12101-6.,Guidance on the design of smoke control systems that use pressure differentials is available in BS EN 12101-6.,,
3.55,3.55,unchanged,1.0,exact_number+difflib,"Refuse storage chambers, refuse chutes and refuse hoppers should be sited and constructed in accordance with BS 5906.","Refuse storage chambers, refuse chutes and refuse hoppers should be sited and constructed in accordance with BS 5906.",unchanged,
3.56,3.56,unchanged,1.0,exact_number+difflib,Refuse chutes and rooms for storing refuse should meet both of the following conditions. a. Be separated from other parts of the building by fire resisting construction (minimum REI 30 in buildings with a top storey up to 5m above ground level; otherwise REI 60). b. Not be situated within a protected stairway or protected lobby.,Refuse chutes and rooms for storing refuse should meet both of the following conditions. a. Be separated from other parts of the building by fire resisting construction (minimum REI 30 in buildings with a top storey up to 5m above ground level; otherwise REI 60). b. Not be situated within a protected stairway or protected lobby.,,
3.57,3.57,unchanged,1.0,exact_number+difflib,The approach to rooms containing refuse chutes or for storing refuse should comply with one of the following conditions. a. Be directly from the open air. b. Be through a protected lobby with a minimum of 0.2m2 of permanent ventilation.,The approach to rooms containing refuse chutes or for storing refuse should comply with one of the following conditions. a. Be directly from the open air. b. Be through a protected lobby with a minimum of 0.2m2 of permanent ventilation.,,
3.58,3.58,unchanged,1.0,exact_number+difflib,Access openings to refuse storage chambers should not be sited in the following areas. a. Next to escape routes or final exits. b. Near the windows of flats.,Access openings to refuse storage chambers should not be sited in the following areas. a. Next to escape routes or final exits. b. Near the windows of flats.,,
3.59,3.59,unchanged,1.0,exact_number+difflib,A building should provide access to more than one common stair if it does not meet the criteria for a single common stair (see paragraph 3.26 and 3.27).,A building should provide access to more than one common stair if it does not meet the criteria for a single common stair (see paragraph 3.26 and 3.27).,,
3.60,3.60,unchanged,1.0,exact_number+difflib,"A stair of acceptable width for everyday use will be sufficient for escape purposes. If it is also a firefighting stair, it should be at least 1100mm wide. The width is the clear width between the walls or balustrades. Any handrails and strings intruding into that width by a maximum of 100mm on each side may be ignored.","A stair of acceptable width for everyday use will be sufficient for escape purposes. If it is also a firefighting stair, it should be at least 1100mm wide. The width is the clear width between the walls or balustrades. Any handrails and strings intruding into that width by a maximum of 100mm on each side may be ignored.",unchanged,
3.61,3.61,unchanged,1.0,exact_number+difflib,"Section 7 provides guidance on avoiding the spread of fire between storeys. For a stair that is also a firefighting stair, guidance in Section 15 should be followed.","Section 7 provides guidance on avoiding the spread of fire between storeys. For a stair that is also a firefighting stair, guidance in Section 15 should be followed.",,
3.62,3.62,unchanged,1.0,exact_number+difflib,"Every common stair should be a protected stairway, within a fire resisting enclosure (minimum REI 30).","Every common stair should be a protected stairway, within a fire resisting enclosure (minimum REI 30).",,
3.63,3.63,unchanged,1.0,exact_number+difflib,"With some configurations of external wall, a fire in one part of a building could subject the external wall of a protected stairway to heat (for example, where the two are adjacent at an internal angle in the façade, as shown in Diagram 3.10).","With some configurations of external wall, a fire in one part of a building could subject the external wall of a protected stairway to heat (for example, where the two are adjacent at an internal angle in the façade, as shown in Diagram 3.10).",,
3.64,3.64,unchanged,1.0,exact_number+difflib,"If a protected stairway projects beyond, is recessed from or is in an internal angle of the adjoining external wall of the building, then the minimum distance between an unprotected area of the building enclosure and an unprotected area of the stair enclosure should be 1800mm.","If a protected stairway projects beyond, is recessed from or is in an internal angle of the adjoining external wall of the building, then the minimum distance between an unprotected area of the building enclosure and an unprotected area of the stair enclosure should be 1800mm.",,
3.65,3.65,unchanged,1.0,exact_number+difflib,Flats may be served by an external stair if the provisions in paragraphs 3.66 to 3.69 are followed.,Flats may be served by an external stair if the provisions in paragraphs 3.66 to 3.69 are followed.,,
3.66,3.66,unchanged,1.0,exact_number+difflib,"Where a storey (or part of a building) is served by a single access stair, that stair may be external provided both of the following conditions are met. a. The stair serves a floor not more than 6m above the ground level. b. The stair meets the provisions in paragraph 3.62.","Where a storey (or part of a building) is served by a single access stair, that stair may be external provided both of the following conditions are met. a. The stair serves a floor not more than 6m above the ground level. b. The stair meets the provisions in paragraph 3.62.",unchanged,
3.67,3.67,unchanged,1.0,exact_number+difflib,"Where more than one escape route is available from a storey (or part of a building), then some of the escape routes from that storey or part of the building may be by way of an external stair provided all of the following conditions are met: a. There is a at least one internal escape stair from every part of each storey (excluding plant areas). b. The stair serves a floor not more than 6m above either the ground level or a roof podium which is itself served by an independent protected stairway. c. The stair meets the provisions in paragraph 3.68. EXAMPLE a. EXAMPLE b.","Where more than one escape route is available from a storey (or part of a building), then some of the escape routes from that storey or part of the building may be by way of an external stair provided all of the following conditions are met: a. There is a at least one internal escape stair from every part of each storey (excluding plant areas). b. The stair serves a floor not more than 6m above either the ground level or a roof podium which is itself served by an independent protected stairway. c. The stair meets the provisions in paragraph 3.68. EXAMPLE a. EXAMPLE b.",,
3.68,3.68,unchanged,1.0,exact_number+difflib,"Any external escape stair should meet all of the following conditions (Diagram 3.11). a. Doors to the stair should be fire resisting (minimum E 30) and be fitted with a self-closing device, except for a single exit door from the building to the top landing of a downward- leading external stair, provided it is the only door onto the landing. b. Fire resisting construction (minimum RE 30) is required for the building envelope within the following zones, measured from the flights and landings of the external stair. i. 1800mm above and horizontally. ii. 9m vertically below. iii. 1100mm above the top landing of the stair (except where the stair leads from basement to ground level). c. Fire resisting construction (minimum RE 30) should be provided for any part of the building (including doors) within 1800mm of the escape route from the foot of the stair to a place of safety. This does not apply if there are alternative escape routes from the foot of the external escape stair. d. Glazing in areas of fire resisting construction should be fixed shut and fire resisting (in terms of integrity but not insulation) (minimum E 30). e. Stairs more than 6m in height above ground level (e.g. where they are provided above a podium) should be protected from adverse weather. Protection should prevent the build-up of snow or ice but does not require full enclosure.","Any external escape stair should meet all of the following conditions (Diagram 3.11). a. Doors to the stair should be fire resisting (minimum E 30) and be fitted with a self-closing device, except for a single exit door from the building to the top landing of a downward- leading external stair, provided it is the only door onto the landing. b. Fire resisting construction (minimum RE 30) is required for the building envelope within the following zones, measured from the flights and landings of the external stair. i. 1800mm above and horizontally. ii. 9m vertically below. iii. 1100mm above the top landing of the stair (except where the stair leads from basement to ground level). c. Fire resisting construction (minimum RE 30) should be provided for any part of the building (including doors) within 1800mm of the escape route from the foot of the stair to a place of safety. This does not apply if there are alternative escape routes from the foot of the external escape stair. d. Glazing in areas of fire resisting construction should be fixed shut and fire resisting (in terms of integrity but not insulation) (minimum E 30). e. Stairs more than 6m in height above ground level (e.g. where they are provided above a podium) should be protected from adverse weather. Protection should prevent the build-up of snow or ice but does not require full enclosure.",,
3.69,3.69,unchanged,1.0,exact_number+difflib,"Access to an external escape stair may be via a flat roof, provided the flat roof meets the requirements of paragraph 3.30.","Access to an external escape stair may be via a flat roof, provided the flat roof meets the requirements of paragraph 3.30.",,
3.70,3.70,unchanged,1.0,exact_number+difflib,The construction separating two adjacent protected stairways (or exit passageways leading to different final exits) should be imperforate.,The construction separating two adjacent protected stairways (or exit passageways leading to different final exits) should be imperforate.,,
3.71,3.71,unchanged,1.0,exact_number+difflib,"If a building does not meet the criteria of paragraph 3.28, an escape stair forming part of the only escape route from an upper storey should not continue down to serve a basement storey. The basement storey should be served by a separate escape stair.","If a building does not meet the criteria of paragraph 3.28, an escape stair forming part of the only escape route from an upper storey should not continue down to serve a basement storey. The basement storey should be served by a separate escape stair.",,
3.72,3.72,unchanged,1.0,exact_number+difflib,"Where multiple escape stairs serve the upper storeys, only one needs to end at ground level. Other stairs may connect with the basement storeys if there is a protected lobby or a protected corridor between the stairs and accommodation at each basement level.","Where multiple escape stairs serve the upper storeys, only one needs to end at ground level. Other stairs may connect with the basement storeys if there is a protected lobby or a protected corridor between the stairs and accommodation at each basement level.",,
3.73,3.73,unchanged,1.0,exact_number+difflib,"Except in buildings described in paragraph 3.28, common stairs forming part of the only escape route from a flat should not serve any of the following. a. Covered car park. b. Boiler room. c. Fuel storage space. d. Other ancillary accommodation of similar fire risk.","Except in buildings described in paragraph 3.28, common stairs forming part of the only escape route from a flat should not serve any of the following. a. Covered car park. b. Boiler room. c. Fuel storage space. d. Other ancillary accommodation of similar fire risk.",,
3.74,3.74,unchanged,1.0,exact_number+difflib,"Where a common stair is not part of the only escape route from a flat, it may also serve ancillary accommodation from which it is separated by a protected lobby or protected corridor (minimum REI 30).","Where a common stair is not part of the only escape route from a flat, it may also serve ancillary accommodation from which it is separated by a protected lobby or protected corridor (minimum REI 30).",,
3.75,3.75,unchanged,1.0,exact_number+difflib,"Where a stair serves an enclosed car park or place of special fire hazard, the lobby or corridor should have a minimum 0.4m2 of permanent ventilation or be protected from the ingress of smoke by a mechanical smoke control system. NOTE: For refuse chutes and storage see paragraphs 3.55 to 3.58.","Where a stair serves an enclosed car park or place of special fire hazard, the lobby or corridor should have a minimum 0.4m2 of permanent ventilation or be protected from the ingress of smoke by a mechanical smoke control system. NOTE: For refuse chutes and storage see paragraphs 3.55 to 3.58.",,
3.76,3.76,unchanged,1.0,exact_number+difflib,"In buildings with a maximum of three storeys above the ground storey, stairs may serve both flats and other occupancies, provided that the stairs are separated from each occupancy by protected lobbies (minimum REI 30) at each storey.","In buildings with a maximum of three storeys above the ground storey, stairs may serve both flats and other occupancies, provided that the stairs are separated from each occupancy by protected lobbies (minimum REI 30) at each storey.",,
3.77,3.77,unchanged,1.0,exact_number+difflib,"In buildings with more than three storeys above the ground storey, stairs may serve the flats and other occupancies if all of the following apply. a. The flat is ancillary to the main use of the building. b. The flat has an independent alternative escape route. c. The stair is separated from occupancies on lower storeys by a protected lobby (minimum REI 30) at each of those storeys. d. The stair enclosure has at least the same standard of fire resistance as the structural elements of the building (see Appendix B, Table B4); if the stair is a firefighting stair, it should comply with the provisions in Section 15 (see also paragraph 3.60). e. Any automatic fire detection and alarm system fitted in the main part of the building also covers all flats. f. Any security measures in any parts of the building do not prevent escape at all material times.","In buildings with more than three storeys above the ground storey, stairs may serve the flats and other occupancies if all of the following apply. a. The flat is ancillary to the main use of the building. b. The flat has an independent alternative escape route. c. The stair is separated from occupancies on lower storeys by a protected lobby (minimum REI 30) at each of those storeys. d. The stair enclosure has at least the same standard of fire resistance as the structural elements of the building (see Appendix B, Table B4); if the stair is a firefighting stair, it should comply with the provisions in Section 15 (see also paragraph 3.60). e. Any automatic fire detection and alarm system fitted in the main part of the building also covers all flats. f. Any security measures in any parts of the building do not prevent escape at all material times.",,
3.78,3.78,unchanged,1.0,exact_number+difflib,"A protected stairway should not be used for anything else, except a lift well or electricity meters.","A protected stairway should not be used for anything else, except a lift well or electricity meters.",,
3.79,3.79,unchanged,1.0,exact_number+difflib,"In single stair buildings, electricity meters should be in securely locked cupboards. Cupboards should be separated from the escape route by fire resisting construction.","In single stair buildings, electricity meters should be in securely locked cupboards. Cupboards should be separated from the escape route by fire resisting construction.",,
3.80,3.80,unchanged,1.0,exact_number+difflib,"Gas service and installation pipes and meters should not be within a protected stairway, unless installed in accordance with the Pipelines Safety Regulations 1996 and the Gas Safety (Installation and Use) Regulations 1998.","Gas service and installation pipes and meters should not be within a protected stairway, unless installed in accordance with the Pipelines Safety Regulations 1996 and the Gas Safety (Installation and Use) Regulations 1998.",,
3.81,3.81,unchanged,1.0,exact_number+difflib,"Every protected stairway should lead to a final exit, either directly or via a protected exit passageway. Any protected exit corridor or stair should have the same standard of fire resistance and lobby protection as the stair it serves.","Every protected stairway should lead to a final exit, either directly or via a protected exit passageway. Any protected exit corridor or stair should have the same standard of fire resistance and lobby protection as the stair it serves.",unchanged,
3.82,3.82,unchanged,1.0,exact_number+difflib,"The flights and landings of escape stairs should be constructed of materials achieving class A2-s3, d2 or better in all of the following situations. a. If the escape stair is the only stair in a building with more than three storeys. b. If the escape stair is within a basement storey. c. If the escape stair serves any storey that has a floor level more than 18m above ground or access level. d. If the escape stair is an external escape stair, except where the stair connects the ground storey or ground level with a floor or flat roof a maximum of 6m above or below ground level. e. If the escape stair is a firefighting stair. Materials achieving class B-s3, d2 or worse may be added to the top horizontal surface, except on firefighting stairs.","The flights and landings of escape stairs should be constructed of materials achieving class A2-s3, d2 or better in all of the following situations. a. If the escape stair is the only stair in a building with more than three storeys. b. If the escape stair is within a basement storey. c. If the escape stair serves any storey that has a floor level more than 18m above ground or access level. d. If the escape stair is an external escape stair, except where the stair connects the ground storey or ground level with a floor or flat roof a maximum of 6m above or below ground level. e. If the escape stair is a firefighting stair. Materials achieving class B-s3, d2 or worse may be added to the top horizontal surface, except on firefighting stairs.",,
3.83,3.83,unchanged,1.0,exact_number+difflib,Further guidance on the construction of firefighting stairs is given in Section 15 (see also paragraph 3.60). Dimensional constraints on the design of stairs are given in Approved Document K.,Further guidance on the construction of firefighting stairs is given in Section 15 (see also paragraph 3.60). Dimensional constraints on the design of stairs are given in Approved Document K.,unchanged,
3.84,3.84,unchanged,1.0,exact_number+difflib,"Single steps on escape routes should be prominently marked. A single step on the line of a doorway is acceptable, subject to paragraph 3.107.","Single steps on escape routes should be prominently marked. A single step on the line of a doorway is acceptable, subject to paragraph 3.107.",,
3.85,3.85,unchanged,1.0,exact_number+difflib,"Fixed ladders should not be provided as a means of escape for members of the public. They should only be provided where a conventional stair is impractical, such as for access to plant rooms which are not normally occupied.","Fixed ladders should not be provided as a means of escape for members of the public. They should only be provided where a conventional stair is impractical, such as for access to plant rooms which are not normally occupied.",,
3.86,3.86,unchanged,1.0,exact_number+difflib,"Helical stairs and spiral stairs may form part of an escape route provided they are designed in accordance with BS 5395-2. If they are intended to serve members of the public, stairs should be type E (public) stairs.","Helical stairs and spiral stairs may form part of an escape route provided they are designed in accordance with BS 5395-2. If they are intended to serve members of the public, stairs should be type E (public) stairs.",,
3.87,3.87,unchanged,1.0,exact_number+difflib,Fire resistance test criteria are set out in Appendix C. Standards of performance are summarised in Table C1.,Fire resistance test criteria are set out in Appendix C. Standards of performance are summarised in Table C1.,,
3.88,3.88,unchanged,1.0,exact_number+difflib,"If glazed elements in fire resisting enclosures and doors can only meet the required integrity performance, their use is limited. These limitations depend on whether the enclosure forms part of a protected shaft (see Section 7) and the provisions set out in Appendix B, Table B5. If both integrity and insulation performance can be met, there is no restriction in this document on the use or amount of glass.","If glazed elements in fire resisting enclosures and doors can only meet the required integrity performance, their use is limited. These limitations depend on whether the enclosure forms part of a protected shaft (see Section 7) and the provisions set out in Appendix B, Table B5. If both integrity and insulation performance can be met, there is no restriction in this document on the use or amount of glass.",,
3.89,3.89,unchanged,1.0,exact_number+difflib,"Glazed elements should also comply with the following, where necessary. a. If the enclosure forms part of a protected shaft: Section 7. b. Appendix B, Table B5. c. Guidance on the safety of glazing: Approved Document K.","Glazed elements should also comply with the following, where necessary. a. If the enclosure forms part of a protected shaft: Section 7. b. Appendix B, Table B5. c. Guidance on the safety of glazing: Approved Document K.",,
3.90,3.90,unchanged,1.0,exact_number+difflib,Doors should be readily openable to avoid undue delay to people escaping. Doors on escape routes (both within and from the building) should comply with paragraphs 3.91 to 3.98. Guidance on door closing and ‘hold open’ devices for fire doorsets is set out in Appendix C. NOTE: Paragraphs 3.91 to 3.98 do not apply to flat entrance doors.,Doors should be readily openable to avoid undue delay to people escaping. Doors on escape routes (both within and from the building) should comply with paragraphs 3.91 to 3.98. Guidance on door closing and ‘hold open’ devices for fire doorsets is set out in Appendix C. NOTE: Paragraphs 3.91 to 3.98 do not apply to flat entrance doors.,,
3.91,3.91,unchanged,1.0,exact_number+difflib,"In general, doors on escape routes (whether or not the doors are fire doorsets) should be either of the following. a. Not fitted with a lock, latch or bolt fastenings. b. Fitted only with simple fastenings that are all of the following. i. Easy to operate; it should be apparent how to undo the fastening. ii. Operable from the side approached by people escaping. iii. Operable without a key. iv. Operable without requiring people to manipulate more than one mechanism. Doors may be fitted with hardware to allow them to be locked when rooms are empty. If a secure door is operated by code or combination keypad, swipe or proximity card, biometric data, etc., a security mechanism override should be possible from the side approached by people escaping.","In general, doors on escape routes (whether or not the doors are fire doorsets) should be either of the following. a. Not fitted with a lock, latch or bolt fastenings. b. Fitted only with simple fastenings that are all of the following. i. Easy to operate; it should be apparent how to undo the fastening. ii. Operable from the side approached by people escaping. iii. Operable without a key. iv. Operable without requiring people to manipulate more than one mechanism. Doors may be fitted with hardware to allow them to be locked when rooms are empty. If a secure door is operated by code or combination keypad, swipe or proximity card, biometric data, etc., a security mechanism override should be possible from the side approached by people escaping.",,
3.92,3.92,unchanged,1.0,exact_number+difflib,"Electrically powered locks should return to the unlocked position in all of the following situations. a. If the fire detection and alarm system operates. b. If there is loss of power or system error. c. If the security mechanism override is activated. Security mechanism overrides for electrically powered locks should be a Type A call point, as described in BS 7273-4. The call point should be positioned on the side approached by people escaping. If the door provides escape in either direction, a call point should be installed on both sides of the door.","Electrically powered locks should return to the unlocked position in all of the following situations. a. If the fire detection and alarm system operates. b. If there is loss of power or system error. c. If the security mechanism override is activated. Security mechanism overrides for electrically powered locks should be a Type A call point, as described in BS 7273-4. The call point should be positioned on the side approached by people escaping. If the door provides escape in either direction, a call point should be installed on both sides of the door.",,
3.93,3.93,unchanged,1.0,exact_number+difflib,Guidance on door closing and ‘hold open’ devices for fire doorsets is set out in Appendix C.,Guidance on door closing and ‘hold open’ devices for fire doorsets is set out in Appendix C.,,
3.94,3.94,unchanged,1.0,exact_number+difflib,The door of any doorway or exit should be hung to open in the direction of escape whenever reasonably practicable. It should always be hung to open in the direction of escape if more than 60 people might be expected to use it during a fire.,The door of any doorway or exit should be hung to open in the direction of escape whenever reasonably practicable. It should always be hung to open in the direction of escape if more than 60 people might be expected to use it during a fire.,,
3.95,3.95,unchanged,1.0,exact_number+difflib,"All doors on escape routes should be hung to meet both of the following conditions. a. Open by a minimum of 90 degrees. b. Open with a swing that complies with both of the following. i. Is clear of any change of floor level, other than a threshold or single step on the line of the doorway. ii. Does not reduce the effective width of any escape route across a landing.","All doors on escape routes should be hung to meet both of the following conditions. a. Open by a minimum of 90 degrees. b. Open with a swing that complies with both of the following. i. Is clear of any change of floor level, other than a threshold or single step on the line of the doorway. ii. Does not reduce the effective width of any escape route across a landing.",,
3.96,3.96,unchanged,1.0,exact_number+difflib,Any door opening towards a corridor or a stair should be recessed to prevent its swing encroaching on the effective width.,Any door opening towards a corridor or a stair should be recessed to prevent its swing encroaching on the effective width.,,
3.97,3.97,unchanged,1.0,exact_number+difflib,Doors should contain vision panels in both of the following situations. a. Where doors on escape routes divide corridors. b. Where doors are hung to swing both ways. Approved Document M contains guidance about vision panels in doors across accessible corridors and Approved Document K contains guidance about the safety of glazing.,Doors should contain vision panels in both of the following situations. a. Where doors on escape routes divide corridors. b. Where doors are hung to swing both ways. Approved Document M contains guidance about vision panels in doors across accessible corridors and Approved Document K contains guidance about the safety of glazing.,,
3.98,3.98,unchanged,1.0,exact_number+difflib,"Where revolving doors, automatic doors and turnstiles are placed across escape routes they should comply with one of the following. a. They are automatic doors of the required width and comply with one of the following conditions. i. Their failsafe system provides outward opening from any open position. ii. They have a monitored failsafe system to open the doors if the mains electricity supply fails. iii. They failsafe to the open position if the power fails. b. Non-automatic swing doors of the required width are provided immediately adjacent to the revolving or automatic door or turnstile.","Where revolving doors, automatic doors and turnstiles are placed across escape routes they should comply with one of the following. a. They are automatic doors of the required width and comply with one of the following conditions. i. Their failsafe system provides outward opening from any open position. ii. They have a monitored failsafe system to open the doors if the mains electricity supply fails. iii. They failsafe to the open position if the power fails. b. Non-automatic swing doors of the required width are provided immediately adjacent to the revolving or automatic door or turnstile.",,
3.99,3.99,unchanged,1.0,exact_number+difflib,Lift wells should comply with one of the following conditions. a. Be sited within the enclosures of a protected stairway. b. Be enclosed with fire resisting construction (minimum REI 30) when in a position that might prejudice the means of escape.,Lift wells should comply with one of the following conditions. a. Be sited within the enclosures of a protected stairway. b. Be enclosed with fire resisting construction (minimum REI 30) when in a position that might prejudice the means of escape.,,
3.100,3.100,unchanged,1.0,exact_number+difflib,A lift well connecting different compartments should form a protected shaft (see Section 7).,A lift well connecting different compartments should form a protected shaft (see Section 7).,,
3.101,3.101,unchanged,1.0,exact_number+difflib,"In buildings designed for phased evacuation or progressive horizontal evacuation, if the lift well is not within the enclosures of a protected stairway, its entrance should be separated at every storey by a protected lobby (minimum REI 30).","In buildings designed for phased evacuation or progressive horizontal evacuation, if the lift well is not within the enclosures of a protected stairway, its entrance should be separated at every storey by a protected lobby (minimum REI 30).",,
3.102,3.102,unchanged,1.0,exact_number+difflib,"In basements and enclosed car parks, the lift should be within the enclosure of a protected stairway. Otherwise, the lift should be approached only via a protected lobby or protected corridor (minimum REI 30).","In basements and enclosed car parks, the lift should be within the enclosure of a protected stairway. Otherwise, the lift should be approached only via a protected lobby or protected corridor (minimum REI 30).",,
3.103,3.103,unchanged,1.0,exact_number+difflib,"If a lift delivers into a protected corridor or protected lobby serving sleeping accommodation and also serves a storey containing a high fire risk (such as a kitchen, communal areas, stores, etc.) then the lift should be separated from the high fire risk area(s) by a protected lobby or protected corridor (minimum REI 30).","If a lift delivers into a protected corridor or protected lobby serving sleeping accommodation and also serves a storey containing a high fire risk (such as a kitchen, communal areas, stores, etc.) then the lift should be separated from the high fire risk area(s) by a protected lobby or protected corridor (minimum REI 30).",,
3.104,3.104,unchanged,1.0,exact_number+difflib,"A lift shaft serving storeys above ground level should not serve any basement, if either of the following applies. a. There is only one escape stair serving storeys above ground level and smoke from a basement fire would adversely affect escape routes in the upper storeys. b. The lift shaft is within the enclosure to an escape stair that terminates at ground level.","A lift shaft serving storeys above ground level should not serve any basement, if either of the following applies. a. There is only one escape stair serving storeys above ground level and smoke from a basement fire would adversely affect escape routes in the upper storeys. b. The lift shaft is within the enclosure to an escape stair that terminates at ground level.",,
3.105,3.105,unchanged,1.0,exact_number+difflib,"Lift machine rooms should be sited over the lift well where possible. Where buildings or part of a building with only one stairway make this arrangement impractical, the lift machine room should be sited outside the protected stairway.","Lift machine rooms should be sited over the lift well where possible. Where buildings or part of a building with only one stairway make this arrangement impractical, the lift machine room should be sited outside the protected stairway.",,
3.106,3.106,unchanged,1.0,exact_number+difflib,"People should be able to rapidly leave the area around the building. Direct access to a street, passageway, walkway or open space should be available. The route away from the building should comply with the following. a. Be well defined. b. If necessary, have suitable guarding.","People should be able to rapidly leave the area around the building. Direct access to a street, passageway, walkway or open space should be available. The route away from the building should comply with the following. a. Be well defined. b. If necessary, have suitable guarding.",,
3.107,3.107,unchanged,1.0,exact_number+difflib,"Final exits should not present a barrier for disabled people. Where the route to a final exit does not include stairs, a level threshold and, where necessary, a ramp should be provided.","Final exits should not present a barrier for disabled people. Where the route to a final exit does not include stairs, a level threshold and, where necessary, a ramp should be provided.",,
3.108,3.108,unchanged,1.0,exact_number+difflib,Final exit locations should be clearly visible and recognisable.,Final exit locations should be clearly visible and recognisable.,,
3.109,3.109,unchanged,1.0,exact_number+difflib,"Final exits should avoid outlets of basement smoke vents and openings to transformer chambers, refuse chambers, boiler rooms and similar risks.","Final exits should avoid outlets of basement smoke vents and openings to transformer chambers, refuse chambers, boiler rooms and similar risks.",,
4.1,4.1,unchanged,1.0,exact_number+difflib,"The surface linings of walls and ceilings should meet the classifications in Table 4.1. NOTE: 1. Wallcoverings which conform to BS EN 15102, achieving at least class C-s3, d2 and bonded to a class A2-s3, d2 substrate, will also be acceptable.","The surface linings of walls and ceilings should meet the classifications in Table 4.1. NOTE: 1. Wallcoverings which conform to BS EN 15102, achieving at least class C-s3, d2 and bonded to a class A2-s3, d2 substrate, will also be acceptable.",,
4.2,4.2,unchanged,1.0,exact_number+difflib,"For the purposes of this requirement, a wall includes both of the following. a. The internal surface of internal and external glazing (except glazing in doors). b. Any part of a ceiling which slopes at an angle greater than 70 degrees to the horizontal.","For the purposes of this requirement, a wall includes both of the following. a. The internal surface of internal and external glazing (except glazing in doors). b. Any part of a ceiling which slopes at an angle greater than 70 degrees to the horizontal.",,
4.3,4.3,unchanged,1.0,exact_number+difflib,"For the purposes of this requirement, a wall does not include any of the following. a. Doors and door frames. b. Window frames and frames in which glazing is fitted. c. Architraves, cover moulds, picture rails, skirtings and similar narrow members. d. Fireplace surrounds, mantle shelves and fitted furniture.","For the purposes of this requirement, a wall does not include any of the following. a. Doors and door frames. b. Window frames and frames in which glazing is fitted. c. Architraves, cover moulds, picture rails, skirtings and similar narrow members. d. Fireplace surrounds, mantle shelves and fitted furniture.",,
4.4,4.4,unchanged,1.0,exact_number+difflib,"Parts of walls in rooms may be of lower performance than stated in Table 4.1, but no worse than class D-s3, d2. In any one room, the total area of lower performance wall lining should be less than an area equivalent to half of the room’s floor area, up to a maximum of 20m2 of wall lining.","Parts of walls in rooms may be of lower performance than stated in Table 4.1, but no worse than class D-s3, d2. In any one room, the total area of lower performance wall lining should be less than an area equivalent to half of the room’s floor area, up to a maximum of 20m2 of wall lining.",unchanged,
4.5,4.5,unchanged,1.0,exact_number+difflib,"For the purposes of this requirement, a ceiling includes all of the following. a. Glazed surfaces. b. Any part of a wall at 70 degrees or less to the horizontal. c. The underside of a gallery. d. The underside of a roof exposed to the room below.","For the purposes of this requirement, a ceiling includes all of the following. a. Glazed surfaces. b. Any part of a wall at 70 degrees or less to the horizontal. c. The underside of a gallery. d. The underside of a roof exposed to the room below.",,
4.6,4.6,unchanged,1.0,exact_number+difflib,"For the purposes of this requirement, a ceiling does not include any of the following. a. Trap doors and their frames. b. The frames of windows or rooflights and frames in which glazing is fitted. c. Architraves, cover moulds, picture rails, exposed beams and similar narrow members.","For the purposes of this requirement, a ceiling does not include any of the following. a. Trap doors and their frames. b. The frames of windows or rooflights and frames in which glazing is fitted. c. Architraves, cover moulds, picture rails, exposed beams and similar narrow members.",unchanged,
4.7,4.7,unchanged,1.0,exact_number+difflib,"Rooflights should meet the following classifications, according to material. No guidance for European fire test performance is currently available, because there is no generally accepted test and classification procedure. a. Non-plastic rooflights should meet the relevant classification in Table 4.1. b. Plastic rooflights, if the limitations in Table 4.2 and Table 12.2 are observed, should be a minimum class D-s3, d2 rating. Otherwise they should meet the relevant classification in","Rooflights should meet the following classifications, according to material. No guidance for European fire test performance is currently available, because there is no generally accepted test and classification procedure. a. Non-plastic rooflights should meet the relevant classification in Table 4.1. b. Plastic rooflights, if the limitations in Table 4.2 and Table 12.2 are observed, should be a minimum class D-s3, d2 rating. Otherwise they should meet the relevant classification in",,
4.8,4.8,unchanged,1.0,exact_number+difflib,"Any flexible membrane covering a structure, other than an air-supported structure, should comply with Appendix A of BS 7157.","Any flexible membrane covering a structure, other than an air-supported structure, should comply with Appendix A of BS 7157.",,
4.9,4.9,unchanged,1.0,exact_number+difflib,Guidance on the use of PTFE-based materials for tension-membrane roofs and structures is given in the BRE report BR 274.,Guidance on the use of PTFE-based materials for tension-membrane roofs and structures is given in the BRE report BR 274.,,
4.10,4.10,unchanged,1.0,exact_number+difflib,"Insulating core panels consist of an inner core of insulation sandwiched between, and bonded to, a membrane, such as galvanised steel or aluminium. Where they are used internally they can present particular problems with regard to fire spread and should meet all of the following conditions. a. Panels should be sealed to prevent exposure of the core to a fire. This includes at joints and where services penetrate the panel. b. In high fire risk areas, such as kitchens, places of special fire hazard, or in proximity to where hot works occur, only class A1 cored panels should be used. c. Fixing systems for all panels should be designed to take account of the potential for the panel to delaminate. For instance, where panels are used to form a suspended ceiling, the fixing should pass through the panel and support it from the lower face.","Insulating core panels consist of an inner core of insulation sandwiched between, and bonded to, a membrane, such as galvanised steel or aluminium. Where they are used internally they can present particular problems with regard to fire spread and should meet all of the following conditions. a. Panels should be sealed to prevent exposure of the core to a fire. This includes at joints and where services penetrate the panel. b. In high fire risk areas, such as kitchens, places of special fire hazard, or in proximity to where hot works occur, only class A1 cored panels should be used. c. Fixing systems for all panels should be designed to take account of the potential for the panel to delaminate. For instance, where panels are used to form a suspended ceiling, the fixing should pass through the panel and support it from the lower face.",,
4.11,4.11,unchanged,1.0,exact_number+difflib,Guidance on the control of flame spread is given in the following sections. a. Stairs and landings: Sections 2 and 3 (escape stairs) and Section 15 (firefighting shafts). b. Exposed surfaces above fire-protecting suspended ceilings: Section 8. c. Enclosures to above-ground drainage system pipes: Section 9.,Guidance on the control of flame spread is given in the following sections. a. Stairs and landings: Sections 2 and 3 (escape stairs) and Section 15 (firefighting shafts). b. Exposed surfaces above fire-protecting suspended ceilings: Section 8. c. Enclosures to above-ground drainage system pipes: Section 9.,,
4.12,4.12,unchanged,1.0,exact_number+difflib,"Thermoplastic materials that do not meet the classifications in Table 4.1 can be used as described in paragraphs 4.13 to 4.17. No guidance for European fire test performance is currently available, because there is no generally accepted test and classification procedure. Thermoplastic materials are defined in Appendix B, paragraph B11. Classifications used here are explained in paragraph B13.","Thermoplastic materials that do not meet the classifications in Table 4.1 can be used as described in paragraphs 4.13 to 4.17. No guidance for European fire test performance is currently available, because there is no generally accepted test and classification procedure. Thermoplastic materials are defined in Appendix B, paragraph B11. Classifications used here are explained in paragraph B13.",,
4.13,4.13,unchanged,1.0,exact_number+difflib,"Thermoplastic material classified as a TP(a) rigid product may be used to glaze external windows to rooms, but not external windows to circulation spaces. Approved Document K includes guidance on the safety of glazing.","Thermoplastic material classified as a TP(a) rigid product may be used to glaze external windows to rooms, but not external windows to circulation spaces. Approved Document K includes guidance on the safety of glazing.",,
4.14,4.14,unchanged,1.0,exact_number+difflib,"In rooms and circulation spaces other than protected stairways, rooflights may be constructed of thermoplastic material if they comply with both of the following. a. The lower surface is classified as TP(a) rigid or TP(b). b. The size and location of the rooflights follow the limits in Table 4.2, Table 12.2 and Table 12.3.","In rooms and circulation spaces other than protected stairways, rooflights may be constructed of thermoplastic material if they comply with both of the following. a. The lower surface is classified as TP(a) rigid or TP(b). b. The size and location of the rooflights follow the limits in Table 4.2, Table 12.2 and Table 12.3.",,
4.15,4.15,unchanged,1.0,exact_number+difflib,The following paragraphs apply to lighting diffusers forming part of a ceiling. Diffusers may be part of a luminaire or used below sources of light. The following paragraphs do not apply to diffusers of light fittings attached to the soffit of a ceiling or suspended beneath a ceiling (Diagram 4.1).,The following paragraphs apply to lighting diffusers forming part of a ceiling. Diffusers may be part of a luminaire or used below sources of light. The following paragraphs do not apply to diffusers of light fittings attached to the soffit of a ceiling or suspended beneath a ceiling (Diagram 4.1).,,
4.16,4.16,unchanged,1.0,exact_number+difflib,"Diffusers constructed of thermoplastic material may be incorporated in ceilings to rooms and circulation spaces, but not to protected stairways, if both the following conditions are met. a. Except for the upper surfaces of the thermoplastic panels, wall and ceiling surfaces exposed in the space above the suspended ceiling should comply with paragraph 4.1. b. Diffusers should be classified as one of the following. i. TP(a) rigid – no restrictions on their extent. ii. TP(b) – limited in their extent (see Table 4.2 and Diagram 4.2).","Diffusers constructed of thermoplastic material may be incorporated in ceilings to rooms and circulation spaces, but not to protected stairways, if both the following conditions are met. a. Except for the upper surfaces of the thermoplastic panels, wall and ceiling surfaces exposed in the space above the suspended ceiling should comply with paragraph 4.1. b. Diffusers should be classified as one of the following. i. TP(a) rigid – no restrictions on their extent. ii. TP(b) – limited in their extent (see Table 4.2 and Diagram 4.2).",,
4.17,4.17,unchanged,1.0,exact_number+difflib,"A ceiling constructed from TP(a) flexible panels should meet the following conditions. a. Have a maximum area of 5m2. b. Be supported on all sides. 3m min. 5m² is maximum area NOTES: in small rooms. 3 . See note 4 to Table 4.2. classification of the diffusers or each diffuser or area of diffusers distance between which the ceiling is NOTES: 1. This table does not apply to products that meet the provisions in Table 4.1. 2. Smaller rooflights and diffusers can be grouped together provided that both of the following satisfy the dimensions in a. The overall size of the group. b. The space between one group and any others. 3. Lighting diffusers of TP(a) flexible rating should be used only in panels of a maximum of 5m2 each. See paragraph 4.17. 4. There are no limits on the use of class D-s3, d2 materials in small rooms. See Table 4.1. 5. The minimum 3m separation given in Diagram 4.2 between each 5m2 group must be maintained. Therefore, in some cases, it may not be possible to use the maximum percentage quoted. x min. y min. x min. Materials within this zone – at plane of ceiling – should comply with Table 4.1","A ceiling constructed from TP(a) flexible panels should meet the following conditions. a. Have a maximum area of 5m2. b. Be supported on all sides. 3m min. 5m² is maximum area NOTES: in small rooms. 3 . See note 4 to Table 4.2. classification of the diffusers or each diffuser or area of diffusers distance between which the ceiling is NOTES: 1. This table does not apply to products that meet the provisions in Table 4.1. 2. Smaller rooflights and diffusers can be grouped together provided that both of the following satisfy the dimensions in a. The overall size of the group. b. The space between one group and any others. 3. Lighting diffusers of TP(a) flexible rating should be used only in panels of a maximum of 5m2 each. See paragraph 4.17. 4. There are no limits on the use of class D-s3, d2 materials in small rooms. See Table 4.1. 5. The minimum 3m separation given in Diagram 4.2 between each 5m2 group must be maintained. Therefore, in some cases, it may not be possible to use the maximum percentage quoted. x min. y min. x min. Materials within this zone – at plane of ceiling – should comply with Table 4.1",,
5.1,5.1,unchanged,1.0,exact_number+difflib,"Elements such as structural frames, beams, columns, loadbearing walls (internal and external), floor structures and gallery structures should have, as a minimum, the fire resistance given in Appendix B, Table B3.","Elements such as structural frames, beams, columns, loadbearing walls (internal and external), floor structures and gallery structures should have, as a minimum, the fire resistance given in Appendix B, Table B3.",,
5.2,5.2,unchanged,1.0,exact_number+difflib,"If one element of structure supports or stabilises another, as a minimum the supporting element should have the same fire resistance as the other element.","If one element of structure supports or stabilises another, as a minimum the supporting element should have the same fire resistance as the other element.",,
5.3,5.3,unchanged,1.0,exact_number+difflib,"The following are excluded from the definition of ‘element of structure’. a. A structure that supports only a roof, unless either of the following applies. i. The roof performs the function of a floor, such as a roof terrace, or as a means of escape. ii. The structure is essential for the stability of an external wall that needs to be fire resisting (e.g. to achieve compartmentation or for the purposes of preventing fire spread between buildings). b. The lowest floor of the building. c. External walls, such as curtain walls or other forms of cladding, which transmit only self weight and wind loads and do not transmit floor load. NOTE: In some cases, structural members within a roof may be essential for the structural stability system of the building. In these cases, the structural members in the roof do not just support a roof and must demonstrate the relevant fire resistance for the building as required by paragraph 5.2 above.","The following are excluded from the definition of ‘element of structure’. a. A structure that supports only a roof, unless either of the following applies. i. The roof performs the function of a floor, such as a roof terrace, or as a means of escape. ii. The structure is essential for the stability of an external wall that needs to be fire resisting (e.g. to achieve compartmentation or for the purposes of preventing fire spread between buildings). b. The lowest floor of the building. c. External walls, such as curtain walls or other forms of cladding, which transmit only self weight and wind loads and do not transmit floor load. NOTE: In some cases, structural members within a roof may be essential for the structural stability system of the building. In these cases, the structural members in the roof do not just support a roof and must demonstrate the relevant fire resistance for the building as required by paragraph 5.2 above.",,
5.4,5.4,unchanged,1.0,exact_number+difflib,"Where adding an additional storey to a two storey single family dwellinghouse, new floors should have a minimum REI 30 fire resistance. Any floor forming part of the enclosure to the circulation space between the loft conversion and the final exit should achieve a minimum rating of REI 30. The existing first-storey construction should have a minimum rating of R 30. The fire performance may be reduced for integrity and insulation, when both of the following conditions are met. a. Only one storey is added, containing a maximum of two habitable rooms. b. The new storey has a maximum total area of 50m2.","Where adding an additional storey to a two storey single family dwellinghouse, new floors should have a minimum REI 30 fire resistance. Any floor forming part of the enclosure to the circulation space between the loft conversion and the final exit should achieve a minimum rating of REI 30. The existing first-storey construction should have a minimum rating of R 30. The fire performance may be reduced for integrity and insulation, when both of the following conditions are met. a. Only one storey is added, containing a maximum of two habitable rooms. b. The new storey has a maximum total area of 50m2.",,
5.5,5.5,unchanged,1.0,exact_number+difflib,Dwellinghouses that are semi-detached or in terraces should be considered as separate buildings. Every wall separating the dwellinghouses should be constructed as a compartment wall (see paragraphs 5.8 to 5.12).,Dwellinghouses that are semi-detached or in terraces should be considered as separate buildings. Every wall separating the dwellinghouses should be constructed as a compartment wall (see paragraphs 5.8 to 5.12).,,
5.6,5.6,unchanged,1.0,exact_number+difflib,"If a garage is attached to or forms an integral part of a dwellinghouse, the garage should be separated from the rest of the dwellinghouse by fire resisting construction (minimum REI 30) (Diagram 5.1).","If a garage is attached to or forms an integral part of a dwellinghouse, the garage should be separated from the rest of the dwellinghouse by fire resisting construction (minimum REI 30) (Diagram 5.1).",,
5.7,5.7,unchanged,1.0,exact_number+difflib,"Where a door is provided between a dwellinghouse and the garage (see Diagram 5.1), it should meet one of the following conditions. a. The garage floor should be laid such that it falls away from the door to the outside, to allow fuel spills to flow away. b. The door opening should be a minimum of 100mm above the level of the garage floor. to have a minimum fire resistance of E 30 S and be fitted with a should be a minimum of the garage and dwellinghouse 100mm above garage floor to have a minimum fire resistance of","Where a door is provided between a dwellinghouse and the garage (see Diagram 5.1), it should meet one of the following conditions. a. The garage floor should be laid such that it falls away from the door to the outside, to allow fuel spills to flow away. b. The door opening should be a minimum of 100mm above the level of the garage floor. to have a minimum fire resistance of E 30 S and be fitted with a should be a minimum of the garage and dwellinghouse 100mm above garage floor to have a minimum fire resistance of",,
5.8,5.8,unchanged,1.0,exact_number+difflib,"All compartment walls and compartment floors should achieve both of the following. a. Form a complete barrier to fire between the compartments they separate. b. Have the appropriate fire resistance, as given in Appendix B, Table B3 and Table B4.","All compartment walls and compartment floors should achieve both of the following. a. Form a complete barrier to fire between the compartments they separate. b. Have the appropriate fire resistance, as given in Appendix B, Table B3 and Table B4.",,
5.9,5.9,unchanged,1.0,exact_number+difflib,"Timber beams, joists, purlins and rafters may be built into or carried through a masonry or concrete compartment wall if the openings for them are both of the following. a. As small as practicable. b. Fire-stopped. If trussed rafters bridge the wall, failure of the truss due to a fire in one compartment should not cause failure of the truss in another compartment.","Timber beams, joists, purlins and rafters may be built into or carried through a masonry or concrete compartment wall if the openings for them are both of the following. a. As small as practicable. b. Fire-stopped. If trussed rafters bridge the wall, failure of the truss due to a fire in one compartment should not cause failure of the truss in another compartment.",unchanged,
5.10,5.10,unchanged,1.0,exact_number+difflib,"Adjoining buildings should only be separated by walls, not floors. Compartment walls common to two or more buildings should comply with both of the following. a. Run the full height of the building in a continuous vertical plane. b. Be continued through any roof space to the underside of the roof (see Diagram 5.2).","Adjoining buildings should only be separated by walls, not floors. Compartment walls common to two or more buildings should comply with both of the following. a. Run the full height of the building in a continuous vertical plane. b. Be continued through any roof space to the underside of the roof (see Diagram 5.2).",,
5.11,5.11,unchanged,1.0,exact_number+difflib,"A compartment wall should achieve both of the following. a. Meet the underside of the roof covering or deck, with fire-stopping to maintain the continuity of fire resistance. b. Be continued across any eaves.","A compartment wall should achieve both of the following. a. Meet the underside of the roof covering or deck, with fire-stopping to maintain the continuity of fire resistance. b. Be continued across any eaves.",,
5.12,5.12,unchanged,1.0,exact_number+difflib,"To reduce the risk of fire spreading over the roof from one compartment to another, a 1500mm wide zone of the roof, either side of the wall, should have a covering classified as B (t4), on a substrate or deck of a material rated class A2-s3, d2 or better, as set out in Diagram 5.2a. Thermoplastic rooflights that, because of paragraph 12.7, are regarded as having a B (t4) classification are not suitable for use in that zone.","To reduce the risk of fire spreading over the roof from one compartment to another, a 1500mm wide zone of the roof, either side of the wall, should have a covering classified as B (t4), on a substrate or deck of a material rated class A2-s3, d2 or better, as set out in Diagram 5.2a. Thermoplastic rooflights that, because of paragraph 12.7, are regarded as having a B (t4) classification are not suitable for use in that zone.",,
5.13,5.13,unchanged,1.0,exact_number+difflib,"Materials achieving class B-s3, d2 or worse used as a substrate to the roof covering and any timber tiling battens, fully bedded in mortar or other suitable material for the width of the wall (Diagram 5.2b), may extend over the compartment wall in buildings that are a maximum of 15m high.","Materials achieving class B-s3, d2 or worse used as a substrate to the roof covering and any timber tiling battens, fully bedded in mortar or other suitable material for the width of the wall (Diagram 5.2b), may extend over the compartment wall in buildings that are a maximum of 15m high.",,
5.14,5.14,unchanged,1.0,exact_number+difflib,"Double-skinned insulated roof sheeting should incorporate a band of material rated class A2-s3, d2 or better, a minimum of 300mm in width, centred over the wall.","Double-skinned insulated roof sheeting should incorporate a band of material rated class A2-s3, d2 or better, a minimum of 300mm in width, centred over the wall.",,
5.15,5.15,unchanged,1.0,exact_number+difflib,"As an alternative to the provisions of paragraphs 5.12 to 5.14, the compartment wall may extend through the roof for a minimum of either of the following (see Diagram 5.2c). a. Where the height difference between the two roofs is less than 375mm, 375mm above the top surface of the adjoining roof covering. b. 200mm above the top surface of the adjoining roof covering where either of the following applies. i. The height difference between the two roofs is 375mm or more. ii. The roof coverings either side of the wall are of a material classified as B (t4). Roof covering over this distance to be designated B (t4) rated on deck of material of class A2-s3, d2 or better. Roof covering and deck could be composite structure, e.g. profiled steel cladding. Double-skinned insulated roof sheeting should incorporate a band of material rated class A2-s3, d2 or better, a minimum of 300mm in width, centred over the wall. for a distance of 1500mm on either side of the wall may be needed to delay distortion at the junction (see paragraph 5.9). Wall Fire-stopping to be carried up to underside of roof covering, e.g. roof tiles. Roof covering to be designated B (t4) rated for at least this distance. Boarding (used as a substrate) or timber tiling battens may be carried over the wall provided that they are fully bedded in mortar (or other no less suitable material) where over the wall. Thermoplastic insulation materials should not be carried over the wall. Double-skinned insulated roof sheeting with a thermoplastic core should over the wall. Sarking felt may also be carried over the wall. members for a distance of 1500mm on either side of the wall may be needed to Wall delay distortion at the junction (see paragraph 5.9). Fire-stopping to be carried up to underside of roof covering, boarding or slab. Roof covering to be designated B (t4) rated for at least 1500mm either side of wall. Roofing battens and sarking felt may be carried over the wall. Fire-stopping to be carried up to underside of roof covering above and below sarking felt. NOTES: 1. Fire-stopping should be carried over the full thickness of the wall. 2. Fire-stopping should be extended into any eaves. 3. The compartment wall does not necessarily need to be constructed of masonry. The wall should be extended up through the roof for a height of at least 375mm above the top surface of the adjoining roof covering. Where there is a height difference of at least 375 mm between two roofs or Roof covering where the roof coverings on either side of the wall are B ROOF(t4) rated, the height of the upstand/parapet wall above the highest roof may be reduced to 200mm.","As an alternative to the provisions of paragraphs 5.12 to 5.14, the compartment wall may extend through the roof for a minimum of either of the following (see Diagram 5.2c). a. Where the height difference between the two roofs is less than 375mm, 375mm above the top surface of the adjoining roof covering. b. 200mm above the top surface of the adjoining roof covering where either of the following applies. i. The height difference between the two roofs is 375mm or more. ii. The roof coverings either side of the wall are of a material classified as B (t4). Roof covering over this distance to be designated B (t4) rated on deck of material of class A2-s3, d2 or better. Roof covering and deck could be composite structure, e.g. profiled steel cladding. Double-skinned insulated roof sheeting should incorporate a band of material rated class A2-s3, d2 or better, a minimum of 300mm in width, centred over the wall. for a distance of 1500mm on either side of the wall may be needed to delay distortion at the junction (see paragraph 5.9). Wall Fire-stopping to be carried up to underside of roof covering, e.g. roof tiles. Roof covering to be designated B (t4) rated for at least this distance. Boarding (used as a substrate) or timber tiling battens may be carried over the wall provided that they are fully bedded in mortar (or other no less suitable material) where over the wall. Thermoplastic insulation materials should not be carried over the wall. Double-skinned insulated roof sheeting with a thermoplastic core should over the wall. Sarking felt may also be carried over the wall. members for a distance of 1500mm on either side of the wall may be needed to Wall delay distortion at the junction (see paragraph 5.9). Fire-stopping to be carried up to underside of roof covering, boarding or slab. Roof covering to be designated B (t4) rated for at least 1500mm either side of wall. Roofing battens and sarking felt may be carried over the wall. Fire-stopping to be carried up to underside of roof covering above and below sarking felt. NOTES: 1. Fire-stopping should be carried over the full thickness of the wall. 2. Fire-stopping should be extended into any eaves. 3. The compartment wall does not necessarily need to be constructed of masonry. The wall should be extended up through the roof for a height of at least 375mm above the top surface of the adjoining roof covering. Where there is a height difference of at least 375 mm between two roofs or Roof covering where the roof coverings on either side of the wall are B ROOF(t4) rated, the height of the upstand/parapet wall above the highest roof may be reduced to 200mm.",,
5.16,5.16,unchanged,1.0,exact_number+difflib,"Cavities in the construction of a building provide a ready route for the spread of smoke and flame, which can present a greater danger as any spread is concealed. For the purpose of this document, a cavity is considered to be any concealed space.","Cavities in the construction of a building provide a ready route for the spread of smoke and flame, which can present a greater danger as any spread is concealed. For the purpose of this document, a cavity is considered to be any concealed space.",,
5.17,5.17,unchanged,1.0,exact_number+difflib,"To reduce the potential for fire spread, cavity barriers should be provided for both of the following. a. To divide cavities. b. To close the edges of cavities. Cavity barriers should not be confused with fire-stopping details (Section 9).","To reduce the potential for fire spread, cavity barriers should be provided for both of the following. a. To divide cavities. b. To close the edges of cavities. Cavity barriers should not be confused with fire-stopping details (Section 9).",,
5.18,5.18,unchanged,1.0,exact_number+difflib,"Cavity barriers should be provided at all of the following locations. a. At the edges of cavities, including around openings (such as windows, doors and exit/entry points for services). compartment wall. c. At the junction between an internal cavity wall and every compartment floor, compartment wall or other wall or door assembly forming a fire resisting barrier. This does not apply where a wall meets the conditions of Diagram 5.3.","Cavity barriers should be provided at all of the following locations. a. At the edges of cavities, including around openings (such as windows, doors and exit/entry points for services). compartment wall. c. At the junction between an internal cavity wall and every compartment floor, compartment wall or other wall or door assembly forming a fire resisting barrier. This does not apply where a wall meets the conditions of Diagram 5.3.",,
5.19,5.19,unchanged,1.0,exact_number+difflib,"It is not appropriate to complete a line of compartment walls by fitting cavity barriers above them. The compartment wall should be extended to the underside of the floor or roof above. Close cavity at top of wall NOTES: (unless cavity is totally relation to fire resistance. 2. Domestic meter cupboards may be installed provided Opening that the following conditions are met: a. There are no more than two cupboards per dwelling b. The openings in the outer wall leaf are not bigger than Close cavity around opening c. The inner leaf is not penetrated except by a sleeve not more than 80(cid:31)80mm, which is fire-stopped. concrete each at least 75mm 3. Materials achieving class B-s3, d2 or worse may be thick placed within the cavity.","It is not appropriate to complete a line of compartment walls by fitting cavity barriers above them. The compartment wall should be extended to the underside of the floor or roof above. Close cavity at top of wall NOTES: (unless cavity is totally relation to fire resistance. 2. Domestic meter cupboards may be installed provided Opening that the following conditions are met: a. There are no more than two cupboards per dwelling b. The openings in the outer wall leaf are not bigger than Close cavity around opening c. The inner leaf is not penetrated except by a sleeve not more than 80(cid:31)80mm, which is fire-stopped. concrete each at least 75mm 3. Materials achieving class B-s3, d2 or worse may be thick placed within the cavity.",,
5.20,5.20,unchanged,1.0,exact_number+difflib,"Cavity barriers, tested from each side separately, should provide a minimum of both of the following: b. 15 minutes’ insulation (I 15). They may be formed by a construction provided for another purpose if it achieves the same performance.","Cavity barriers, tested from each side separately, should provide a minimum of both of the following: b. 15 minutes’ insulation (I 15). They may be formed by a construction provided for another purpose if it achieves the same performance.",,
5.21,5.21,unchanged,1.0,exact_number+difflib,"Cavity barriers in a stud wall or partition, or provided around openings, may be formed of any of the following. a. Steel, a minimum of 0.5mm thick. b. Timber, a minimum of 38mm thick. c. Polythene-sleeved mineral wool, or mineral wool slab, under compression when installed in the cavity. d. Calcium silicate, cement-based or gypsum-based boards, a minimum of 12mm thick. These do not necessarily achieve the performance specified in paragraph 5.20. NOTE: Cavity barriers provided around openings may be formed by the window or door frame, if the frame is constructed of steel or timber of the minimum thickness in (a) or (b), as appropriate.","Cavity barriers in a stud wall or partition, or provided around openings, may be formed of any of the following. a. Steel, a minimum of 0.5mm thick. b. Timber, a minimum of 38mm thick. c. Polythene-sleeved mineral wool, or mineral wool slab, under compression when installed in the cavity. d. Calcium silicate, cement-based or gypsum-based boards, a minimum of 12mm thick. These do not necessarily achieve the performance specified in paragraph 5.20. NOTE: Cavity barriers provided around openings may be formed by the window or door frame, if the frame is constructed of steel or timber of the minimum thickness in (a) or (b), as appropriate.",,
5.22,5.22,unchanged,1.0,exact_number+difflib,"Cavity barriers should be tightly fitted to a rigid construction and mechanically fixed in position. If this is not possible (e.g. where a cavity barrier joins to slates, tiles, corrugated sheeting or similar materials) the junction should be fire-stopped.","Cavity barriers should be tightly fitted to a rigid construction and mechanically fixed in position. If this is not possible (e.g. where a cavity barrier joins to slates, tiles, corrugated sheeting or similar materials) the junction should be fire-stopped.",,
5.23,5.23,unchanged,1.0,exact_number+difflib,"Cavity barriers should be fixed so their performance is unlikely to be made ineffective by any of the following. a. Movement of the building due to subsidence, shrinkage or temperature change, and movement of the external envelope due to wind. b. During a fire, collapse of services penetrating the cavity barriers, either by the failure of the supporting system or through degradation of the service itself (e.g. by melting or burning). c. During a fire, failure of the cavity barrier fixings. (In roof spaces, where cavity barriers are fixed to roof members, there is no expectation of fire resistance from roof members provided for the d. During a fire, failure of any material or construction to which cavity barriers abut. (For example, a suspended ceiling that continues over a fire resisting wall or partition collapses, and the cavity barrier fails prematurely because the ceiling was not designed to provide a minimum fire","Cavity barriers should be fixed so their performance is unlikely to be made ineffective by any of the following. a. Movement of the building due to subsidence, shrinkage or temperature change, and movement of the external envelope due to wind. b. During a fire, collapse of services penetrating the cavity barriers, either by the failure of the supporting system or through degradation of the service itself (e.g. by melting or burning). c. During a fire, failure of the cavity barrier fixings. (In roof spaces, where cavity barriers are fixed to roof members, there is no expectation of fire resistance from roof members provided for the d. During a fire, failure of any material or construction to which cavity barriers abut. (For example, a suspended ceiling that continues over a fire resisting wall or partition collapses, and the cavity barrier fails prematurely because the ceiling was not designed to provide a minimum fire",,
5.24,5.24,unchanged,1.0,exact_number+difflib,"Openings should be limited to the following. a. Fire doorsets with a minimum E 30 rating, fitted in accordance with Appendix C. b. The passage of pipes that follow the provisions in Section 9. c. The passage of cables or conduits containing one or more cables. d. Openings fitted with a suitably mounted and appropriate fire damper. e. Ducts that are either of the following. i. Fire resisting (minimum E 30). ii. Fitted with a suitably mounted and appropriate fire damper where they pass through the cavity barrier. NOTE: For further guidance on openings in cavity barriers see Section 9.","Openings should be limited to the following. a. Fire doorsets with a minimum E 30 rating, fitted in accordance with Appendix C. b. The passage of pipes that follow the provisions in Section 9. c. The passage of cables or conduits containing one or more cables. d. Openings fitted with a suitably mounted and appropriate fire damper. e. Ducts that are either of the following. i. Fire resisting (minimum E 30). ii. Fitted with a suitably mounted and appropriate fire damper where they pass through the cavity barrier. NOTE: For further guidance on openings in cavity barriers see Section 9.",,
6.1,6.1,unchanged,1.0,exact_number+difflib,"Elements such as structural frames, beams, columns, loadbearing walls (internal and external), floor structures and gallery structures should have, as a minimum, the fire resistance given in Appendix B, Table B3. NOTE: If one element of structure supports or stabilises another, as a minimum the supporting element should have the same fire resistance as the other element.","Elements such as structural frames, beams, columns, loadbearing walls (internal and external), floor structures and gallery structures should have, as a minimum, the fire resistance given in Appendix B, Table B3. NOTE: If one element of structure supports or stabilises another, as a minimum the supporting element should have the same fire resistance as the other element.",,
6.2,6.2,unchanged,1.0,exact_number+difflib,"The following are excluded from the definition of ‘element of structure’. a. A structure that supports only a roof, unless either of the following applies. i. The roof performs the function of a floor, such as for parking vehicles, or as a means of escape. ii. The structure is essential for the stability of an external wall that needs to be fire resisting (e.g. to achieve compartmentation or for the purposes of preventing fire spread between buildings). b. The lowest floor of the building. c. A platform floor. d. External walls, such as curtain walls or other forms of cladding, which transmit only self weight and wind loads and do not transmit floor load. NOTE: In some cases, structural members within a roof may be essential for the structural stability system of the building. In these cases, the structural members in the roof do not just support a roof and must demonstrate the relevant fire resistance for the building as required by the note to paragraph 6.1 above.","The following are excluded from the definition of ‘element of structure’. a. A structure that supports only a roof, unless either of the following applies. i. The roof performs the function of a floor, such as for parking vehicles, or as a means of escape. ii. The structure is essential for the stability of an external wall that needs to be fire resisting (e.g. to achieve compartmentation or for the purposes of preventing fire spread between buildings). b. The lowest floor of the building. c. A platform floor. d. External walls, such as curtain walls or other forms of cladding, which transmit only self weight and wind loads and do not transmit floor load. NOTE: In some cases, structural members within a roof may be essential for the structural stability system of the building. In these cases, the structural members in the roof do not just support a roof and must demonstrate the relevant fire resistance for the building as required by the note to paragraph 6.1 above.",,
6.3,6.3,unchanged,1.0,exact_number+difflib,"If a loadbearing wall is any of the following, guidance in other sections may also apply. a. A compartment wall (including a wall common to two buildings): Section 7. b. Enclosing a place of special fire hazard: Section 7. c. Protecting a means of escape: Sections 2 and 3. d. An external wall: Sections 10 and 11. e. Enclosing a firefighting shaft: Section 15.","If a loadbearing wall is any of the following, guidance in other sections may also apply. a. A compartment wall (including a wall common to two buildings): Section 7. b. Enclosing a place of special fire hazard: Section 7. c. Protecting a means of escape: Sections 2 and 3. d. An external wall: Sections 10 and 11. e. Enclosing a firefighting shaft: Section 15.",,
6.4,6.4,unchanged,1.0,exact_number+difflib,"If a floor is also a compartment floor, see Section 7.","If a floor is also a compartment floor, see Section 7.",,
6.5,6.5,unchanged,1.0,exact_number+difflib,"Where an existing dwellinghouse or other building is converted into flats, a review of the existing construction should be carried out. Retained timber floors may make it difficult to meet the relevant provisions for fire resistance.","Where an existing dwellinghouse or other building is converted into flats, a review of the existing construction should be carried out. Retained timber floors may make it difficult to meet the relevant provisions for fire resistance.",unchanged,
6.6,6.6,unchanged,1.0,exact_number+difflib,"In a converted building with a maximum of three storeys, a minimum REI 30 fire resistance could be accepted for elements of structure if the means of escape conform to the provisions of Section 3.","In a converted building with a maximum of three storeys, a minimum REI 30 fire resistance could be accepted for elements of structure if the means of escape conform to the provisions of Section 3.",,
6.7,6.7,unchanged,1.0,exact_number+difflib,"In a converted building with four or more storeys, the full standard of fire resistance given in Appendix B is necessary.","In a converted building with four or more storeys, the full standard of fire resistance given in Appendix B is necessary.",unchanged,
7.1,7.1,unchanged,1.0,exact_number+difflib,"All of the following should be provided as compartment walls and compartment floors and should have, as a minimum, the fire resistance given in Appendix B, Table B3. a. Any floor and wall separating a flat from another part of the building. b. Any wall enclosing a refuse storage chamber. c. Any wall common to two or more buildings.","All of the following should be provided as compartment walls and compartment floors and should have, as a minimum, the fire resistance given in Appendix B, Table B3. a. Any floor and wall separating a flat from another part of the building. b. Any wall enclosing a refuse storage chamber. c. Any wall common to two or more buildings.",,
7.2,7.2,unchanged,1.0,exact_number+difflib,Fire resisting construction enclosing these places should achieve minimum REI 30. These walls and floors are not compartment walls and compartment floors.,Fire resisting construction enclosing these places should achieve minimum REI 30. These walls and floors are not compartment walls and compartment floors.,,
7.3,7.3,unchanged,1.0,exact_number+difflib,Parts of a building occupied mainly for different purposes should be separated from one another by compartment walls and/or compartment floors. Compartmentation is not needed if one of the different purposes is ancillary to the other. See paragraphs 0.18 and 0.19.,Parts of a building occupied mainly for different purposes should be separated from one another by compartment walls and/or compartment floors. Compartmentation is not needed if one of the different purposes is ancillary to the other. See paragraphs 0.18 and 0.19.,,
7.4,7.4,modified,0.6,exact_number+difflib,"Blocks of flats with a floor more than 30m above ground level should be fitted with a sprinkler system throughout the building in accordance with Appendix E. NOTE: Sprinklers are not required in the common areas such as stairs, corridors or landings when these areas are fire sterile.","Blocks of flats with a top storey more than 11m above ground level (see Diagram D6) should be fitted with a sprinkler system throughout the building in accordance with Appendix E. NOTE: Sprinklers should be provided within the individual flats, they do not need to be provided in the common areas such as stairs, corridors or landings when these areas are fire sterile.",modified,
7.5,7.5,unchanged,1.0,exact_number+difflib,"All compartment walls and compartment floors should achieve both of the following. a. Form a complete barrier to fire between the compartments they separate. b. Have the appropriate fire resistance, as given in Appendix B, Tables B3 and B4.","All compartment walls and compartment floors should achieve both of the following. a. Form a complete barrier to fire between the compartments they separate. b. Have the appropriate fire resistance, as given in Appendix B, Tables B3 and B4.",unchanged,
7.6,7.6,unchanged,1.0,exact_number+difflib,"Timber beams, joists, purlins and rafters may be built into or carried through a masonry or concrete compartment wall if the openings for them are both of the following. a. As small as practicable. b. Fire-stopped. If trussed rafters bridge the wall, failure of the truss due to a fire in one compartment should not cause failure of the truss in another compartment.","Timber beams, joists, purlins and rafters may be built into or carried through a masonry or concrete compartment wall if the openings for them are both of the following. a. As small as practicable. b. Fire-stopped. If trussed rafters bridge the wall, failure of the truss due to a fire in one compartment should not cause failure of the truss in another compartment.",,
7.7,7.7,unchanged,1.0,exact_number+difflib,"Where services could provide a source of ignition, the risk of fire developing and spreading into adjacent compartments should be controlled.","Where services could provide a source of ignition, the risk of fire developing and spreading into adjacent compartments should be controlled.",,
7.8,7.8,unchanged,1.0,exact_number+difflib,"Adjoining buildings should only be separated by walls, not floors. Compartment walls common to two or more buildings should comply with both of the following. a. Run the full height of the building in a continuous vertical plane. b. Be continued through any roof space to the underside of the roof (see Diagram 5.2).","Adjoining buildings should only be separated by walls, not floors. Compartment walls common to two or more buildings should comply with both of the following. a. Run the full height of the building in a continuous vertical plane. b. Be continued through any roof space to the underside of the roof (see Diagram 5.2).",,
7.9,7.9,unchanged,1.0,exact_number+difflib,Compartment walls forming a separated part of a building should run the full height of the building in a continuous vertical plane. Separated parts can be assessed independently to determine the appropriate standard of fire resistance in each. The two separated parts can have different standards of fire resistance.,Compartment walls forming a separated part of a building should run the full height of the building in a continuous vertical plane. Separated parts can be assessed independently to determine the appropriate standard of fire resistance in each. The two separated parts can have different standards of fire resistance.,,
7.10,7.10,unchanged,1.0,exact_number+difflib,Compartment walls not described in paragraphs 7.8 and 7.9 should run the full height of the storey in which they are situated.,Compartment walls not described in paragraphs 7.8 and 7.9 should run the full height of the storey in which they are situated.,,
7.11,7.11,unchanged,1.0,exact_number+difflib,Compartment walls in a top storey beneath a roof should be continued through the roof space.,Compartment walls in a top storey beneath a roof should be continued through the roof space.,,
7.12,7.12,unchanged,1.0,exact_number+difflib,"At the junction with another compartment wall or an external wall, the fire resistance of the compartmentation should be maintained. Fire-stopping that meets the provisions in paragraphs 9.24 to 9.29 should be provided.","At the junction with another compartment wall or an external wall, the fire resistance of the compartmentation should be maintained. Fire-stopping that meets the provisions in paragraphs 9.24 to 9.29 should be provided.",,
7.13,7.13,unchanged,1.0,exact_number+difflib,"At the junction of a compartment floor and an external wall with no fire resistance, the external wall should be restrained at floor level. The restraint should reduce movement of the wall away from the floor if exposed to fire.","At the junction of a compartment floor and an external wall with no fire resistance, the external wall should be restrained at floor level. The restraint should reduce movement of the wall away from the floor if exposed to fire.",,
7.14,7.14,unchanged,1.0,exact_number+difflib,"Compartment walls should be able to accommodate deflection of the floor, when exposed to fire, by either of the following means. a. Between the wall and floor, provide a head detail that is capable of maintaining its integrity while deforming. b. Design the wall so it maintains its integrity by resisting the additional vertical load from the floor above. Where compartment walls are located within the middle half of a floor between vertical supports, the deflection may be assumed to be 40mm unless a smaller value can be justified by assessment. Outside this area, the limit can be reduced linearly to zero at the supports. For steel beams that do not have the required fire resistance, reference should be made to SCI Publication P288.","Compartment walls should be able to accommodate deflection of the floor, when exposed to fire, by either of the following means. a. Between the wall and floor, provide a head detail that is capable of maintaining its integrity while deforming. b. Design the wall so it maintains its integrity by resisting the additional vertical load from the floor above. Where compartment walls are located within the middle half of a floor between vertical supports, the deflection may be assumed to be 40mm unless a smaller value can be justified by assessment. Outside this area, the limit can be reduced linearly to zero at the supports. For steel beams that do not have the required fire resistance, reference should be made to SCI Publication P288.",unchanged,
7.15,7.15,unchanged,1.0,exact_number+difflib,"The requirements are the same as for dwellinghouses, detailed in paragraphs 5.11 and 5.12.","The requirements are the same as for dwellinghouses, detailed in paragraphs 5.11 and 5.12.",,
7.16,7.16,unchanged,1.0,exact_number+difflib,"Materials achieving class B-s3, d2 or worse used as a substrate to the roof covering and any timber tiling battens, fully bedded in mortar or other suitable material for the width of the wall (Diagram 5.2b), may extend over the compartment wall in buildings that are both of the following. a. A maximum of 15m high. b. In one of the following purpose groups. (institutional)’ (purpose group 2(a)). ii. ‘Office’ (purpose group 3). iii. ‘Assembly and recreation’ (purpose group 5).","Materials achieving class B-s3, d2 or worse used as a substrate to the roof covering and any timber tiling battens, fully bedded in mortar or other suitable material for the width of the wall (Diagram 5.2b), may extend over the compartment wall in buildings that are both of the following. a. A maximum of 15m high. b. In one of the following purpose groups. (institutional)’ (purpose group 2(a)). ii. ‘Office’ (purpose group 3). iii. ‘Assembly and recreation’ (purpose group 5).",,
7.17,7.17,unchanged,1.0,exact_number+difflib,"Double-skinned insulated roof sheeting with a thermoplastic core should incorporate a band of material rated class A2-s3, d2 or better, a minimum of 300mm in width, centred over the wall.","Double-skinned insulated roof sheeting with a thermoplastic core should incorporate a band of material rated class A2-s3, d2 or better, a minimum of 300mm in width, centred over the wall.",,
7.18,7.18,unchanged,1.0,exact_number+difflib,"As an alternative to the provisions of paragraph 7.16 or 7.17, the compartment wall may extend through the roof for a minimum of either of the following (see Diagram 5.2c). a. Where the height difference between the two roofs is less than 375mm, 375mm above the top surface of the adjoining roof covering. b. 200mm above the top surface of the adjoining roof covering where either of the following applies. i. The height difference between the two roofs is 375mm or more. ii. The roof coverings either side of the wall are of a material classified as B (t4).","As an alternative to the provisions of paragraph 7.16 or 7.17, the compartment wall may extend through the roof for a minimum of either of the following (see Diagram 5.2c). a. Where the height difference between the two roofs is less than 375mm, 375mm above the top surface of the adjoining roof covering. b. 200mm above the top surface of the adjoining roof covering where either of the following applies. i. The height difference between the two roofs is 375mm or more. ii. The roof coverings either side of the wall are of a material classified as B (t4).",,
7.19,7.19,unchanged,1.0,exact_number+difflib,"Openings in a compartment wall common to two or more buildings should be limited to those for either of the following. a. A fire doorset providing a means of escape, which has the same fire resistance as the wall and is fitted in accordance with the provisions in Appendix C. b. The passage of a pipe that complies with the provisions in Section 9.","Openings in a compartment wall common to two or more buildings should be limited to those for either of the following. a. A fire doorset providing a means of escape, which has the same fire resistance as the wall and is fitted in accordance with the provisions in Appendix C. b. The passage of a pipe that complies with the provisions in Section 9.",,
7.20,7.20,unchanged,1.0,exact_number+difflib,"Openings should be limited to those for any of the following. a. Fire doorsets of the appropriate fire resistance, fitted in accordance with the provisions in Appendix C. b. Pipes, ventilation ducts, service cables, chimneys, appliance ventilation ducts or ducts encasing one or more flue pipes, complying with the provisions in Section 9. c. Refuse chutes of class A1 construction. d. Atria designed in accordance with Annexes B and C of BS 9999. e. Protected shafts that conform to the provisions in the following paragraphs.","Openings should be limited to those for any of the following. a. Fire doorsets of the appropriate fire resistance, fitted in accordance with the provisions in Appendix C. b. Pipes, ventilation ducts, service cables, chimneys, appliance ventilation ducts or ducts encasing one or more flue pipes, complying with the provisions in Section 9. c. Refuse chutes of class A1 construction. d. Atria designed in accordance with Annexes B and C of BS 9999. e. Protected shafts that conform to the provisions in the following paragraphs.",,
7.21,7.21,unchanged,1.0,exact_number+difflib,Stairs and service shafts connecting compartments should be protected to restrict the spread of fire between the compartments. These are called protected shafts. Walls or floors surrounding a protected shaft are considered to be compartment walls or compartment floors.,Stairs and service shafts connecting compartments should be protected to restrict the spread of fire between the compartments. These are called protected shafts. Walls or floors surrounding a protected shaft are considered to be compartment walls or compartment floors.,,
7.22,7.22,unchanged,1.0,exact_number+difflib,"Any stair or other shaft passing directly from one compartment to another should be enclosed in a protected shaft. Protected shafts should be used for the following only, but may also include sanitary accommodation and washrooms. a. Stairs. b. Lifts. c. Escalators. d. Chutes. e. Ducts. f. Pipes. g. Additional provisions apply for both of the following. i. Protected shafts that are protected stairways: Sections 2 to 4. ii. Stairs that are also firefighting stairs: Section 15.","Any stair or other shaft passing directly from one compartment to another should be enclosed in a protected shaft. Protected shafts should be used for the following only, but may also include sanitary accommodation and washrooms. a. Stairs. b. Lifts. c. Escalators. d. Chutes. e. Ducts. f. Pipes. g. Additional provisions apply for both of the following. i. Protected shafts that are protected stairways: Sections 2 to 4. ii. Stairs that are also firefighting stairs: Section 15.",,
7.23,7.23,unchanged,1.0,exact_number+difflib,"The construction enclosing a protected shaft (Diagram 7.1) should do all of the following. a. Form a complete barrier to fire between the compartments connected by the shaft. b. Have the appropriate fire resistance given in Appendix B, Table B3, except for uninsulated glazed screens that meet the provisions of paragraph 7.24. c. Satisfy the provisions for ventilation and the treatment of openings in paragraphs 7.28 and 7.29. The diagram shows three common examples which illustrate the principles. The elements enclosing the shaft (unless formed by adjacent external walls) are compartment walls and floors. is bounded on three is a services duct is bounded on four The shaft structure (including any openings) should meet the relevant provisions for: compartment walls (see paragraphs 7.5 to 7.19), external walls (see sections 10 and 11 and Diagram 3.10).","The construction enclosing a protected shaft (Diagram 7.1) should do all of the following. a. Form a complete barrier to fire between the compartments connected by the shaft. b. Have the appropriate fire resistance given in Appendix B, Table B3, except for uninsulated glazed screens that meet the provisions of paragraph 7.24. c. Satisfy the provisions for ventilation and the treatment of openings in paragraphs 7.28 and 7.29. The diagram shows three common examples which illustrate the principles. The elements enclosing the shaft (unless formed by adjacent external walls) are compartment walls and floors. is bounded on three is a services duct is bounded on four The shaft structure (including any openings) should meet the relevant provisions for: compartment walls (see paragraphs 7.5 to 7.19), external walls (see sections 10 and 11 and Diagram 3.10).",,
7.24,7.24,unchanged,1.0,exact_number+difflib,"An uninsulated glazed screen may be incorporated in the enclosure to a protected shaft between a stair and a lobby or corridor entered from the stair. The enclosure must conform to Diagram 7.2 and meet all of the following conditions. a. The standard of fire resistance required for the protected stairway is not more than REI 60. b. The glazed screen complies with the following. i. It achieves a minimum rating of E 30. ii. It complies with the guidance on limits on areas of uninsulated glazing in Appendix B, Table B5. c. The lobby or corridor is enclosed with fire resisting construction achieving a minimum rating of REI 30.","An uninsulated glazed screen may be incorporated in the enclosure to a protected shaft between a stair and a lobby or corridor entered from the stair. The enclosure must conform to Diagram 7.2 and meet all of the following conditions. a. The standard of fire resistance required for the protected stairway is not more than REI 60. b. The glazed screen complies with the following. i. It achieves a minimum rating of E 30. ii. It complies with the guidance on limits on areas of uninsulated glazing in Appendix B, Table B5. c. The lobby or corridor is enclosed with fire resisting construction achieving a minimum rating of REI 30.",,
7.25,7.25,unchanged,1.0,exact_number+difflib,"Where the measures in Diagram 7.2 are not provided, then both of the following apply. a. The enclosing walls should comply with Appendix B, Table B3. b. The doors should comply with Appendix B, Table B5. to be a maximum of REI 60 Fire resistance of construction to be a minimum of REI 30 (including fire doorsets that are a minimum of E 30 S) Fire resistance of glazing to be a minimum of RE 30 (including fire doorsets that are a minimum of E 30 S)","Where the measures in Diagram 7.2 are not provided, then both of the following apply. a. The enclosing walls should comply with Appendix B, Table B3. b. The doors should comply with Appendix B, Table B5. to be a maximum of REI 60 Fire resistance of construction to be a minimum of REI 30 (including fire doorsets that are a minimum of E 30 S) Fire resistance of glazing to be a minimum of RE 30 (including fire doorsets that are a minimum of E 30 S)",,
7.26,7.26,unchanged,1.0,exact_number+difflib,"A protected shaft containing a protected stairway and/or a lift should not also contain either of the following. a. A pipe that conveys oil, other than in the mechanism of a hydraulic lift. b. A ventilating duct. Two exceptions are as follows. i. A duct provided for pressurising the protected stairway to keep it smoke free. ii. A duct provided only to ventilate the protected stairway. A pipe that is completely separated from a protected shaft by fire resisting construction is not considered to be contained within that shaft.","A protected shaft containing a protected stairway and/or a lift should not also contain either of the following. a. A pipe that conveys oil, other than in the mechanism of a hydraulic lift. b. A ventilating duct. Two exceptions are as follows. i. A duct provided for pressurising the protected stairway to keep it smoke free. ii. A duct provided only to ventilate the protected stairway. A pipe that is completely separated from a protected shaft by fire resisting construction is not considered to be contained within that shaft.",,
7.27,7.27,unchanged,1.0,exact_number+difflib,"In a protected shaft, any pipe carrying natural gas or LPG should be both of the following. a. Of screwed steel or all-welded steel construction. b. Installed in accordance with both of the following. i. The Pipelines Safety Regulations 1996. ii. The Gas Safety (Installation and Use) Regulations 1998.","In a protected shaft, any pipe carrying natural gas or LPG should be both of the following. a. Of screwed steel or all-welded steel construction. b. Installed in accordance with both of the following. i. The Pipelines Safety Regulations 1996. ii. The Gas Safety (Installation and Use) Regulations 1998.",,
7.28,7.28,unchanged,1.0,exact_number+difflib,"A protected shaft conveying piped flammable gas should be ventilated direct to the outside air, by ventilation openings at high and low level in the shaft. Any extension of the storey floor into the protected shaft should not compromise the free movement of air throughout the entire length of the shaft. Guidance on shafts conveying piped flammable gas, including the size of ventilation openings, is given in BS 8313.","A protected shaft conveying piped flammable gas should be ventilated direct to the outside air, by ventilation openings at high and low level in the shaft. Any extension of the storey floor into the protected shaft should not compromise the free movement of air throughout the entire length of the shaft. Guidance on shafts conveying piped flammable gas, including the size of ventilation openings, is given in BS 8313.",,
7.29,7.29,unchanged,1.0,exact_number+difflib,"The external wall of a protected shaft does not normally need to have fire resistance. Situations where there are provisions are given in paragraph 3.63 (external walls of protected stairways, which may also be protected shafts) and paragraphs 15.8 to 15.11 (firefighting shafts). Openings in other parts of the enclosure to a protected shaft should be limited to the following. a. If a wall common to two or more buildings forms part of the enclosure, only the following openings should be made in that wall. i. A fire doorset providing a means of escape, which has the same fire resistance as the wall and is fitted in accordance with the provisions in Appendix C. ii. The passage of a pipe that meets the provisions in Section 9. b. Other parts of the enclosure (other than an external wall) should only have openings for any of the following. i. Fire doorsets of the appropriate fire resistance, fitted in accordance with the provisions in Appendix C. ii. The passage of pipes which meet the provisions in Section 9. iii. Inlets to, outlets from and openings for a ventilation duct (if the shaft contains or serves as a ventilating duct), meeting the provisions in Section 9. iv. The passage of lift cables into a lift machine room (if the shaft contains a lift). If the machine room is at the bottom of the shaft, the openings should be as small as practicable.","The external wall of a protected shaft does not normally need to have fire resistance. Situations where there are provisions are given in paragraph 3.63 (external walls of protected stairways, which may also be protected shafts) and paragraphs 15.8 to 15.11 (firefighting shafts). Openings in other parts of the enclosure to a protected shaft should be limited to the following. a. If a wall common to two or more buildings forms part of the enclosure, only the following openings should be made in that wall. i. A fire doorset providing a means of escape, which has the same fire resistance as the wall and is fitted in accordance with the provisions in Appendix C. ii. The passage of a pipe that meets the provisions in Section 9. b. Other parts of the enclosure (other than an external wall) should only have openings for any of the following. i. Fire doorsets of the appropriate fire resistance, fitted in accordance with the provisions in Appendix C. ii. The passage of pipes which meet the provisions in Section 9. iii. Inlets to, outlets from and openings for a ventilation duct (if the shaft contains or serves as a ventilating duct), meeting the provisions in Section 9. iv. The passage of lift cables into a lift machine room (if the shaft contains a lift). If the machine room is at the bottom of the shaft, the openings should be as small as practicable.",,
8.1,8.1,unchanged,1.0,exact_number+difflib,"Cavities in the construction of a building provide a ready route for the spread of smoke and flame, which can present a greater danger as any spread is concealed. For the purpose of this document, a cavity is considered to be any concealed space.","Cavities in the construction of a building provide a ready route for the spread of smoke and flame, which can present a greater danger as any spread is concealed. For the purpose of this document, a cavity is considered to be any concealed space.",,
8.2,8.2,unchanged,1.0,exact_number+difflib,"To reduce the potential for fire spread, cavity barriers should be provided for both of the following. a. To divide cavities. b. To close the edges of cavities. See Diagram 8.1. Cavity barriers should not be confused with fire-stopping details (Section 9).","To reduce the potential for fire spread, cavity barriers should be provided for both of the following. a. To divide cavities. b. To close the edges of cavities. See Diagram 8.1. Cavity barriers should not be confused with fire-stopping details (Section 9).",,
8.3,8.3,unchanged,1.0,exact_number+difflib,"Cavity barriers should be provided at all of the following locations. a. At the edges of cavities, including around openings (such as windows, doors and exit/entry points for services). compartment wall. c. At the junction between an internal cavity wall and every compartment floor, compartment wall or other wall or door assembly forming a fire resisting barrier. This does not apply where a wall meets the conditions of Diagram 8.2.","Cavity barriers should be provided at all of the following locations. a. At the edges of cavities, including around openings (such as windows, doors and exit/entry points for services). compartment wall. c. At the junction between an internal cavity wall and every compartment floor, compartment wall or other wall or door assembly forming a fire resisting barrier. This does not apply where a wall meets the conditions of Diagram 8.2.",,
8.4,8.4,unchanged,1.0,exact_number+difflib,It is not appropriate to complete a line of compartment walls by fitting cavity barriers above them. The compartment walls should extend to the underside of the floor or roof above.,It is not appropriate to complete a line of compartment walls by fitting cavity barriers above them. The compartment walls should extend to the underside of the floor or roof above.,,
8.5,8.5,unchanged,1.0,exact_number+difflib,"If the fire resisting construction of a protected escape route is either of the following. a. Not carried to full storey height. b. At the top storey, not carried to the underside of the roof covering. Then the cavity above or below the fire resisting construction should be either of the following. i. Fitted with cavity barriers on the line of the enclosure. ii. For cavities above the fire resisting construction, enclosed on the lower side by a fire resisting ceiling (minimum EI 30) that extends throughout the building, compartment or separated part (see Diagram 8.3). Cavity barriers Fire-stopping NOTE: 1. See paragraph 8.5.","If the fire resisting construction of a protected escape route is either of the following. a. Not carried to full storey height. b. At the top storey, not carried to the underside of the roof covering. Then the cavity above or below the fire resisting construction should be either of the following. i. Fitted with cavity barriers on the line of the enclosure. ii. For cavities above the fire resisting construction, enclosed on the lower side by a fire resisting ceiling (minimum EI 30) that extends throughout the building, compartment or separated part (see Diagram 8.3). Cavity barriers Fire-stopping NOTE: 1. See paragraph 8.5.",,
8.6,8.6,unchanged,1.0,exact_number+difflib,"In divided corridors (paragraph 3.25 and following) with cavities, fire-stopping should be provided to prevent alternative escape routes being affected by fire and/or smoke.","In divided corridors (paragraph 3.25 and following) with cavities, fire-stopping should be provided to prevent alternative escape routes being affected by fire and/or smoke.",,
8.7,8.7,unchanged,1.0,exact_number+difflib,"Cavity barriers are not required between double-skinned corrugated or profiled insulated roof sheeting, if the sheeting complies with all of the following. a. The sheeting is rated class A2-s3, d2 or better. b. Both surfaces of the insulating layer are rated class C-s3, d2 or better. c. Both surfaces of the insulating layer make contact with the inner and outer skins of cladding (Diagram 8.4). Close cavity at top of wall NOTES: (unless cavity is totally relation to fire resistance. 2. Domestic meter cupboards may be installed provided Opening that the following conditions are met: a. There are no more than two cupboards per dwelling b. The openings in the outer wall leaf are not bigger than Close cavity around opening c. The inner leaf is not penetrated except by a sleeve not more than 80(cid:31)80mm, which is fire-stopped. concrete each at least 75mm 3. Materials achieving class B-s3, d2 or worse may be thick placed within the cavity. NOTE: Roof or floor cavity The ceiling should meet the following conditions. a. Provide a minimum fire resistance of EI 30. b. Be imperforate, except for an opening described in paragraph 5.24. Ceiling surface/product exposed to c. Extend throughout the building or compartment. cavity – class C-s3, d2 or better d. Not be easily demountable. The insulation should make contact with both skins of sheeting. See also Diagram 5.2a regarding the need for fire-stopping where such roofs pass over the top of a compartment wall.","Cavity barriers are not required between double-skinned corrugated or profiled insulated roof sheeting, if the sheeting complies with all of the following. a. The sheeting is rated class A2-s3, d2 or better. b. Both surfaces of the insulating layer are rated class C-s3, d2 or better. c. Both surfaces of the insulating layer make contact with the inner and outer skins of cladding (Diagram 8.4). Close cavity at top of wall NOTES: (unless cavity is totally relation to fire resistance. 2. Domestic meter cupboards may be installed provided Opening that the following conditions are met: a. There are no more than two cupboards per dwelling b. The openings in the outer wall leaf are not bigger than Close cavity around opening c. The inner leaf is not penetrated except by a sleeve not more than 80(cid:31)80mm, which is fire-stopped. concrete each at least 75mm 3. Materials achieving class B-s3, d2 or worse may be thick placed within the cavity. NOTE: Roof or floor cavity The ceiling should meet the following conditions. a. Provide a minimum fire resistance of EI 30. b. Be imperforate, except for an opening described in paragraph 5.24. Ceiling surface/product exposed to c. Extend throughout the building or compartment. cavity – class C-s3, d2 or better d. Not be easily demountable. The insulation should make contact with both skins of sheeting. See also Diagram 5.2a regarding the need for fire-stopping where such roofs pass over the top of a compartment wall.",,
8.8,8.8,unchanged,1.0,exact_number+difflib,"Cavity barriers, tested from each side separately, should provide a minimum of both of the following: b. 15 minutes’ insulation (I 15). They may be formed by a construction provided for another purpose if it achieves the same performance.","Cavity barriers, tested from each side separately, should provide a minimum of both of the following: b. 15 minutes’ insulation (I 15). They may be formed by a construction provided for another purpose if it achieves the same performance.",,
8.9,8.9,unchanged,1.0,exact_number+difflib,Cavity barriers should meet the requirements set out in paragraphs 5.21 to 5.23.,Cavity barriers should meet the requirements set out in paragraphs 5.21 to 5.23.,,
9.1,9.1,unchanged,1.0,exact_number+difflib,"The performance of a fire-separating element should not be impaired. Every joint, imperfect fit and opening for services should be sealed. Fire-stopping delays the spread of fire and, generally, the spread of smoke as well.","The performance of a fire-separating element should not be impaired. Every joint, imperfect fit and opening for services should be sealed. Fire-stopping delays the spread of fire and, generally, the spread of smoke as well.",,
9.2,9.2,unchanged,1.0,exact_number+difflib,"Pipes passing through a fire-separating element, unless in a protected shaft, should meet one of the alternatives A, B or C below.","Pipes passing through a fire-separating element, unless in a protected shaft, should meet one of the alternatives A, B or C below.",,
9.3,9.3,unchanged,1.0,exact_number+difflib,"Provide a proprietary, tested sealing system that will maintain the fire resistance of the wall, floor or cavity barrier.","Provide a proprietary, tested sealing system that will maintain the fire resistance of the wall, floor or cavity barrier.",,
9.4,9.4,unchanged,1.0,exact_number+difflib,"Where a proprietary sealing system is not used, fire-stop around the pipe, keeping the opening for the pipe as small as possible. The nominal internal diameter of the pipe should not exceed the relevant dimension given in Table 9.1. The diameter given in Table 9.1 for pipes of specification (b) used in situation 2 or 3 assumes that the pipes are part of an above-ground drainage system and are enclosed as shown in Diagram 9.1. If they are not, the smaller diameter given for situation 5 should be used.","Where a proprietary sealing system is not used, fire-stop around the pipe, keeping the opening for the pipe as small as possible. The nominal internal diameter of the pipe should not exceed the relevant dimension given in Table 9.1. The diameter given in Table 9.1 for pipes of specification (b) used in situation 2 or 3 assumes that the pipes are part of an above-ground drainage system and are enclosed as shown in Diagram 9.1. If they are not, the smaller diameter given for situation 5 should be used.",,
9.5,9.5,unchanged,1.0,exact_number+difflib,"A pipe with a maximum nominal internal diameter of 160mm may be used with a sleeve made out of a high melting point metal, as shown in Diagram 9.2, if the pipe is made of one of the following. a. Lead. b. Aluminium. c. Aluminium alloy. d. Fibre-cement. e. uPVC (pipes should also comply with either BS 4514 or BS 5255). A high melting point metal means any metal (such as cast iron, copper or steel) which, if exposed to a temperature of 800°C, will not soften or fracture to the extent that flame or hot gas will pass through the wall of the pipe. Stack pipe NOTES: 1. The enclosure should meet all of the following Compartment floor conditions. carried through to a. Be bounded by a compartment wall or floor, an provide fire-stopping (see specification at 2 below). between stack pipe Enclosure b. Have internal surfaces (except framing members) and floor Branch pipe of class B-s3, d2 or better. means that there is no limit set for smoke Intermediate floor production and/or flaming droplets/particles). carried through to c. Not have an access panel which opens into a seal enclosure – Enclosure circulation space or bedroom. provide fire-stopping d. Be used only for drainage or water supply or vent between stack pipe pipes for a drainage system. floor 2. The casing should meet all the following conditions. a. Be imperforate except for an opening for a pipe or an access panel. b Not be of sheet metal. c. Not have fire resistance less than E 30 Casing (including any access panel). structure or the casing, should be as small as possible and fire-stopped around the pipe. Not less than Not less than NOTES: between pipe and structure. Pipe specification (b) Sleeve (or pipe) 2. See Table 9.1 for materials specification. to be in contact 3. The sleeve should be class A1 rated. is not a stair or a lift shaft NOTES: 1. Any metal (such as cast iron, copper or steel) which, if exposed to a temperature of 800°C, will not soften or fracture to the extent that flame or hot gas will pass through the wall of the pipe. 2. uPVC pipes that comply with either BS 4514 or BS 5255. 3. These diameters are only in relation to pipes that form part of an above-ground drainage system and are enclosed as shown in Diagram 9.1. In other cases, the maximum diameters given for situation 5 apply.","A pipe with a maximum nominal internal diameter of 160mm may be used with a sleeve made out of a high melting point metal, as shown in Diagram 9.2, if the pipe is made of one of the following. a. Lead. b. Aluminium. c. Aluminium alloy. d. Fibre-cement. e. uPVC (pipes should also comply with either BS 4514 or BS 5255). A high melting point metal means any metal (such as cast iron, copper or steel) which, if exposed to a temperature of 800°C, will not soften or fracture to the extent that flame or hot gas will pass through the wall of the pipe. Stack pipe NOTES: 1. The enclosure should meet all of the following Compartment floor conditions. carried through to a. Be bounded by a compartment wall or floor, an provide fire-stopping (see specification at 2 below). between stack pipe Enclosure b. Have internal surfaces (except framing members) and floor Branch pipe of class B-s3, d2 or better. means that there is no limit set for smoke Intermediate floor production and/or flaming droplets/particles). carried through to c. Not have an access panel which opens into a seal enclosure – Enclosure circulation space or bedroom. provide fire-stopping d. Be used only for drainage or water supply or vent between stack pipe pipes for a drainage system. floor 2. The casing should meet all the following conditions. a. Be imperforate except for an opening for a pipe or an access panel. b Not be of sheet metal. c. Not have fire resistance less than E 30 Casing (including any access panel). structure or the casing, should be as small as possible and fire-stopped around the pipe. Not less than Not less than NOTES: between pipe and structure. Pipe specification (b) Sleeve (or pipe) 2. See Table 9.1 for materials specification. to be in contact 3. The sleeve should be class A1 rated. is not a stair or a lift shaft NOTES: 1. Any metal (such as cast iron, copper or steel) which, if exposed to a temperature of 800°C, will not soften or fracture to the extent that flame or hot gas will pass through the wall of the pipe. 2. uPVC pipes that comply with either BS 4514 or BS 5255. 3. These diameters are only in relation to pipes that form part of an above-ground drainage system and are enclosed as shown in Diagram 9.1. In other cases, the maximum diameters given for situation 5 apply.",unchanged,
9.6,9.6,unchanged,1.0,exact_number+difflib,"Ductwork should not help to transfer fire and smoke through the building. Terminals of exhaust points should be sited away from final exits, cladding or roofing materials achieving class B-s3, d2 or worse and openings into the building.","Ductwork should not help to transfer fire and smoke through the building. Terminals of exhaust points should be sited away from final exits, cladding or roofing materials achieving class B-s3, d2 or worse and openings into the building.",,
9.7,9.7,unchanged,1.0,exact_number+difflib,Ventilation ducts supplying or extracting air directly to or from a protected stairway should not also serve other areas. A separate ventilation system should be provided for each protected stairway.,Ventilation ducts supplying or extracting air directly to or from a protected stairway should not also serve other areas. A separate ventilation system should be provided for each protected stairway.,,
9.8,9.8,unchanged,1.0,exact_number+difflib,"A fire and smoke damper should be provided where ductwork enters or leaves each section of the protected escape route it serves. It should be operated by a smoke detector or suitable fire detection system. Fire and smoke dampers should close when smoke is detected. Alternatively, the methods set out in paragraphs 9.16 and 9.17 and Diagrams 9.3 and 9.4 may be followed.","A fire and smoke damper should be provided where ductwork enters or leaves each section of the protected escape route it serves. It should be operated by a smoke detector or suitable fire detection system. Fire and smoke dampers should close when smoke is detected. Alternatively, the methods set out in paragraphs 9.16 and 9.17 and Diagrams 9.3 and 9.4 may be followed.",,
9.9,9.9,unchanged,1.0,exact_number+difflib,"In a system that recirculates air, smoke detectors should be fitted in the extract ductwork before both of the following. a. The point where recirculated air is separated from air to be discharged to the outside. b. Any filters or other air cleaning equipment. When smoke is detected, detectors should do one of the following. i. Cause the system to immediately shut down. ii. Switch the ventilation system from recirculating mode to extraction to divert smoke to outside the building.","In a system that recirculates air, smoke detectors should be fitted in the extract ductwork before both of the following. a. The point where recirculated air is separated from air to be discharged to the outside. b. Any filters or other air cleaning equipment. When smoke is detected, detectors should do one of the following. i. Cause the system to immediately shut down. ii. Switch the ventilation system from recirculating mode to extraction to divert smoke to outside the building.",,
9.10,9.10,unchanged,1.0,exact_number+difflib,"In mixed use buildings, non-domestic kitchens, car parks and plant rooms should have separate and independent extraction systems. Extracted air should not be recirculated.","In mixed use buildings, non-domestic kitchens, car parks and plant rooms should have separate and independent extraction systems. Extracted air should not be recirculated.",,
9.11,9.11,unchanged,1.0,exact_number+difflib,"Under fire conditions, ventilation and air-conditioning systems should be compatible with smoke control systems and need to be considered in their respective design.","Under fire conditions, ventilation and air-conditioning systems should be compatible with smoke control systems and need to be considered in their respective design.",,
9.12,9.12,unchanged,1.0,exact_number+difflib,"If air handling ducts pass through fire-separating elements, the load-bearing capacity, integrity and insulation of the elements should be maintained using one or more of the following four methods. In most ductwork systems, a combination of the four methods is best to combat potential fire dangers. a. Method 1 – thermally activated fire dampers. b. Method 2 – fire resisting enclosures. c. Method 3 – protection using fire resisting ductwork. d. Method 4 – automatically activated fire and smoke dampers triggered by smoke detectors.","If air handling ducts pass through fire-separating elements, the load-bearing capacity, integrity and insulation of the elements should be maintained using one or more of the following four methods. In most ductwork systems, a combination of the four methods is best to combat potential fire dangers. a. Method 1 – thermally activated fire dampers. b. Method 2 – fire resisting enclosures. c. Method 3 – protection using fire resisting ductwork. d. Method 4 – automatically activated fire and smoke dampers triggered by smoke detectors.",,
9.13,9.13,unchanged,1.0,exact_number+difflib,Further information on fire resisting ductwork is given in the ASFP Blue Book.,Further information on fire resisting ductwork is given in the ASFP Blue Book.,,
9.14,9.14,unchanged,1.0,exact_number+difflib,"Where ducts pass between fire-separating elements to serve multiple flats or dwellings, fire dampers or fire and smoke dampers should be actuated by both of the following. a. Smoke detector-controlled automatic release mechanisms. b. Thermally actuated devices.","Where ducts pass between fire-separating elements to serve multiple flats or dwellings, fire dampers or fire and smoke dampers should be actuated by both of the following. a. Smoke detector-controlled automatic release mechanisms. b. Thermally actuated devices.",,
9.15,9.15,unchanged,1.0,exact_number+difflib,Methods 1 and 4 should not be used for extract ductwork serving kitchens. The likely build-up of grease within the duct can adversely affect dampers.,Methods 1 and 4 should not be used for extract ductwork serving kitchens. The likely build-up of grease within the duct can adversely affect dampers.,,
9.16,9.16,unchanged,1.0,exact_number+difflib,"Method 1 should not be used for extract ductwork passing through the enclosures of protected escape routes (Diagrams 9.3 and 9.4), as large volumes of smoke can pass thermal devices without triggering them.","Method 1 should not be used for extract ductwork passing through the enclosures of protected escape routes (Diagrams 9.3 and 9.4), as large volumes of smoke can pass thermal devices without triggering them.",,
9.17,9.17,unchanged,1.0,exact_number+difflib,"An ES classified fire and smoke damper which is activated by a suitable fire detection system (method 4) may also be used for protected escape routes. serving area BS EN 13501-3, where X is the fire of the building should not supply or extract air directly to or from a protected escape route. parts of the building should not supply or extract air directly to or from a protected escape route.","An ES classified fire and smoke damper which is activated by a suitable fire detection system (method 4) may also be used for protected escape routes. serving area BS EN 13501-3, where X is the fire of the building should not supply or extract air directly to or from a protected escape route. parts of the building should not supply or extract air directly to or from a protected escape route.",,
9.18,9.18,unchanged,1.0,exact_number+difflib,"Both fire dampers and fire and smoke dampers should be all of the following. a. Sited within the thickness of the fire-separating elements. b. Securely fixed. c. Sited such that, in a fire, expansion of the ductwork would not push the fire damper through the structure.","Both fire dampers and fire and smoke dampers should be all of the following. a. Sited within the thickness of the fire-separating elements. b. Securely fixed. c. Sited such that, in a fire, expansion of the ductwork would not push the fire damper through the structure.",,
9.19,9.19,unchanged,1.0,exact_number+difflib,"Access to the fire damper and its actuating mechanism should be provided for inspection, testing and maintenance.","Access to the fire damper and its actuating mechanism should be provided for inspection, testing and maintenance.",,
9.20,9.20,unchanged,1.0,exact_number+difflib,"Fire dampers should meet both of the following conditions. a. Conform to BS EN 15650. b. Have a minimum E classification of 60 minutes or to match the integrity rating of the fire resisting elements, whichever is higher.","Fire dampers should meet both of the following conditions. a. Conform to BS EN 15650. b. Have a minimum E classification of 60 minutes or to match the integrity rating of the fire resisting elements, whichever is higher.",,
9.21,9.21,unchanged,1.0,exact_number+difflib,"Fire and smoke dampers should meet both of the following conditions. a. Conform to BS EN 15650. b. Have a minimum ES classification of 60 minutes or to match the integrity rating of the fire resisting elements, whichever is higher.","Fire and smoke dampers should meet both of the following conditions. a. Conform to BS EN 15650. b. Have a minimum ES classification of 60 minutes or to match the integrity rating of the fire resisting elements, whichever is higher.",,
9.22,9.22,unchanged,1.0,exact_number+difflib,"Smoke detectors should be sited so as to prevent the spread of smoke as early as practicable by activating the fire and smoke dampers. Smoke detectors and automatic release mechanisms used to activate fire dampers and/or fire and smoke dampers should conform to BS EN 54-7 and BS 5839-3 respectively. Further information on fire dampers and/or fire and smoke dampers is given in the ASFP Grey Book. Flues, etc.","Smoke detectors should be sited so as to prevent the spread of smoke as early as practicable by activating the fire and smoke dampers. Smoke detectors and automatic release mechanisms used to activate fire dampers and/or fire and smoke dampers should conform to BS EN 54-7 and BS 5839-3 respectively. Further information on fire dampers and/or fire and smoke dampers is given in the ASFP Grey Book. Flues, etc.",,
9.23,9.23,unchanged,1.0,exact_number+difflib,"The wall of a flue, duct containing flues or appliance ventilation duct(s) should have a fire resistance (REI) that is at least half of any compartment wall or compartment floor it passes through or is built into (Diagram 9.5). Flue walls should have a fire resistance of at least In each case flue walls should have a fire resistance of at least one half of that required for the compartment wall one half of that required for the compartment wall and be of or floor and be of class A1 construction. class A1 construction.","The wall of a flue, duct containing flues or appliance ventilation duct(s) should have a fire resistance (REI) that is at least half of any compartment wall or compartment floor it passes through or is built into (Diagram 9.5). Flue walls should have a fire resistance of at least In each case flue walls should have a fire resistance of at least one half of that required for the compartment wall one half of that required for the compartment wall and be of or floor and be of class A1 construction. class A1 construction.",,
9.24,9.24,unchanged,1.0,exact_number+difflib,"In addition to any other provisions in this section, both of the following conditions should be met. a. Joints between fire-separating elements should be fire-stopped. b. Openings through a fire resisting element for pipes, ducts, conduits or cable should be all of the following. i. As few as possible. ii. As small as practicable. iii. Fire-stopped (allowing thermal movement in the case of a pipe or duct). NOTE: The fire-stopping around fire dampers, fire resisting ducts, fire and smoke dampers and smoke control ducts should be in accordance with the manufacturer or supplier’s installation instructions.","In addition to any other provisions in this section, both of the following conditions should be met. a. Joints between fire-separating elements should be fire-stopped. b. Openings through a fire resisting element for pipes, ducts, conduits or cable should be all of the following. i. As few as possible. ii. As small as practicable. iii. Fire-stopped (allowing thermal movement in the case of a pipe or duct). NOTE: The fire-stopping around fire dampers, fire resisting ducts, fire and smoke dampers and smoke control ducts should be in accordance with the manufacturer or supplier’s installation instructions.",,
9.25,9.25,unchanged,1.0,exact_number+difflib,"Materials used for fire-stopping should be reinforced with (or supported by) materials rated class A2-s3, d2 or better to prevent displacement in both of the following cases. a. Where the unsupported span is greater than 100mm. b. Where non-rigid materials are used (unless subjected to appropriate fire resistance testing to show their suitability).","Materials used for fire-stopping should be reinforced with (or supported by) materials rated class A2-s3, d2 or better to prevent displacement in both of the following cases. a. Where the unsupported span is greater than 100mm. b. Where non-rigid materials are used (unless subjected to appropriate fire resistance testing to show their suitability).",,
9.26,9.26,unchanged,1.0,exact_number+difflib,"Proprietary, tested fire-stopping and sealing systems are available and may be used. Different materials suit different situations and not all are suitable in every situation.","Proprietary, tested fire-stopping and sealing systems are available and may be used. Different materials suit different situations and not all are suitable in every situation.",unchanged,
9.27,9.27,unchanged,1.0,exact_number+difflib,"Other fire-stopping materials include the following. a. Cement mortar. b. Gypsum-based plaster. c. Cement-based or gypsum-based vermiculite/perlite mixes. d. Glass fibre, crushed rock, blast furnace slag or ceramic-based products (with or without resin binders). e. Intumescent mastics. These may be used in situations appropriate to the particular material. Not all materials will be suitable in every situation.","Other fire-stopping materials include the following. a. Cement mortar. b. Gypsum-based plaster. c. Cement-based or gypsum-based vermiculite/perlite mixes. d. Glass fibre, crushed rock, blast furnace slag or ceramic-based products (with or without resin binders). e. Intumescent mastics. These may be used in situations appropriate to the particular material. Not all materials will be suitable in every situation.",,
9.28,9.28,unchanged,1.0,exact_number+difflib,"Guidance on the design, installation and maintenance of measures to contain fires or slow their spread is given in Ensuring Best Practice for Passive Fire Protection in Buildings produced by the Association for Specialist Fire Protection (ASFP).","Guidance on the design, installation and maintenance of measures to contain fires or slow their spread is given in Ensuring Best Practice for Passive Fire Protection in Buildings produced by the Association for Specialist Fire Protection (ASFP).",,
9.29,9.29,unchanged,1.0,exact_number+difflib,"Further information on generic systems, their suitability for different applications and guidance on test methods, is given in the ASFP Red Book.","Further information on generic systems, their suitability for different applications and guidance on test methods, is given in the ASFP Red Book.",,
10.1,10.1,unchanged,1.0,exact_number+difflib,"The external wall of a building should not provide a medium for fire spread if that is likely to be a risk to health and safety. Combustible materials and cavities in external walls and attachments to them can present such a risk, particularly in tall buildings. The guidance in this section is designed to reduce the risk of vertical fire spread as well as the risk of ignition from flames coming from adjacent buildings.","The external wall of a building should not provide a medium for fire spread if that is likely to be a risk to health and safety. Combustible materials and cavities in external walls and attachments to them can present such a risk, particularly in tall buildings. The guidance in this section is designed to reduce the risk of vertical fire spread as well as the risk of ignition from flames coming from adjacent buildings.",,
10.2,10.2,unchanged,1.0,exact_number+difflib,"This section does not deal with fire resistance for external walls. An external wall may need fire resistance to meet the requirements of Section 3 (Means of escape – flats), Section 6 (Loadbearing elements of structures – flats) or Section 11 (Resisting fire spread from one building to another).","This section does not deal with fire resistance for external walls. An external wall may need fire resistance to meet the requirements of Section 3 (Means of escape – flats), Section 6 (Loadbearing elements of structures – flats) or Section 11 (Resisting fire spread from one building to another).",,
10.3,10.3,unchanged,1.0,exact_number+difflib,"The external walls of buildings other than those described in regulation 7(4) of the Building Regulations should achieve either of the following. a. Follow the provisions given in paragraphs 10.5 to 10.8, which provide guidance on all of the following. i. External surfaces. ii. Materials and products. iii. Cavities and cavity barriers. b. Meet the performance criteria given in BRE report BR 135 for external walls using full-scale test data from BS 8414-1 or BS 8414-2.","The external walls of buildings other than those described in regulation 7(4) of the Building Regulations should achieve either of the following. a. Follow the provisions given in paragraphs 10.5 to 10.8, which provide guidance on all of the following. i. External surfaces. ii. Materials and products. iii. Cavities and cavity barriers. b. Meet the performance criteria given in BRE report BR 135 for external walls using full-scale test data from BS 8414-1 or BS 8414-2.",,
10.4,10.4,unchanged,1.0,exact_number+difflib,"In relation to buildings of any height or use, consideration should be given to the choice of materials (including their extent and arrangement) used for the external wall, or attachments to the wall, to reduce the risk of fire spread over the wall.","In relation to buildings of any height or use, consideration should be given to the choice of materials (including their extent and arrangement) used for the external wall, or attachments to the wall, to reduce the risk of fire spread over the wall.",,
10.5,10.5,unchanged,1.0,exact_number+difflib,"The external surfaces (i.e. outermost external material) of external walls should comply with the provisions in Table 10.1. The provisions in Table 10.1 apply to each wall individually in relation to its proximity to the relevant boundary. Building type Building height Less than 1000mm from the 1000mm or more from the relevant ‘Relevant buildings’ as defined in Class A2-s1, d0(1) or better Class A2-s1, d0(1) or better Assembly and More than 18m Class B-s3, d2(2) or better From ground level to 18m: class C-s3, d2(3) building to which the public have access: Any other building More than 18m Class B-s3, d2(2) or better From ground level to 18m: class C-s3, d2(3) NOTES: In addition to the requirements within this table, buildings with a top occupied storey above 18m should also meet the provisions of paragraph 10.6. In all cases, the advice in paragraph 10.4 should be followed. 1. The restrictions for these buildings apply to all the materials used in the external wall and specified attachments (see paragraphs 10.9 to 10.12 for further guidance). 2. Profiled or flat steel sheet at least 0.5 mm thick with an organic coating of no more than 0.2mm thickness is also acceptable. 3. Timber cladding at least 9mm thick is also acceptable. 4. 10m is measured from the top surface of the roof.","The external surfaces (i.e. outermost external material) of external walls should comply with the provisions in Table 10.1. The provisions in Table 10.1 apply to each wall individually in relation to its proximity to the relevant boundary. Building type Building height Less than 1000mm from the 1000mm or more from the relevant ‘Relevant buildings’ as defined in Class A2-s1, d0(1) or better Class A2-s1, d0(1) or better Assembly and More than 18m Class B-s3, d2(2) or better From ground level to 18m: class C-s3, d2(3) building to which the public have access: Any other building More than 18m Class B-s3, d2(2) or better From ground level to 18m: class C-s3, d2(3) NOTES: In addition to the requirements within this table, buildings with a top occupied storey above 18m should also meet the provisions of paragraph 10.6. In all cases, the advice in paragraph 10.4 should be followed. 1. The restrictions for these buildings apply to all the materials used in the external wall and specified attachments (see paragraphs 10.9 to 10.12 for further guidance). 2. Profiled or flat steel sheet at least 0.5 mm thick with an organic coating of no more than 0.2mm thickness is also acceptable. 3. Timber cladding at least 9mm thick is also acceptable. 4. 10m is measured from the top surface of the roof.",unchanged,
10.6,10.6,unchanged,1.0,exact_number+difflib,"In a building with a storey 18m or more in height (see Diagram D6 in Appendix D) any insulation product, filler material (such as the core materials of metal composite panels, sandwich panels and window spandrel panels but not including gaskets, sealants and similar) etc. used in the construction of an external wall should be class A2-s3, d2 or better (see Appendix B). This restriction does not apply to masonry cavity wall construction which complies with Diagram 8.2 in Section 8. Where regulation 7(2) applies, that regulation prevails over all the provisions in this paragraph.","In a building with a storey 18m or more in height (see Diagram D6 in Appendix D) any insulation product, filler material (such as the core materials of metal composite panels, sandwich panels and window spandrel panels but not including gaskets, sealants and similar) etc. used in the construction of an external wall should be class A2-s3, d2 or better (see Appendix B). This restriction does not apply to masonry cavity wall construction which complies with Diagram 8.2 in Section 8. Where regulation 7(2) applies, that regulation prevails over all the provisions in this paragraph.",,
10.7,10.7,unchanged,1.0,exact_number+difflib,"Best practice guidance for green walls (also called living walls) can be found in Fire Performance of Green Roofs and Walls, published by the Department for Communities and Local Government.","Best practice guidance for green walls (also called living walls) can be found in Fire Performance of Green Roofs and Walls, published by the Department for Communities and Local Government.",,
10.8,10.8,unchanged,1.0,exact_number+difflib,Cavity barriers should be provided in accordance with Section 5 in dwellinghouses and Section 8 in flats.,Cavity barriers should be provided in accordance with Section 5 in dwellinghouses and Section 8 in flats.,,
10.9,10.9,unchanged,1.0,exact_number+difflib,Regulation 7(1)(a) requires that materials used in building work are appropriate for the circumstances in which they are used. Regulation 7(2) sets requirements in respect of external walls and specified attachments in relevant buildings. NOTE: Guidance on regulation 7(1) can be found in Approved Document 7.,Regulation 7(1)(a) requires that materials used in building work are appropriate for the circumstances in which they are used. Regulation 7(2) sets requirements in respect of external walls and specified attachments in relevant buildings. NOTE: Guidance on regulation 7(1) can be found in Approved Document 7.,,
10.10,10.10,unchanged,1.0,exact_number+difflib,"Regulation 7(2) applies to any building with a storey at least 18m above ground level (as measured in accordance with Diagram D6 in Appendix D) and which contains one or more dwellings; an institution; or a room for residential purposes (excluding any room in a hostel, hotel or a boarding house). It requires that all materials which become part of an external wall or specified attachment achieve class A2-s1, d0 or class A1, other than those exempted by regulation 7(3). NOTE: The above includes student accommodation, care homes, sheltered housing, hospitals and dormitories in boarding schools. See regulation 7(4) for the definition of relevant buildings. NOTE: The requirement in regulation 7(2) is limited to materials achieving class A2-s1, d0 or class A1.","Regulation 7(2) applies to any building with a storey at least 18m above ground level (as measured in accordance with Diagram D6 in Appendix D) and which contains one or more dwellings; an institution; or a room for residential purposes (excluding any room in a hostel, hotel or a boarding house). It requires that all materials which become part of an external wall or specified attachment achieve class A2-s1, d0 or class A1, other than those exempted by regulation 7(3). NOTE: The above includes student accommodation, care homes, sheltered housing, hospitals and dormitories in boarding schools. See regulation 7(4) for the definition of relevant buildings. NOTE: The requirement in regulation 7(2) is limited to materials achieving class A2-s1, d0 or class A1.",,
10.11,10.11,unchanged,1.0,exact_number+difflib,"External walls and specified attachments are defined in regulation 2 and these definitions include any parts of the external wall as well as balconies, solar panels and sun shading.","External walls and specified attachments are defined in regulation 2 and these definitions include any parts of the external wall as well as balconies, solar panels and sun shading.",,
10.12,10.12,unchanged,1.0,exact_number+difflib,Regulation 7(3) provides an exemption for certain components found in external walls and specified attachments.,Regulation 7(3) provides an exemption for certain components found in external walls and specified attachments.,,
10.13,10.13,unchanged,1.0,exact_number+difflib,"Regulations 5(k) and 6(3) provide that, where the use of a building is changed such that the building becomes a building described in regulation 7(4), the construction of the external walls, and specified attachments, must be investigated and, where necessary, work must be carried out to ensure they only contain materials achieving class A2-s1, d0 or class A1, other than those exempted by regulation 7(3).","Regulations 5(k) and 6(3) provide that, where the use of a building is changed such that the building becomes a building described in regulation 7(4), the construction of the external walls, and specified attachments, must be investigated and, where necessary, work must be carried out to ensure they only contain materials achieving class A2-s1, d0 or class A1, other than those exempted by regulation 7(3).",,
10.14,10.14,unchanged,1.0,exact_number+difflib,"The provisions of regulation 7 apply in addition to requirement B4. Therefore, for buildings described in regulation 7(4), the potential impact of any products incorporated into or onto the external walls and specified attachments should be carefully considered with regard to their number, size, orientation and position.","The provisions of regulation 7 apply in addition to requirement B4. Therefore, for buildings described in regulation 7(4), the potential impact of any products incorporated into or onto the external walls and specified attachments should be carefully considered with regard to their number, size, orientation and position.",,
10.15,10.15,unchanged,1.0,exact_number+difflib,"Particular attention is drawn to the following points. a. Membranes used as part of the external wall construction above ground level should achieve a minimum of class B-s3, d0. b. Internal linings should comply with the guidance provided in Section 4. c. Any part of a roof should achieve the minimum performance as detailed in Section 12. d. As per regulation 7(3), window frames and glass (including laminated glass) are exempted from regulation 7(2). Window spandrel panels and infill panels must comply with regulation 7(2). e. Thermal breaks are small elements used as part of the external wall construction to restrict thermal bridging. There is no minimum performance for these materials. However, they should not span two compartments and should be limited in size to the minimum required to restrict the thermal bridging (the principal insulation layer is not to be regarded as a thermal break). f. Regulation 7(2) only applies to specified attachments. Shop front signs and similar attachments are not covered by the requirements of regulation 7(2), although attention is drawn to paragraph 10.15g. g. While regulation 7(2) applies to materials which become part of an external wall or specified attachment, consideration should be given to other attachments to the wall which could impact on the risk of fire spread over the wall.","Particular attention is drawn to the following points. a. Membranes used as part of the external wall construction above ground level should achieve a minimum of class B-s3, d0. b. Internal linings should comply with the guidance provided in Section 4. c. Any part of a roof should achieve the minimum performance as detailed in Section 12. d. As per regulation 7(3), window frames and glass (including laminated glass) are exempted from regulation 7(2). Window spandrel panels and infill panels must comply with regulation 7(2). e. Thermal breaks are small elements used as part of the external wall construction to restrict thermal bridging. There is no minimum performance for these materials. However, they should not span two compartments and should be limited in size to the minimum required to restrict the thermal bridging (the principal insulation layer is not to be regarded as a thermal break). f. Regulation 7(2) only applies to specified attachments. Shop front signs and similar attachments are not covered by the requirements of regulation 7(2), although attention is drawn to paragraph 10.15g. g. While regulation 7(2) applies to materials which become part of an external wall or specified attachment, consideration should be given to other attachments to the wall which could impact on the risk of fire spread over the wall.",,
11.1,11.1,unchanged,1.0,exact_number+difflib,"The following assumptions enable a reasonable standard of resistance to the spread of fire to be specified. a. The size of a fire depends on the compartmentation within the building. A fire may involve a complete compartment, but will not spread to other compartments. b. The intensity of a fire is related to the building use, but can be moderated by a sprinkler system. c. Fires in ‘residential’ and ‘assembly and recreation’ buildings (purpose groups 1, 2 and 5) represent a greater risk to life. d. A building on the far side of the relevant boundary meets both of the following conditions. i. Has a similar elevation to the one in question. ii. Is the same distance as the one in question from the common boundary. e. The radiated heat passing through any part of the fire resisting external wall may be discounted.","The following assumptions enable a reasonable standard of resistance to the spread of fire to be specified. a. The size of a fire depends on the compartmentation within the building. A fire may involve a complete compartment, but will not spread to other compartments. b. The intensity of a fire is related to the building use, but can be moderated by a sprinkler system. c. Fires in ‘residential’ and ‘assembly and recreation’ buildings (purpose groups 1, 2 and 5) represent a greater risk to life. d. A building on the far side of the relevant boundary meets both of the following conditions. i. Has a similar elevation to the one in question. ii. Is the same distance as the one in question from the common boundary. e. The radiated heat passing through any part of the fire resisting external wall may be discounted.",,
11.2,11.2,unchanged,1.0,exact_number+difflib,"Where regulation 7(2) applies, that regulation prevails over the provisions within this section.","Where regulation 7(2) applies, that regulation prevails over the provisions within this section.",,
11.3,11.3,unchanged,1.0,exact_number+difflib,"If a reduced separation distance between buildings, or increased amount of unprotected area, is required, smaller compartments should be considered.","If a reduced separation distance between buildings, or increased amount of unprotected area, is required, smaller compartments should be considered.",,
11.4,11.4,unchanged,1.0,exact_number+difflib,The fire resistance of a wall depends on its distance from the relevant boundary (see Diagram 11.1). Separation distances are measured to boundaries to ensure that the location and design of buildings on adjoining sites have no influence on the building under consideration.,The fire resistance of a wall depends on its distance from the relevant boundary (see Diagram 11.1). Separation distances are measured to boundaries to ensure that the location and design of buildings on adjoining sites have no influence on the building under consideration.,unchanged,
11.5,11.5,modified,0.999,exact_number+difflib,"The boundary that a wall faces is the relevant boundary (Diagram 11.2). It may be one of the following. a. The site boundary. b. The centre line of a space where further development is unlikely, such as a road, railway, canal or river. c. An assumed notional boundary between two buildings on the same site (Diagram 11.3) where either of the following conditions is met. i. One or both of the buildings are in the ‘residential’ or ‘assembly and recreation’ purpose groups (purpose group 1 or 5). ii. The buildings will be operated/managed by different organisations. Wall on or very close to the Wall not on, or not very close Wall sufficiently distant from relevant boundary: very limited to, but not sufficiently far from relevant boundary to be a amounts of unprotected area relevant boundary that it can be a 100% unprotected area NOTES: This boundary is at less than 80 degrees to side C and is therefore This diagram sets out the rules boundary for it to be boundary. For a boundary to be relevant it should comply with one of the following: This boundary coincides is parallel to a. Coincide with the side of with and is therefore A Building B and therefore the building (A). relevant to side A 1 relevant to b. Be parallel to the side of the side B building (Bor B). B 2 1 c. Be at an an1 g le o2 f maximum The boundary is of the building (C). may be the centre line of a NOTES: The notional boundary should be set in the area between the two buildings using the following rules: 1. The notional boundary is assumed to exist in the space between the buildings and is positioned so that one of the buildings would comply with the provisions for space separation having regard to the amount of its unprotected area. In practice, if one of the buildings is existing, the position of the boundary will be set by the space separation factors for that building. 2. The siting of the new building, or the second building if both are new, can then be checked to see that it also complies, using the notional boundary as the relevant boundary for the second building.","The boundary that a wall faces is the relevant boundary (Diagram 11.2). It may be one of the following. a. The site boundary. b. The centre line of a space where further development is unlikely, such as a road, railway, canal or river. c. An assumed notional boundary between two buildings on the same site (Diagram 11.3) where either of the following conditions is met. i. One or both of the buildings are in the ‘residential’ or ‘assembly and recreation’ purpose groups (purpose group 1, 2 or 5). ii. The buildings will be operated/managed by different organisations. Wall on or very close to the Wall not on, or not very close Wall sufficiently distant from relevant boundary: very limited to, but not sufficiently far from relevant boundary to be a amounts of unprotected area relevant boundary that it can be a 100% unprotected area NOTES: This boundary is at less than 80 degrees to side C and is therefore This diagram sets out the rules boundary for it to be boundary. For a boundary to be relevant it should comply with one of the following: This boundary coincides is parallel to a. Coincide with the side of with and is therefore A Building B and therefore the building (A). relevant to side A 1 relevant to b. Be parallel to the side of the side B building (Bor B). B 2 1 c. Be at an an1 g le o2 f maximum The boundary is of the building (C). may be the centre line of a NOTES: The notional boundary should be set in the area between the two buildings using the following rules: 1. The notional boundary is assumed to exist in the space between the buildings and is positioned so that one of the buildings would comply with the provisions for space separation having regard to the amount of its unprotected area. In practice, if one of the buildings is existing, the position of the boundary will be set by the space separation factors for that building. 2. The siting of the new building, or the second building if both are new, can then be checked to see that it also complies, using the notional boundary as the relevant boundary for the second building.",modified,
11.6,11.6,unchanged,1.0,exact_number+difflib,"Parts of an external wall with less fire resistance than the appropriate amount given in Appendix B, Table B4, are called unprotected areas.","Parts of an external wall with less fire resistance than the appropriate amount given in Appendix B, Table B4, are called unprotected areas.",,
11.7,11.7,unchanged,1.0,exact_number+difflib,"Where a fire resisting external wall has a surface material that is worse than class B-s3, d2 and is more than 1mm thick, that part of the wall should be classified as an unprotected area equating to half its area (Diagram 11.4).","Where a fire resisting external wall has a surface material that is worse than class B-s3, d2 and is more than 1mm thick, that part of the wall should be classified as an unprotected area equating to half its area (Diagram 11.4).",,
11.8,11.8,unchanged,1.0,exact_number+difflib,"Unprotected areas should meet the conditions in Diagram 11.5, and the rest of the wall should be fire resisting from both sides. External surface materials facing the boundary should be class B-s3, d2 or better.","Unprotected areas should meet the conditions in Diagram 11.5, and the rest of the wall should be fire resisting from both sides. External surface materials facing the boundary should be class B-s3, d2 or better.",,
11.9,11.9,unchanged,1.0,exact_number+difflib,"Unprotected areas should not exceed the result given by one of the methods in paragraph 11.16, and the rest of the wall (if any) should be fire resisting but only from the inside of the building.","Unprotected areas should not exceed the result given by one of the methods in paragraph 11.16, and the rest of the wall (if any) should be fire resisting but only from the inside of the building.",,
11.10,11.10,unchanged,1.0,exact_number+difflib,Exclude external walls of protected stairways when assessing unprotected areas (see Diagram 3.10).,Exclude external walls of protected stairways when assessing unprotected areas (see Diagram 3.10).,,
11.11,11.11,unchanged,1.0,exact_number+difflib,"In an otherwise protected wall, small unprotected areas may be ignored where they meet the conditions in Diagram 11.5. 70 degrees may be b may be disregarded more than 1m2 which may consist of a 4000mm minimum distance","In an otherwise protected wall, small unprotected areas may be ignored where they meet the conditions in Diagram 11.5. 70 degrees may be b may be disregarded more than 1m2 which may consist of a 4000mm minimum distance",unchanged,
11.12,11.12,unchanged,1.0,exact_number+difflib,"Where both of the following apply, separation distances may be determined from the wall rather than from the edge of the canopy (Diagram 11.6). a. The canopy is attached to the side of a building. b. The edges of the canopy are a minimum of 2m from the relevant boundary. Canopies that fall within class 6 or class 7 of Schedule 2 to the regulations (Exempt Buildings and Work) are exempt from the Building Regulations.","Where both of the following apply, separation distances may be determined from the wall rather than from the edge of the canopy (Diagram 11.6). a. The canopy is attached to the side of a building. b. The edges of the canopy are a minimum of 2m from the relevant boundary. Canopies that fall within class 6 or class 7 of Schedule 2 to the regulations (Exempt Buildings and Work) are exempt from the Building Regulations.",,
11.13,11.13,unchanged,1.0,exact_number+difflib,"Space separation may be disregarded if a canopy is all of the following. a. Free-standing. b. Above a limited risk or controlled hazard. c. A minimum of 1000mm from the relevant boundary. 2m min. Canopy 2m min. NOTE: Projections from the building line, such as a canopy or a loading platform, can be ignored when assessing separation distance. This does not apply where the canopy is enclosed by side walls.","Space separation may be disregarded if a canopy is all of the following. a. Free-standing. b. Above a limited risk or controlled hazard. c. A minimum of 1000mm from the relevant boundary. 2m min. Canopy 2m min. NOTE: Projections from the building line, such as a canopy or a loading platform, can be ignored when assessing separation distance. This does not apply where the canopy is enclosed by side walls.",,
11.14,11.14,unchanged,1.0,exact_number+difflib,"Roofs with a pitch of more than 70 degrees to the horizontal should be assessed in accordance with this section. Vertical parts of a pitched roof, such as dormer windows, should be included only if the slope of the roof exceeds 70 degrees. It is a matter of judgement whether a continuous run of dormer windows that occupies most of a steeply pitched roof should be treated as a wall rather than a roof.","Roofs with a pitch of more than 70 degrees to the horizontal should be assessed in accordance with this section. Vertical parts of a pitched roof, such as dormer windows, should be included only if the slope of the roof exceeds 70 degrees. It is a matter of judgement whether a continuous run of dormer windows that occupies most of a steeply pitched roof should be treated as a wall rather than a roof.",,
11.15,11.15,unchanged,1.0,exact_number+difflib,"Portal frames are often used in single storey industrial and commercial buildings where there may be no need for fire resistance of the structure (requirement B3). However, where a portal framed building is near a relevant boundary, the external wall near the boundary may need fire resistance to restrict the spread of fire between buildings. It is generally accepted that a portal frame acts as a single structural element because of the moment-resisting connections used, especially at the column/rafter joints. Thus, in cases where the external wall of the building cannot be wholly unprotected, the rafter members of the frame, as well as the column members, may need to be fire protected. The design method for this is set out in SCI Publication P313. NOTE: The recommendations in the SCI publication for designing the foundation to resist overturning do not need to be followed if the building is fitted with a sprinkler system in accordance with Appendix E. NOTE: Normally, portal frames of reinforced concrete can support external walls requiring a similar degree of fire resistance without specific provision at the base to resist overturning. NOTE: Existing buildings may have been designed to comply with all of the following guidance, which is also acceptable. a. The column members are fixed rigidly to a base of sufficient size and depth to resist overturning. b. There is brick, block or concrete protection to the columns up to a protected ring beam providing lateral support. c. There is some form of roof venting to give early heat release. (The roof venting could be, for example, PVC rooflights covering some 10% of the floor area and evenly spaced over the floor","Portal frames are often used in single storey industrial and commercial buildings where there may be no need for fire resistance of the structure (requirement B3). However, where a portal framed building is near a relevant boundary, the external wall near the boundary may need fire resistance to restrict the spread of fire between buildings. It is generally accepted that a portal frame acts as a single structural element because of the moment-resisting connections used, especially at the column/rafter joints. Thus, in cases where the external wall of the building cannot be wholly unprotected, the rafter members of the frame, as well as the column members, may need to be fire protected. The design method for this is set out in SCI Publication P313. NOTE: The recommendations in the SCI publication for designing the foundation to resist overturning do not need to be followed if the building is fitted with a sprinkler system in accordance with Appendix E. NOTE: Normally, portal frames of reinforced concrete can support external walls requiring a similar degree of fire resistance without specific provision at the base to resist overturning. NOTE: Existing buildings may have been designed to comply with all of the following guidance, which is also acceptable. a. The column members are fixed rigidly to a base of sufficient size and depth to resist overturning. b. There is brick, block or concrete protection to the columns up to a protected ring beam providing lateral support. c. There is some form of roof venting to give early heat release. (The roof venting could be, for example, PVC rooflights covering some 10% of the floor area and evenly spaced over the floor",,
11.16,11.16,unchanged,1.0,exact_number+difflib,Two simple methods are given for calculating the acceptable amount of unprotected area in an external wall that is a minimum of 1000mm from any point on the relevant boundary. More precise methods are described in BRE report BR 187 and may be used instead.,Two simple methods are given for calculating the acceptable amount of unprotected area in an external wall that is a minimum of 1000mm from any point on the relevant boundary. More precise methods are described in BRE report BR 187 and may be used instead.,,
11.17,11.17,unchanged,1.0,exact_number+difflib,This method applies to small buildings intended to be used for blocks of flats or dwellinghouses.,This method applies to small buildings intended to be used for blocks of flats or dwellinghouses.,,
11.18,11.18,unchanged,1.0,exact_number+difflib,The building should not exceed three storeys in height (excluding basements) or 24m in length. Each side of the building should meet the limits stated in Diagram 11.7. Any small unprotected areas falling within the limits shown in Diagram 11.5 can be ignored. 24m max.,The building should not exceed three storeys in height (excluding basements) or 24m in length. Each side of the building should meet the limits stated in Diagram 11.7. Any small unprotected areas falling within the limits shown in Diagram 11.5 can be ignored. 24m max.,,
11.19,11.19,unchanged,1.0,exact_number+difflib,This method may be used for buildings or compartments for which method 1 is not appropriate.,This method may be used for buildings or compartments for which method 1 is not appropriate.,,
11.20,11.20,unchanged,1.0,exact_number+difflib,"The building should not exceed 10m in height. Each side of the building should meet the limits stated in Table 11.1. Any areas falling within the limits shown in Diagram 11.5 can be ignored. Minimum distance between side of building and Maximum total percentage of unprotected area (%)(1) 2.5 20 7.5 60 12.5 100 NOTES: Intermediate values may be obtained by interpolation. 1. The total percentage of unprotected area is found by dividing the total unprotected area by the area of a rectangle that encloses all the unprotected areas, and multiplying the result by 100.","The building should not exceed 10m in height. Each side of the building should meet the limits stated in Table 11.1. Any areas falling within the limits shown in Diagram 11.5 can be ignored. Minimum distance between side of building and Maximum total percentage of unprotected area (%)(1) 2.5 20 7.5 60 12.5 100 NOTES: Intermediate values may be obtained by interpolation. 1. The total percentage of unprotected area is found by dividing the total unprotected area by the area of a rectangle that encloses all the unprotected areas, and multiplying the result by 100.",,
11.21,11.21,unchanged,1.0,exact_number+difflib,"If a building is fitted throughout with a sprinkler system in accordance with Appendix E, either of the following is permitted. a. The boundary distance can be halved, to a minimum distance of 1m. b. The amount of unprotected area can be doubled.","If a building is fitted throughout with a sprinkler system in accordance with Appendix E, either of the following is permitted. a. The boundary distance can be halved, to a minimum distance of 1m. b. The amount of unprotected area can be doubled.",,
12.1,12.1,unchanged,1.0,exact_number+difflib,"‘Roof covering’ describes one or more layers of material, but not the roof structure as a whole.","‘Roof covering’ describes one or more layers of material, but not the roof structure as a whole.",modified,
12.2,12.2,unchanged,1.0,exact_number+difflib,Provisions for the fire properties of roofs are given in other parts of this document. a. Requirement B1 – for roofs that are part of a means of escape. b. Requirement B2 – for the internal surfaces of rooflights as part of internal linings. c. Requirement B3 – for roofs that are used as a floor and for roofs passing over a compartment wall. d. Section 11 – the circumstances in which a roof is subject to the provisions for space separation.,Provisions for the fire properties of roofs are given in other parts of this document. a. Requirement B1 – for roofs that are part of a means of escape. b. Requirement B2 – for the internal surfaces of rooflights as part of internal linings. c. Requirement B3 – for roofs that are used as a floor and for roofs passing over a compartment wall. d. Section 11 – the circumstances in which a roof is subject to the provisions for space separation.,unchanged,
12.3,12.3,unchanged,1.0,exact_number+difflib,"Separation distance is the minimum distance from the roof, or part of the roof, to the relevant boundary (paragraph 11.4). Table 12.1 sets out separation distances by the type of roof covering and the size and use of the building. In addition, roof covering products (and/or materials) defined in Commission Decision 2000/553/ EC of 6 September 2000, implementing Council Directive 89/106/EEC, can be considered to fulfil all of the requirements for the performance characteristic ‘external fire performance’ without the need for testing, provided that any national provisions on the design and execution of works are fulfilled, and can be used without restriction.","Separation distance is the minimum distance from the roof, or part of the roof, to the relevant boundary (paragraph 11.4). Table 12.1 sets out separation distances by the type of roof covering and the size and use of the building. In addition, roof covering products (and/or materials) defined in Commission Decision 2000/553/ EC of 6 September 2000, implementing Council Directive 89/106/EEC, can be considered to fulfil all of the requirements for the performance characteristic ‘external fire performance’ without the need for testing, provided that any national provisions on the design and execution of works are fulfilled, and can be used without restriction.",,
12.4,12.4,unchanged,1.0,exact_number+difflib,The performance of rooflights is specified in a similar way to the performance of roof coverings. Plastic rooflights may also be used.,The performance of rooflights is specified in a similar way to the performance of roof coverings. Plastic rooflights may also be used.,,
12.5,12.5,unchanged,1.0,exact_number+difflib,"Table 12.2 and Diagram 12.1 set the limitations for using plastic rooflights whose lower surface has a minimum class D-s3, d2 rating.","Table 12.2 and Diagram 12.1 set the limitations for using plastic rooflights whose lower surface has a minimum class D-s3, d2 rating.",,
12.6,12.6,unchanged,1.0,exact_number+difflib,Table 12.3 sets the limitations for using thermoplastic materials with a TP(a) rigid or TP(b) (see also,Table 12.3 sets the limitations for using thermoplastic materials with a TP(a) rigid or TP(b) (see also,unchanged,
12.7,12.7,unchanged,1.0,exact_number+difflib,"Other than for the purposes of Diagram 5.2, polycarbonate or uPVC rooflights achieving a minimum rating of class C-s3, d2 can be regarded as having a B (t4) classification.","Other than for the purposes of Diagram 5.2, polycarbonate or uPVC rooflights achieving a minimum rating of class C-s3, d2 can be regarded as having a B (t4) classification.",,
12.8,12.8,unchanged,1.0,exact_number+difflib,"When used in rooflights, unwired glass a minimum of 4mm thick can be regarded as having a B (t4) classification.","When used in rooflights, unwired glass a minimum of 4mm thick can be regarded as having a B (t4) classification.",,
12.9,12.9,modified,1.0,exact_number+difflib,"If the performance of thatch or wood shingles cannot be established, they should be regarded as having an E (t4) classification in Table 12.1. NOTE: Consideration can be given to thatched roofs being closer to the relevant boundary than shown in Table 12.1 if, for example, all of the following precautions (based on the LABC publication Thatched Buildings (the Dorset Model): New Properties and Extensions) are incorporated in the design. a. The rafters are overdrawn with construction having not less than 30 minutes’ fire resistance. b. The guidance given in Approved Document J is followed. c. The smoke alarm installation (see Section 1) extends to the roof spaces. NOTES: 1. There are restrictions on the use of plastic rooflights in the guidance to requirement B2 in Section 4. 2. Surrounding roof covering to be a material of class A2-s3, d3 or better for at least 3m distance. 3. Where Diagram 5.2a or 5.2b applies, rooflights should be at least 1500mm from the compartment wall. l Acceptable. Not acceptable. NOTES: Separation distances do not apply to the boundary between roofs of a pair of semi-detached dwellinghouses and to enclosed/covered walkways. However, see Diagram 5.2 if the roof passes over the top of a compartment wall. Polycarbonate and uPVC rooflights that achieve a class C-s3, d2 rating by test may be regarded as having a B (t4) designation. 1. The designation of external roof surfaces is explained in Appendix B. 2. Not acceptable on any of the following buildings. a. Dwellinghouses in terraces of three or more dwellinghouses. b. Any other buildings with a cubic capacity of more than 1500m3. 3. Acceptable on buildings not listed in (1) if both of the following apply. a. Part of the roof has a maximum area of 3m2 and is a minimum of 1500mm from any similar part. b. T he roof between the parts is covered with a material rated class A2-s3, d2 or better. Minimum Space that rooflight can serve Minimum distance from any point on relevant on lower surface(1) designation(2) of: NOTES: None of the above designations are suitable for protected stairways. Polycarbonate and uPVC rooflights that achieve a class C-s3, d2 rating by test (see paragraph 12.7) may be regarded as having a B (t4) classification. Where Diagram 5.2a or 5.2b applies, rooflights should be a minimum of 1500mm from the compartment wall. If double-skinned or laminate products have upper and lower surfaces of different materials, the greater distance applies. 1. See also the guidance to requirement B2 in Section 4. 2. The designation of external roof surfaces is explained in Appendix B. 3. Single-skinned rooflight only, in the case of non-thermoplastic material. 4. The rooflight should also meet the provisions of Diagram 12.1. Minimum Space that rooflight can serve Minimum distance from any point on relevant on lower surface(1) designation(1) of: NOTES: None of the above designations are suitable for protected stairways. Polycarbonate and uPVC rooflights that achieve a class C-s3, d2 rating by test (paragraph 12.7) may be regarded as having a B (t4) classification. Where Diagram 5.2a or 5.2b applies, rooflights should be a minimum of 1500mm from the compartment wall. If double-skinned or laminate products have upper and lower surfaces of different materials, the greater distance applies. 1. See also the guidance to requirement B2 in section 4. 2. No limit in the case of any space described in 2a, b and c. 3. Single-skinned rooflight only, in the case of non-thermoplastic material. 4. The rooflight should also meet the provisions of diagram 12.1.","If the performance of thatch or wood shingles cannot be established, they should be regarded as having an E (t4) classification in Table 12.1. NOTE: Consideration can be given to thatched roofs being closer to the relevant boundary than shown in Table 12.1 if, for example, all of the following precautions (based on the LABC publication Thatched Buildings (the Dorset Model): New Properties and Extensions) are incorporated in the design. a. The rafters are overdrawn with construction having not less than 30 minutes’ fire resistance. b. The guidance given in Approved Document J is followed. c. The smoke alarm installation (see Section 1) extends to the roof spaces. NOTES: 1. There are restrictions on the use of plastic rooflights in the guidance to requirement B2 in Section 4. 2. Surrounding roof covering to be a material of class A2-s3, d3 or better for at least 3m distance. 3. Where Diagram 5.2a or 5.2b applies, rooflights should be at least 1500mm from the compartment wall. l Acceptable. l Not acceptable. NOTES: Separation distances do not apply to the boundary between roofs of a pair of semi-detached dwellinghouses and to enclosed/covered walkways. However, see Diagram 5.2 if the roof passes over the top of a compartment wall. Polycarbonate and uPVC rooflights that achieve a class C-s3, d2 rating by test may be regarded as having a B (t4) designation. 1. The designation of external roof surfaces is explained in Appendix B. 2. Not acceptable on any of the following buildings. a. Dwellinghouses in terraces of three or more dwellinghouses. b. Any other buildings with a cubic capacity of more than 1500m3. 3. Acceptable on buildings not listed in (1) if both of the following apply. a. Part of the roof has a maximum area of 3m2 and is a minimum of 1500mm from any similar part. b. T he roof between the parts is covered with a material rated class A2-s3, d2 or better. Minimum Space that rooflight can serve Minimum distance from any point on relevant on lower surface(1) designation(2) of: NOTES: None of the above designations are suitable for protected stairways. Polycarbonate and uPVC rooflights that achieve a class C-s3, d2 rating by test (see paragraph 12.7) may be regarded as having a B (t4) classification. Where Diagram 5.2a or 5.2b applies, rooflights should be a minimum of 1500mm from the compartment wall. If double-skinned or laminate products have upper and lower surfaces of different materials, the greater distance applies. 1. See also the guidance to requirement B2 in Section 4. 2. The designation of external roof surfaces is explained in Appendix B. 3. Single-skinned rooflight only, in the case of non-thermoplastic material. 4. The rooflight should also meet the provisions of Diagram 12.1. Minimum Space that rooflight can serve Minimum distance from any point on relevant on lower surface(1) designation(1) of: NOTES: None of the above designations are suitable for protected stairways. Polycarbonate and uPVC rooflights that achieve a class C-s3, d2 rating by test (paragraph 12.7) may be regarded as having a B (t4) classification. Where Diagram 5.2a or 5.2b applies, rooflights should be a minimum of 1500mm from the compartment wall. If double-skinned or laminate products have upper and lower surfaces of different materials, the greater distance applies. 1. See also the guidance to requirement B2 in section 4. 2. No limit in the case of any space described in 2a, b and c. 3. Single-skinned rooflight only, in the case of non-thermoplastic material. 4. The rooflight should also meet the provisions of diagram 12.1.",,
13.1,13.1,unchanged,1.0,exact_number+difflib,"For dwellinghouses, access for a pumping appliance should be provided to within 45m of all points inside the dwellinghouse.","For dwellinghouses, access for a pumping appliance should be provided to within 45m of all points inside the dwellinghouse.",,
13.2,13.2,unchanged,1.0,exact_number+difflib,"For flats, either of the following provisions should be made. a. Provide access for a pumping appliance to within 45m of all points inside each flat of a block, measured along the route of the hose. b. Provide fire mains in accordance with paragraphs 13.5 and 13.6.","For flats, either of the following provisions should be made. a. Provide access for a pumping appliance to within 45m of all points inside each flat of a block, measured along the route of the hose. b. Provide fire mains in accordance with paragraphs 13.5 and 13.6.",unchanged,
13.3,13.3,unchanged,1.0,exact_number+difflib,Access routes and hardstandings should comply with the guidance in Table 13.1.,Access routes and hardstandings should comply with the guidance in Table 13.1.,,
13.4,13.4,unchanged,1.0,exact_number+difflib,"Dead-end access routes longer than 20m require turning facilities, as in Diagram 13.1. Turning facilities should comply with the guidance in Table 13.1. Fire and rescue service vehicles should not have to reverse more than 20m from the end of an access road. vehicle can turn 20m max. NOTES: 1. F ire appliances are not standardised. The building control body may, in consultation with the local fire and rescue service, use other dimensions. 2. T he roadbase can be designed to 12.5 tonne capacity. Structures such as bridges should have the full 17-tonne capacity. The weight of high reach appliances is distributed over a number of axles, so infrequent use of a route designed to accommodate 12.5 tonnes should not cause damage.","Dead-end access routes longer than 20m require turning facilities, as in Diagram 13.1. Turning facilities should comply with the guidance in Table 13.1. Fire and rescue service vehicles should not have to reverse more than 20m from the end of an access road. vehicle can turn 20m max. NOTES: 1. F ire appliances are not standardised. The building control body may, in consultation with the local fire and rescue service, use other dimensions. 2. T he roadbase can be designed to 12.5 tonne capacity. Structures such as bridges should have the full 17-tonne capacity. The weight of high reach appliances is distributed over a number of axles, so infrequent use of a route designed to accommodate 12.5 tonnes should not cause damage.",,
13.5,13.5,unchanged,1.0,exact_number+difflib,"For buildings fitted with dry fire mains, both of the following apply. a. Access should be provided for a pumping appliance to within 18m of each fire main inlet connection point. Inlets should be on the face of the building. b. The fire main inlet connection point should be visible from the parking position of the appliance, and satisfy paragraph 14.10.","For buildings fitted with dry fire mains, both of the following apply. a. Access should be provided for a pumping appliance to within 18m of each fire main inlet connection point. Inlets should be on the face of the building. b. The fire main inlet connection point should be visible from the parking position of the appliance, and satisfy paragraph 14.10.",,
13.6,13.6,unchanged,1.0,exact_number+difflib,"For buildings fitted with wet fire mains, access for a pumping appliance should comply with both of the following. a. Within 18m, and within sight, of an entrance giving access to the fire main. b. Within sight of the inlet to replenish the suction tank for the fire main in an emergency.","For buildings fitted with wet fire mains, access for a pumping appliance should comply with both of the following. a. Within 18m, and within sight, of an entrance giving access to the fire main. b. Within sight of the inlet to replenish the suction tank for the fire main in an emergency.",,
14.1,14.1,unchanged,1.0,exact_number+difflib,"Fire mains are installed for the fire and rescue service to connect hoses for water. They may be either of the following. a. The ‘dry’ type, which are both of the following. i. Normally kept empty. ii. Supplied through a hose from a fire and rescue service pumping appliance. b. The ‘wet’ type, which are both of the following. i. Kept full of water. ii. Supplied by pumps from tanks in the building. There should be a facility to replenish a wet system from a pumping appliance in an emergency.","Fire mains are installed for the fire and rescue service to connect hoses for water. They may be either of the following. a. The ‘dry’ type, which are both of the following. i. Normally kept empty. ii. Supplied through a hose from a fire and rescue service pumping appliance. b. The ‘wet’ type, which are both of the following. i. Kept full of water. ii. Supplied by pumps from tanks in the building. There should be a facility to replenish a wet system from a pumping appliance in an emergency.",,
14.2,14.2,unchanged,1.0,exact_number+difflib,"Buildings with firefighting shafts should have fire mains provided in both of the following. a. The firefighting stairs. b. Where necessary, in protected stairways. The criteria for providing firefighting shafts and fire mains are given in Section 15.","Buildings with firefighting shafts should have fire mains provided in both of the following. a. The firefighting stairs. b. Where necessary, in protected stairways. The criteria for providing firefighting shafts and fire mains are given in Section 15.",,
14.3,14.3,unchanged,1.0,exact_number+difflib,"Buildings without firefighting shafts should be provided with fire mains where fire service vehicle access is not provided in accordance with paragraph 13.2(a). In these cases, the fire mains should be located within the protected stairway enclosure, with a maximum hose distance of 45m from the fire main outlet to the furthest point inside each flat, measured on a route suitable for laying a hose.","Buildings without firefighting shafts should be provided with fire mains where fire service vehicle access is not provided in accordance with paragraph 13.2(a). In these cases, the fire mains should be located within the protected stairway enclosure, with a maximum hose distance of 45m from the fire main outlet to the furthest point inside each flat, measured on a route suitable for laying a hose.",,
14.4,14.4,unchanged,1.0,exact_number+difflib,The outlets from fire mains should be located within the protected stairway enclosure (see,The outlets from fire mains should be located within the protected stairway enclosure (see,,
14.5,14.5,unchanged,1.0,exact_number+difflib,Guidance on the design and construction of fire mains is given in BS 9990.,Guidance on the design and construction of fire mains is given in BS 9990.,,
14.6,14.6,unchanged,1.0,exact_number+difflib,"Buildings with a storey more than 50m above fire service vehicle access level should be provided with wet fire mains. In all other buildings where fire mains are provided, either wet or dry fire mains are suitable.","Buildings with a storey more than 50m above fire service vehicle access level should be provided with wet fire mains. In all other buildings where fire mains are provided, either wet or dry fire mains are suitable.",,
14.7,14.7,unchanged,1.0,exact_number+difflib,Fire service vehicle access to fire mains should be provided as described in paragraphs 13.5 and 13.6.,Fire service vehicle access to fire mains should be provided as described in paragraphs 13.5 and 13.6.,,
14.8,14.8,unchanged,1.0,exact_number+difflib,A building requires additional fire hydrants if both of the following apply. a. It has a compartment with an area of more than 280m2. b. It is being erected more than 100m from an existing fire hydrant.,A building requires additional fire hydrants if both of the following apply. a. It has a compartment with an area of more than 280m2. b. It is being erected more than 100m from an existing fire hydrant.,,
14.9,14.9,unchanged,1.0,exact_number+difflib,"If additional hydrants are required, these should be provided in accordance with the following. a. For buildings provided with fire mains – within 90m of dry fire main inlets. b. For buildings not provided with fire mains – hydrants should be both of the following. i. Within 90m of an entrance to the building. ii. A maximum of 90m apart.","If additional hydrants are required, these should be provided in accordance with the following. a. For buildings provided with fire mains – within 90m of dry fire main inlets. b. For buildings not provided with fire mains – hydrants should be both of the following. i. Within 90m of an entrance to the building. ii. A maximum of 90m apart.",,
14.10,14.10,unchanged,1.0,exact_number+difflib,"Each fire hydrant should be clearly indicated by a plate, fixed nearby in a conspicuous position, in accordance with BS 3251.","Each fire hydrant should be clearly indicated by a plate, fixed nearby in a conspicuous position, in accordance with BS 3251.",unchanged,
14.11,14.11,unchanged,1.0,exact_number+difflib,Guidance on aspects of the provision and siting of private fire hydrants is given in BS 9990.,Guidance on aspects of the provision and siting of private fire hydrants is given in BS 9990.,,
14.12,14.12,unchanged,1.0,exact_number+difflib,An alternative source of water should be supplied where any of the following apply. a. No piped water supply is available. b. Pressure and flow in the water main are insufficient. c. An alternative source of supply is proposed.,An alternative source of water should be supplied where any of the following apply. a. No piped water supply is available. b. Pressure and flow in the water main are insufficient. c. An alternative source of supply is proposed.,,
14.13,14.13,unchanged,1.0,exact_number+difflib,"The alternative source of water supply should be one of the following, subject to consultation with the local fire and rescue service. a. A charged static water tank with a minimum capacity of 45,000 litres. b. A spring, river, canal or pond that is capable of fulfilling both of the following conditions. i. Providing or storing a minimum of 45,000 litres of water at all times. ii. Providing access, space and a hardstanding for a pumping appliance. c. Any other water supply that the local fire and rescue service considers appropriate.","The alternative source of water supply should be one of the following, subject to consultation with the local fire and rescue service. a. A charged static water tank with a minimum capacity of 45,000 litres. b. A spring, river, canal or pond that is capable of fulfilling both of the following conditions. i. Providing or storing a minimum of 45,000 litres of water at all times. ii. Providing access, space and a hardstanding for a pumping appliance. c. Any other water supply that the local fire and rescue service considers appropriate.",,
15.1,15.1,unchanged,1.0,exact_number+difflib,"In low rise buildings without deep basements, access for firefighting personnel is typically achieved by providing measures for fire service vehicle access in Section 13 and means of escape.","In low rise buildings without deep basements, access for firefighting personnel is typically achieved by providing measures for fire service vehicle access in Section 13 and means of escape.",,
15.2,15.2,unchanged,1.0,exact_number+difflib,"A building with a storey more than 18m above the fire and rescue service vehicle access level should have one or more firefighting shafts, each containing a firefighting lift (Diagram 15.1). The number and location of firefighting shafts should comply with paragraphs 15.4 to 15.7. Firefighting shafts are not required to serve a basement that is not large or deep enough to need one (see paragraph 15.3 and max. NOTES: 1. Outlets from a fire main should be located in the firefighting 3. A firefighting lift is required if the building has a floor more lobby or, in the case of a shaft serving flats, in the firefighting than 18m above, or more than 10m below, fire service vehicle stairway (see Diagram b). access level. 2. Smoke control should be provided in accordance with BS 9999 4. This diagram is only to illustrate the basic components and is or, where the firefighting shaft only serves flats, the provisions not meant to represent the only acceptable layout. The for smoke control given in paragraph 3.49 may be followed firefighting shaft should be constructed generally in instead. accordance with section 6 of BS 9999. 5. For the minimum fire resistance of lift doors see Table C1. Buildings in which firefighting shafts should be provided, showing which storeys need to be served more than 18m above than 10m below fire service vehicle basements each exceeding 900m2 NOTES: firefighting firefighting exclusively of plant rooms. 2. Firefighting shafts should serve all floors through which they pass. a. b. c. d. e. NOTES: 1 . Hose laying distance should be measured from the fire main outlet along the route suitable for laying hose. If this route is not known, the distance should be taken at two-thirds of the direct distance 2 . The fire main outlet should be located according to Section 14.","A building with a storey more than 18m above the fire and rescue service vehicle access level should have one or more firefighting shafts, each containing a firefighting lift (Diagram 15.1). The number and location of firefighting shafts should comply with paragraphs 15.4 to 15.7. Firefighting shafts are not required to serve a basement that is not large or deep enough to need one (see paragraph 15.3 and max. NOTES: 1. Outlets from a fire main should be located in the firefighting 3. A firefighting lift is required if the building has a floor more lobby or, in the case of a shaft serving flats, in the firefighting than 18m above, or more than 10m below, fire service vehicle stairway (see Diagram b). access level. 2. Smoke control should be provided in accordance with BS 9999 4. This diagram is only to illustrate the basic components and is or, where the firefighting shaft only serves flats, the provisions not meant to represent the only acceptable layout. The for smoke control given in paragraph 3.49 may be followed firefighting shaft should be constructed generally in instead. accordance with section 6 of BS 9999. 5. For the minimum fire resistance of lift doors see Table C1. Buildings in which firefighting shafts should be provided, showing which storeys need to be served more than 18m above than 10m below fire service vehicle basements each exceeding 900m2 NOTES: firefighting firefighting exclusively of plant rooms. 2. Firefighting shafts should serve all floors through which they pass. a. b. c. d. e. NOTES: 1 . Hose laying distance should be measured from the fire main outlet along the route suitable for laying hose. If this route is not known, the distance should be taken at two-thirds of the direct distance 2 . The fire main outlet should be located according to Section 14.",,
15.3,15.3,unchanged,1.0,exact_number+difflib,"A building with basement storeys should have firefighting shafts in accordance with the following. a. There is a basement more than 10m below the fire and rescue service vehicle access level. The firefighting shafts should contain firefighting lifts. b. There are two or more basement storeys, each with a minimum area of 900m2. The firefighting shafts do not need to include firefighting lifts. The building’s height and size determine whether firefighting shafts also serve upper storeys.","A building with basement storeys should have firefighting shafts in accordance with the following. a. There is a basement more than 10m below the fire and rescue service vehicle access level. The firefighting shafts should contain firefighting lifts. b. There are two or more basement storeys, each with a minimum area of 900m2. The firefighting shafts do not need to include firefighting lifts. The building’s height and size determine whether firefighting shafts also serve upper storeys.",,
15.4,15.4,unchanged,1.0,exact_number+difflib,Firefighting shafts should serve all storeys through which they pass.,Firefighting shafts should serve all storeys through which they pass.,,
15.5,15.5,unchanged,1.0,exact_number+difflib,A minimum of two firefighting shafts should be provided to buildings with a storey that has both of the following. a. A floor area of 900m2 or more. b. A floor level 18m or more above the fire and rescue service vehicle access level.,A minimum of two firefighting shafts should be provided to buildings with a storey that has both of the following. a. A floor area of 900m2 or more. b. A floor level 18m or more above the fire and rescue service vehicle access level.,,
15.6,15.6,unchanged,1.0,exact_number+difflib,"Firefighting shafts and protected stairways should be positioned such that every part of each storey more than 18m above the fire and rescue service vehicle access level complies with the maximum distances given in paragraph 15.7. Distances should be measured from the fire main outlet on a route suitable for laying a hose. NOTE: If the internal layout is not known, the distance should be measured at two-thirds of the direct distance.","Firefighting shafts and protected stairways should be positioned such that every part of each storey more than 18m above the fire and rescue service vehicle access level complies with the maximum distances given in paragraph 15.7. Distances should be measured from the fire main outlet on a route suitable for laying a hose. NOTE: If the internal layout is not known, the distance should be measured at two-thirds of the direct distance.",,
15.7,15.7,unchanged,1.0,exact_number+difflib,"In any building, the hose laying distance should meet all of the following conditions. a. A maximum of 60m from the fire main outlet in a firefighting shaft (see Diagram 15.3). b. Additionally, where sprinklers have not been provided in accordance with Appendix E, the hose laying distance should be a maximum of 45m from a fire main outlet in a protected stairway (although this does not imply that the protected stairway needs to be designed as a firefighting shaft (see Diagram 15.3)).","In any building, the hose laying distance should meet all of the following conditions. a. A maximum of 60m from the fire main outlet in a firefighting shaft (see Diagram 15.3). b. Additionally, where sprinklers have not been provided in accordance with Appendix E, the hose laying distance should be a maximum of 45m from a fire main outlet in a protected stairway (although this does not imply that the protected stairway needs to be designed as a firefighting shaft (see Diagram 15.3)).",,
15.8,15.8,unchanged,1.0,exact_number+difflib,"Firefighting stairs and firefighting lifts should be approached from either of the following. a. A firefighting lobby. b. A protected corridor or protected lobby that complies with the following guidance. i. Means of escape (Section 3). ii. Compartmentation (Section 7). Both the stair and lobby of the firefighting shaft should be provided with a means of venting smoke and heat (see clause 27.1 of BS 9999). Only services associated with the firefighting shaft, such as ventilation systems and lighting for the firefighting shafts, should pass through or be contained within the firefighting shaft. Doors of a firefighting lift landing should be a maximum of 7.5m from the door to the firefighting stair (Diagram 15.1).","Firefighting stairs and firefighting lifts should be approached from either of the following. a. A firefighting lobby. b. A protected corridor or protected lobby that complies with the following guidance. i. Means of escape (Section 3). ii. Compartmentation (Section 7). Both the stair and lobby of the firefighting shaft should be provided with a means of venting smoke and heat (see clause 27.1 of BS 9999). Only services associated with the firefighting shaft, such as ventilation systems and lighting for the firefighting shafts, should pass through or be contained within the firefighting shaft. Doors of a firefighting lift landing should be a maximum of 7.5m from the door to the firefighting stair (Diagram 15.1).",unchanged,
15.9,15.9,unchanged,1.0,exact_number+difflib,"Firefighting shafts should achieve a minimum fire resistance of REI 120. A minimum of REI 60 is acceptable for either of the following (see Diagram 15.1). a. Constructions separating the firefighting shaft from the rest of the building. b. Constructions separating the firefighting stair, firefighting lift shaft and firefighting lobby.","Firefighting shafts should achieve a minimum fire resistance of REI 120. A minimum of REI 60 is acceptable for either of the following (see Diagram 15.1). a. Constructions separating the firefighting shaft from the rest of the building. b. Constructions separating the firefighting stair, firefighting lift shaft and firefighting lobby.",,
15.10,15.10,unchanged,1.0,exact_number+difflib,All firefighting shafts should have fire mains with outlet connections and valves at every storey.,All firefighting shafts should have fire mains with outlet connections and valves at every storey.,unchanged,
15.11,15.11,unchanged,1.0,exact_number+difflib,A firefighting lift installation includes all of the following. a. Lift car. b. Lift well. c. Lift machinery space. d. Lift control system. e. Lift communications system. The lift shaft should be constructed in accordance with Section 6 of BS 9999. Firefighting lift installations should conform to BS EN 81-72 and BS EN 81-20.,A firefighting lift installation includes all of the following. a. Lift car. b. Lift well. c. Lift machinery space. d. Lift control system. e. Lift communications system. The lift shaft should be constructed in accordance with Section 6 of BS 9999. Firefighting lift installations should conform to BS EN 81-72 and BS EN 81-20.,,
15.12,15.12,unchanged,1.0,exact_number+difflib,The fire and rescue service should be able to manually open and close rolling shutters without the use of a ladder.,The fire and rescue service should be able to manually open and close rolling shutters without the use of a ladder.,unchanged,
16.1,16.1,unchanged,1.0,exact_number+difflib,"Heat and smoke from basement fires vented via stairs can inhibit access for firefighting personnel. This may be reduced by providing smoke outlets, or smoke vents, which allow heat and smoke to escape from the basement levels to the open air. They can also be used by the fire and rescue service to let cooler air into the basements (Diagram 16.1).","Heat and smoke from basement fires vented via stairs can inhibit access for firefighting personnel. This may be reduced by providing smoke outlets, or smoke vents, which allow heat and smoke to escape from the basement levels to the open air. They can also be used by the fire and rescue service to let cooler air into the basements (Diagram 16.1).",,
16.2,16.2,unchanged,1.0,exact_number+difflib,"Each basement space should have one or more smoke outlets. Where this is not practicable (for example, the plan area is deep and the amount of external wall is restricted by adjoining buildings), the perimeter basement spaces may be vented, with other spaces vented indirectly by opening connecting doors. This does not apply for places of special fire hazard (see paragraph 16.7). If a basement is compartmented, each compartment should have one or more smoke outlets, rather than indirect venting. smoke outlets.","Each basement space should have one or more smoke outlets. Where this is not practicable (for example, the plan area is deep and the amount of external wall is restricted by adjoining buildings), the perimeter basement spaces may be vented, with other spaces vented indirectly by opening connecting doors. This does not apply for places of special fire hazard (see paragraph 16.7). If a basement is compartmented, each compartment should have one or more smoke outlets, rather than indirect venting. smoke outlets.",,
16.3,16.3,unchanged,1.0,exact_number+difflib,"Smoke outlets connecting directly to the open air should be provided from every basement storey, except for any basement storey that has both of the following. a. A maximum floor area of 200m2. b. A floor a maximum of 3m below the adjacent ground level.","Smoke outlets connecting directly to the open air should be provided from every basement storey, except for any basement storey that has both of the following. a. A maximum floor area of 200m2. b. A floor a maximum of 3m below the adjacent ground level.",,
16.4,16.4,unchanged,1.0,exact_number+difflib,Strong rooms do not need to be provided with smoke outlets.,Strong rooms do not need to be provided with smoke outlets.,,
16.5,16.5,unchanged,1.0,exact_number+difflib,"Smoke outlets should be both of the following. a. Sited at high level in either the ceiling or wall of the space they serve. b. Evenly distributed around the perimeter, to discharge to the open air.","Smoke outlets should be both of the following. a. Sited at high level in either the ceiling or wall of the space they serve. b. Evenly distributed around the perimeter, to discharge to the open air.",,
16.6,16.6,unchanged,1.0,exact_number+difflib,The combined clear cross-sectional area of all smoke outlets should be a minimum of 1/40 of the area of the floor of the storey they serve.,The combined clear cross-sectional area of all smoke outlets should be a minimum of 1/40 of the area of the floor of the storey they serve.,unchanged,
16.7,16.7,unchanged,1.0,exact_number+difflib,Separate outlets should be provided from places of special fire hazard.,Separate outlets should be provided from places of special fire hazard.,,
16.8,16.8,unchanged,1.0,exact_number+difflib,"If the smoke outlet terminates at a point that is not readily accessible, it should be kept unobstructed and covered only with a class A1 grille or louvre.","If the smoke outlet terminates at a point that is not readily accessible, it should be kept unobstructed and covered only with a class A1 grille or louvre.",,
16.9,16.9,unchanged,1.0,exact_number+difflib,"If the smoke outlet terminates in a readily accessible position, it may be covered by a panel, stallboard or pavement light that can be broken out or opened. The position of covered smoke outlets should be suitably indicated.","If the smoke outlet terminates in a readily accessible position, it may be covered by a panel, stallboard or pavement light that can be broken out or opened. The position of covered smoke outlets should be suitably indicated.",,
16.10,16.10,unchanged,1.0,exact_number+difflib,Outlets should not be placed where they prevent the use of escape routes from the building.,Outlets should not be placed where they prevent the use of escape routes from the building.,unchanged,
16.11,16.11,unchanged,1.0,exact_number+difflib,"If basement storeys are fitted with a sprinkler system in accordance with Appendix E, a mechanical smoke extraction system may be provided as an alternative to natural venting. Sprinklers do not need to be installed on the other storeys unless needed for other reasons. Car parks are not normally expected to be fitted with sprinklers (see Section 11 of Approved Document B Volume 2).","If basement storeys are fitted with a sprinkler system in accordance with Appendix E, a mechanical smoke extraction system may be provided as an alternative to natural venting. Sprinklers do not need to be installed on the other storeys unless needed for other reasons. Car parks are not normally expected to be fitted with sprinklers (see Section 11 of Approved Document B Volume 2).",,
16.12,16.12,unchanged,1.0,exact_number+difflib,The air extraction system should comply with all of the following. a. It should give at least 10 air changes per hour. b. It should be capable of handling gas temperatures of 300°C for not less than one hour. c. It should do either of the following. i. Be activated automatically if the sprinkler system activates. ii. Be activated by an automatic fire detection system that conforms to BS 5839-1 (minimum L3 standard). Further information on equipment for removing hot smoke is given in BS EN 12101-3.,The air extraction system should comply with all of the following. a. It should give at least 10 air changes per hour. b. It should be capable of handling gas temperatures of 300°C for not less than one hour. c. It should do either of the following. i. Be activated automatically if the sprinkler system activates. ii. Be activated by an automatic fire detection system that conforms to BS 5839-1 (minimum L3 standard). Further information on equipment for removing hot smoke is given in BS EN 12101-3.,unchanged,
16.13,16.13,unchanged,1.0,exact_number+difflib,"Outlet ducts or shafts, including any bulkheads over them (see Diagram 16.1), should be enclosed in construction of class A1 rating and fire resistance at least equal to that of the element through which they pass.","Outlet ducts or shafts, including any bulkheads over them (see Diagram 16.1), should be enclosed in construction of class A1 rating and fire resistance at least equal to that of the element through which they pass.",,
16.14,16.14,unchanged,1.0,exact_number+difflib,"Natural smoke outlet shafts should be separated from each other using construction of class A1 rating and fire resistance at least equal to that of the storeys they serve, where the shafts are either of the following. a. From different compartments of the same basement storey. b. From different basement storeys. (b) is carried out in connection with a relevant relation to the work. extension, whichever is the earlier. with the building or extension which will assist safety; (b) a “relevant building” is a building to which the applies, or will apply after the completion of building work; (c) a “relevant change of use” is a material change Order 2005 will apply, or continue to apply, to (d) “responsible person” has the meaning given by Order 2005. The aim of this regulation is to ensure that the person responsible for the building has sufficient information relating to fire safety to enable them to manage the building effectively. The aim of regulation 38 will be achieved when the person responsible for the building has all the information to enable them to do all of the following. a. Understand and implement the fire safety strategy of the building. b. Maintain any fire safety system provided in the building. c. Carry out an effective fire risk assessment of the building.","Natural smoke outlet shafts should be separated from each other using construction of class A1 rating and fire resistance at least equal to that of the storeys they serve, where the shafts are either of the following. a. From different compartments of the same basement storey. b. From different basement storeys. (b) is carried out in connection with a relevant relation to the work. extension, whichever is the earlier. with the building or extension which will assist safety; (b) a “relevant building” is a building to which the applies, or will apply after the completion of building work; (c) a “relevant change of use” is a material change Order 2005 will apply, or continue to apply, to (d) “responsible person” has the meaning given by Order 2005. The aim of this regulation is to ensure that the person responsible for the building has sufficient information relating to fire safety to enable them to manage the building effectively. The aim of regulation 38 will be achieved when the person responsible for the building has all the information to enable them to do all of the following. a. Understand and implement the fire safety strategy of the building. b. Maintain any fire safety system provided in the building. c. Carry out an effective fire risk assessment of the building.",unchanged,
17.1,17.1,unchanged,1.0,exact_number+difflib,"For building work involving the erection or extension of a relevant building (i.e. a building to which the Regulatory Reform (Fire Safety) Order 2005 applies, or will apply), or the relevant change of use of a building, fire safety information should be given to the responsible person at one of the following times. a. When the project is complete. b. When the building or extension is first occupied.","For building work involving the erection or extension of a relevant building (i.e. a building to which the Regulatory Reform (Fire Safety) Order 2005 applies, or will apply), or the relevant change of use of a building, fire safety information should be given to the responsible person at one of the following times. a. When the project is complete. b. When the building or extension is first occupied.",,
17.2,17.2,unchanged,1.0,exact_number+difflib,"This section is a guide to the information that should be provided. Guidance is in terms of essential information and additional information for complex buildings; however, the level of detail required should be considered on a case-by-case basis.","This section is a guide to the information that should be provided. Guidance is in terms of essential information and additional information for complex buildings; however, the level of detail required should be considered on a case-by-case basis.",,
17.3,17.3,unchanged,1.0,exact_number+difflib,"Basic information on the location of fire protection measures may be sufficient. An as-built plan of the building should be provided showing all of the following. a. Escape routes – this should include exit capacity (i.e. the maximum allowable number of people for each storey and for the building). b. Location of fire-separating elements (including cavity barriers in walk-in spaces). c. Fire doorsets, fire doorsets fitted with a self-closing device and other doors equipped with relevant hardware. d. Locations of fire and/or smoke detector heads, alarm call points, detection/alarm control boxes, alarm sounders, fire safety signage, emergency lighting, fire extinguishers, dry or wet fire mains and other firefighting equipment, and hydrants outside the building. e. Any sprinkler systems, including isolating valves and control equipment. f. Any smoke control systems, or ventilation systems with a smoke control function, including mode of operation and control systems. g. Any high risk areas (e.g. heating machinery).","Basic information on the location of fire protection measures may be sufficient. An as-built plan of the building should be provided showing all of the following. a. Escape routes – this should include exit capacity (i.e. the maximum allowable number of people for each storey and for the building). b. Location of fire-separating elements (including cavity barriers in walk-in spaces). c. Fire doorsets, fire doorsets fitted with a self-closing device and other doors equipped with relevant hardware. d. Locations of fire and/or smoke detector heads, alarm call points, detection/alarm control boxes, alarm sounders, fire safety signage, emergency lighting, fire extinguishers, dry or wet fire mains and other firefighting equipment, and hydrants outside the building. e. Any sprinkler systems, including isolating valves and control equipment. f. Any smoke control systems, or ventilation systems with a smoke control function, including mode of operation and control systems. g. Any high risk areas (e.g. heating machinery).",,
17.4,17.4,unchanged,1.0,exact_number+difflib,"Details should be provided of all of the following. a. Specifications of fire safety equipment provided, including routine maintenance schedules. b. Any assumptions regarding the management of the building in the design of the fire safety arrangements. c. Any provision enabling the evacuation of disabled people, which can be used when designing personal emergency evacuation plans.","Details should be provided of all of the following. a. Specifications of fire safety equipment provided, including routine maintenance schedules. b. Any assumptions regarding the management of the building in the design of the fire safety arrangements. c. Any provision enabling the evacuation of disabled people, which can be used when designing personal emergency evacuation plans.",unchanged,
17.5,17.5,unchanged,1.0,exact_number+difflib,A detailed record should be provided of both of the following. a. The fire safety strategy. b. Procedures for operating and maintaining any fire protection measures. This should include an outline cause and effect matrix/strategy for the building. Further guidance is available in clause 9 and Annex H of BS 9999.,A detailed record should be provided of both of the following. a. The fire safety strategy. b. Procedures for operating and maintaining any fire protection measures. This should include an outline cause and effect matrix/strategy for the building. Further guidance is available in clause 9 and Annex H of BS 9999.,,
17.6,17.6,unchanged,1.0,exact_number+difflib,"The records should include details of all of the following. a. The fire safety strategy, including all assumptions in the design of the fire safety systems (such as fire load). Any risk assessments or risk analysis. b. All assumptions in the design of the fire safety arrangements for the management of the building. c. All of the following. i. Escape routes (including occupant load and capacity of escape routes). ii. Any provision to enable the evacuation of disabled people. iii. Escape strategy (e.g. simultaneous or phased). iv. Muster points. d. All passive fire safety measures, including all of the following. i. Compartmentation (i.e. location of fire-separating elements). ii. Cavity barriers. iii. Fire doorsets, including fire doorsets fitted with a self-closing device and other doors equipped with relevant hardware (e.g. electronic security locks). iv. Duct dampers. v. Fire shutters. e. All of the following. i. Fire detector heads. ii. Smoke detector heads. iii. Alarm call points. iv. Detection/alarm control boxes. v. Alarm sounders. vi. Emergency communications systems. vii. CCTV. viii. Fire safety signage. ix. Emergency lighting. x. Fire extinguishers. xi. Dry or wet fire mains and other firefighting equipment. xii. Other interior facilities for the fire and rescue service. xiii. Emergency control rooms. xiv. Location of hydrants outside the building. xv. Other exterior facilities for the fire and rescue service. f. All active fire safety measures, including both of the following. i. Sprinkler system(s) design, including isolating valves and control equipment. ii. Smoke control system(s) (or heating, ventilation and air conditioning system with a smoke control function) design, including mode of operation and control systems. g. Any high risk areas (e.g. heating machinery) and particular hazards. h. Plans of the building as built, showing the locations of the above. i. Both of the following. i. Specifications of any fire safety equipment provided, including all of the following. • Operational details. • Operators’ manuals. • Software. • System zoning. • Routine inspection, testing and maintenance schedules. ii. Records of any acceptance or commissioning tests. j. Any other details appropriate for the specific building.","The records should include details of all of the following. a. The fire safety strategy, including all assumptions in the design of the fire safety systems (such as fire load). Any risk assessments or risk analysis. b. All assumptions in the design of the fire safety arrangements for the management of the building. c. All of the following. i. Escape routes (including occupant load and capacity of escape routes). ii. Any provision to enable the evacuation of disabled people. iii. Escape strategy (e.g. simultaneous or phased). iv. Muster points. d. All passive fire safety measures, including all of the following. i. Compartmentation (i.e. location of fire-separating elements). ii. Cavity barriers. iii. Fire doorsets, including fire doorsets fitted with a self-closing device and other doors equipped with relevant hardware (e.g. electronic security locks). iv. Duct dampers. v. Fire shutters. e. All of the following. i. Fire detector heads. ii. Smoke detector heads. iii. Alarm call points. iv. Detection/alarm control boxes. v. Alarm sounders. vi. Emergency communications systems. vii. CCTV. viii. Fire safety signage. ix. Emergency lighting. x. Fire extinguishers. xi. Dry or wet fire mains and other firefighting equipment. xii. Other interior facilities for the fire and rescue service. xiii. Emergency control rooms. xiv. Location of hydrants outside the building. xv. Other exterior facilities for the fire and rescue service. f. All active fire safety measures, including both of the following. i. Sprinkler system(s) design, including isolating valves and control equipment. ii. Smoke control system(s) (or heating, ventilation and air conditioning system with a smoke control function) design, including mode of operation and control systems. g. Any high risk areas (e.g. heating machinery) and particular hazards. h. Plans of the building as built, showing the locations of the above. i. Both of the following. i. Specifications of any fire safety equipment provided, including all of the following. • Operational details. • Operators’ manuals. • Software. • System zoning. • Routine inspection, testing and maintenance schedules. ii. Records of any acceptance or commissioning tests. j. Any other details appropriate for the specific building.",unchanged,
0.1,0.1,unchanged,1.0,tfidf_cosine (renumbered),"This approved document has been published in two volumes. Volume 1 deals solely with dwellings, including blocks of flats, while Volume 2 deals with all other types of building covered by the Building Regulations.","This approved document has been published in two volumes. Volume 1 deals solely with dwellings, including blocks of flats, while Volume 2 deals with all other types of building covered by the Building Regulations.",,
0.2,0.2,unchanged,1.0,tfidf_cosine (renumbered),Requirements B1–B5 of Schedule 1 to the Building Regulations are dealt with separately in one or more sections. Each requirement is shown at the start of the relevant sections.,Requirements B1–B5 of Schedule 1 to the Building Regulations are dealt with separately in one or more sections. Each requirement is shown at the start of the relevant sections.,,
0.3,0.3,unchanged,1.0,tfidf_cosine (renumbered),The provisions in this document have the following aims.,The provisions in this document have the following aims.,,
,15.13,added,0.0,tfidf_cosine,,"To assist the fire service to identify each floor in a block of flats with a top storey more than 11m above ground level (see Diagram D6), floor identification signs and flat indicator signs should be provided.",added,
,15.14,added,0.0,tfidf_cosine,,"The floor identification signs should meet all of the following conditions. a. The signs should be located on every landing of a protected stairway and every protected corridor/lobby (or open access balcony) into which a firefighting lift opens. b. The text should be in sans serif typeface with a letter height of at least 50mm. The height of the numeral that designates the floor number should be at least 75mm. c. The signs should be visible from the top step of a firefighting stair and, where possible, from inside a firefighting lift when the lift car doors open. d. The signs should be mounted between 1.7m and 2m above floor level and, as far as practicable, all the signs should be mounted at the same height. e. The text should be on a contrasting background, easily legible and readable in low level lighting conditions or when illuminated with a torch.",added,
,15.15,added,0.0,tfidf_cosine,,"The wording used on each floor identification sign should take the form Floor X, with X designating the number of the storey, as intended for reference by residents. The floor number designations should meet all of the following conditions. a. The floor closest to the mean ground level (see Diagram D4) should be designated as either Floor 0 or Ground Floor. b. Each floor above the ground floor should be numbered sequentially beginning with Floor 1. c. A lower ground floor should be designated as either Floor –1 or Lower Ground Floor. d. Each floor below the ground floor should be numbered sequentially beginning with Floor –1 or Basement 1.",added,
,15.16,added,0.0,tfidf_cosine,,"All floor identification signs should be supplemented by flat indicator signs, which provide information relating to the flats accessed on each storey. The flat indicator signs should meet all of the following conditions. a. The signs should be sited immediately below the floor identification signs, such that the top edge of the sign is no more than 50mm below the bottom edge of the floor identification sign. b. The wording should take the form Flats X–Y, with the lowest flat number first. c. The text should be in sans serif typeface with a letter height of at least half that of the floor indicator sign. d. The wording should be supplemented by arrows when flats are in more than one direction. e. The text and arrows should be on a contrasting background, easily legible and readable in low level lighting conditions or when illuminated with a torch. NOTE: In the case of multi-storey flats with two or more entrances, the flat number should only be indicated on the normal access storey.",added,
